GEOID10,CountyCode,CountyName,Total_Population,Low_Acess_Population,Low_Income_Low_Acess,mrfei
26049000100,26049,Genesse,,,,16.66666667
26049000200,26049,Genesse,,,,22.22222222
26049000300,26049,Genesse,,,,30.0
26049000400,26049,Genesse,,,,25.0
26049000500,26049,Genesse,,,,25.0
26049000600,26049,Genesse,,,,14.28571429
26049000700,26049,Genesse,,,,12.5
26049000800,26049,Genesse,,,,13.33333333
26049000900,26049,Genesse,,,,0.0
26049001000,26049,Genesse,3861.0,3861.0,1388.0,0.0
26049001100,26049,Genesse,3419.0,1820.0,619.0,0.0
26049001200,26049,Genesse,,,,0.0
26049001300,26049,Genesse,,,,0.0
26049001400,26049,Genesse,2210.0,2210.0,960.0,0.0
26049001500,26049,Genesse,2515.0,961.0,459.0,0.0
26049001600,26049,Genesse,,,,4.166666667
26049001700,26049,Genesse,,,,15.38461538
26049001800,26049,Genesse,2354.0,1962.0,994.0,0.0
26049001900,26049,Genesse,2513.0,1521.0,487.0,0.0
26049002000,26049,Genesse,2072.0,691.0,294.0,0.0
26049002200,26049,Genesse,,,,8.333333333
26049002300,26049,Genesse,,,,13.33333333
26049002400,26049,Genesse,,,,0.0
26049002600,26049,Genesse,,,,18.75
26049002700,26049,Genesse,,,,5.555555556
26049002800,26049,Genesse,2595.0,2595.0,870.0,6.25
26049002900,26049,Genesse,,,,11.11111111
26049003000,26049,Genesse,,,,0.0
26049003100,26049,Genesse,,,,0.0
26049003200,26049,Genesse,2908.0,2440.0,808.0,0.0
26049003200,26049,Genesse,2980.0,903.0,55.0,
26049003300,26049,Genesse,,,,0.0
26049003400,26049,Genesse,,,,0.0
26049003500,26049,Genesse,,,,0.0
26049003600,26049,Genesse,5123.0,1883.0,139.0,4.761904762
26049003700,26049,Genesse,3240.0,3240.0,616.0,0.0
26049003800,26049,Genesse,2008.0,2008.0,525.0,0.0
26049004000,26049,Genesse,3892.0,1545.0,250.0,10.52631579
26049010110,26049,Genesse,,,,16.66666667
26049010111,26049,Genesse,,,,0.0
26049010112,26049,Genesse,,,,0.0
26049010113,26049,Genesse,2245.0,955.0,95.0,16.66666667
26049010114,26049,Genesse,,,,6.25
26049010115,26049,Genesse,,,,0.0
26049010201,26049,Genesse,,,,0.0
26049010202,26049,Genesse,,,,0.0
26049010304,26049,Genesse,4950.0,1919.0,545.0,20.0
26049010305,26049,Genesse,5617.0,2895.0,689.0,7.692307692
26049010501,26049,Genesse,,,,10.0
26049010502,26049,Genesse,,,,13.33333333
26049010503,26049,Genesse,,,,0.0
26049010504,26049,Genesse,,,,12.5
26049010603,26049,Genesse,,,,11.11111111
26049010604,26049,Genesse,,,,9.090909091
26049010610,26049,Genesse,,,,0.0
26049010700,26049,Genesse,,,,11.11111111
26049010810,26049,Genesse,,,,0.0
26049010811,26049,Genesse,2505.0,2400.0,475.0,0.0
26049010812,26049,Genesse,4645.0,789.0,185.0,0.0
26049010813,26049,Genesse,,,,13.33333333
26049010910,26049,Genesse,,,,12.5
26049010911,26049,Genesse,,,,4.166666667
26049010912,26049,Genesse,,,,7.142857143
26049011010,26049,Genesse,,,,17.64705882
26049011101,26049,Genesse,,,,8.333333333
26049011102,26049,Genesse,,,,0.0
26049011209,26049,Genesse,,,,20.83333333
26049011210,26049,Genesse,,,,22.72727273
26049011211,26049,Genesse,,,,8.333333333
26049011212,26049,Genesse,,,,14.81481481
26049011213,26049,Genesse,,,,25.0
26049011214,26049,Genesse,,,,25.0
26049011301,26049,Genesse,5978.0,806.0,70.0,17.39130435
26049011302,26049,Genesse,3869.0,2235.0,308.0,0.0
26049011401,26049,Genesse,,,,7.142857143
26049011402,26049,Genesse,,,,50.0
26049011502,26049,Genesse,,,,19.04761905
26049011503,26049,Genesse,,,,16.66666667
26049011505,26049,Genesse,,,,8.0
26049011508,26049,Genesse,,,,10.52631579
26049011601,26049,Genesse,,,,0.0
26049011610,26049,Genesse,,,,8.333333333
26049011710,26049,Genesse,,,,0.0
26049011711,26049,Genesse,,,,0.0
26049011712,26049,Genesse,,,,0.0
26049011713,26049,Genesse,,,,6.25
26049011714,26049,Genesse,,,,0.0
26049011800,26049,Genesse,,,,0.0
26049011901,26049,Genesse,,,,0.0
26049011902,26049,Genesse,,,,0.0
26049012003,26049,Genesse,3562.0,1431.0,228.0,0.0
26049012006,26049,Genesse,,,,11.11111111
26049012007,26049,Genesse,,,,0.0
26049012008,26049,Genesse,,,,20.0
26049012009,26049,Genesse,,,,100.0
26049012100,26049,Genesse,,,,0.0
26049012201,26049,Genesse,3446.0,899.0,145.0,9.090909091
26049012202,26049,Genesse,,,,25.0
26049012310,26049,Genesse,,,,18.18181818
26049012311,26049,Genesse,,,,13.33333333
26049012401,26049,Genesse,,,,0.0
26049012402,26049,Genesse,,,,25.0
26049012501,26049,Genesse,,,,0.0
26049012503,26049,Genesse,,,,0.0
26049012504,26049,Genesse,,,,0.0
26049012601,26049,Genesse,,,,14.28571429
26049012602,26049,Genesse,,,,0.0
26049012603,26049,Genesse,,,,14.28571429
26049012702,26049,Genesse,,,,15.38461538
26049012703,26049,Genesse,,,,11.11111111
26049012704,26049,Genesse,,,,0.0
26049012801,26049,Genesse,,,,0.0
26049012802,26049,Genesse,,,,33.33333333
26049012904,26049,Genesse,,,,20.0
26049012905,26049,Genesse,,,,12.5
26049012906,26049,Genesse,,,,0.0
26049012907,26049,Genesse,,,,
26049013001,26049,Genesse,,,,0.0
26049013002,26049,Genesse,,,,0.0
26049013110,26049,Genesse,,,,50.0
26049013111,26049,Genesse,,,,0.0
26049013112,26049,Genesse,,,,37.5
26049013113,26049,Genesse,,,,20.0
26049013202,26049,Genesse,,,,0.0
26049013204,26049,Genesse,,,,6.25
26049013301,26049,Genesse,,,,0.0
26049013401,26049,Genesse,,,,40.0
26049013402,26049,Genesse,,,,20.0
26049013500,26049,Genesse,,,,
26049013600,26049,Genesse,,,,
26049980000,26049,Genesse,,,,
26049980100,26049,Genesse,,,,
26087330000,26087,Lapeer,,,,33.33333333
26087330500,26087,Lapeer,,,,0.0
26087331000,26087,Lapeer,,,,33.33333333
26087331500,26087,Lapeer,,,,0.0
26087332000,26087,Lapeer,,,,20.0
26087332500,26087,Lapeer,,,,33.33333333
26087333000,26087,Lapeer,,,,0.0
26087333500,26087,Lapeer,,,,0.0
26087334000,26087,Lapeer,,,,0.0
26087334500,26087,Lapeer,,,,0.0
26087336000,26087,Lapeer,,,,0.0
26087336500,26087,Lapeer,,,,
26087337000,26087,Lapeer,4547.0,1258.0,69.0,17.64705882
26087337500,26087,Lapeer,,,,20.0
26087338000,26087,Lapeer,,,,20.0
26087338500,26087,Lapeer,,,,
26087339000,26087,Lapeer,,,,15.38461538
26087339500,26087,Lapeer,3869.0,1468.0,113.0,12.5
26087340000,26087,Lapeer,,,,20.0
26087340500,26087,Lapeer,,,,0.0
26087341000,26087,Lapeer,,,,0.0
26087341500,26087,Lapeer,,,,25.0
26087342000,26087,Lapeer,,,,0.0
26087342100,26087,Lapeer,,,,
26091060100,26091,Lenawee,,,,0.0
26091060301,26091,Lenawee,,,,
26091060302,26091,Lenawee,,,,
26091060401,26091,Lenawee,,,,
26091060402,26091,Lenawee,,,,
26091060500,26091,Lenawee,,,,0.0
26091060600,26091,Lenawee,,,,0.0
26091060700,26091,Lenawee,,,,0.0
26091060800,26091,Lenawee,3728.0,2307.0,212.0,0.0
26091061200,26091,Lenawee,,,,0.0
26091061301,26091,Lenawee,5424.0,2766.0,371.0,0.0
26091061302,26091,Lenawee,,,,0.0
26091061400,26091,Lenawee,3916.0,1138.0,60.0,0.0
26091061500,26091,Lenawee,,,,0.0
26091061600,26091,Lenawee,,,,12.0
26091061700,26091,Lenawee,,,,11.53846154
26091061800,26091,Lenawee,,,,0.0
26091061900,26091,Lenawee,,,,0.0
26091062000,26091,Lenawee,,,,0.0
26091062100,26091,Lenawee,,,,
26091062200,26091,Lenawee,,,,
26091062300,26091,Lenawee,,,,
26091062400,26091,Lenawee,,,,
26093710100,26093,Livingston,,,,
26093710300,26093,Livingston,,,,100.0
26093710500,26093,Livingston,,,,
26093710700,26093,Livingston,,,,
26093711000,26093,Livingston,,,,0.0
26093712101,26093,Livingston,,,,
26093712102,26093,Livingston,,,,
26093712601,26093,Livingston,,,,
26093712602,26093,Livingston,,,,
26093713100,26093,Livingston,,,,7.142857143
26093713300,26093,Livingston,,,,8.333333333
26093713500,26093,Livingston,,,,11.11111111
26093713700,26093,Livingston,,,,10.0
26093720100,26093,Livingston,,,,
26093721100,26093,Livingston,,,,
26093722100,26093,Livingston,,,,25.0
26093722300,26093,Livingston,,,,20.0
26093722500,26093,Livingston,,,,0.0
26093724001,26093,Livingston,,,,
26093724002,26093,Livingston,,,,
26093724003,26093,Livingston,,,,
26093725000,26093,Livingston,,,,16.66666667
26093725100,26093,Livingston,,,,11.11111111
26093730101,26093,Livingston,,,,
26093730102,26093,Livingston,,,,
26093730600,26093,Livingston,,,,25.0
26093731100,26093,Livingston,,,,
26093732100,26093,Livingston,,,,0.0
26093733100,26093,Livingston,,,,20.0
26093733601,26093,Livingston,,,,
26093733602,26093,Livingston,,,,
26093740200,26093,Livingston,,,,0.0
26093740300,26093,Livingston,,,,0.0
26093740500,26093,Livingston,,,,0.0
26093740600,26093,Livingston,,,,
26093740700,26093,Livingston,,,,0.0
26093740800,26093,Livingston,,,,10.0
26093740900,26093,Livingston,,,,13.63636364
26093741100,26093,Livingston,,,,4.761904762
26093741601,26093,Livingston,,,,
26093741602,26093,Livingston,,,,
26093742201,26093,Livingston,,,,
26093742202,26093,Livingston,,,,
26093742401,26093,Livingston,,,,
26093742402,26093,Livingston,,,,
26093742500,26093,Livingston,,,,
26093742700,26093,Livingston,,,,50.0
26093742900,26093,Livingston,,,,0.0
26093743300,26093,Livingston,,,,
26093743400,26093,Livingston,,,,
26093743500,26093,Livingston,,,,0.0
26093743600,26093,Livingston,,,,25.0
26093743700,26093,Livingston,,,,
26093743800,26093,Livingston,,,,66.66666667
26093743900,26093,Livingston,,,,33.33333333
26093744200,26093,Livingston,,,,18.75
26093744400,26093,Livingston,,,,17.64705882
26093744600,26093,Livingston,,,,23.07692308
26093744700,26093,Livingston,,,,0.0
26093744800,26093,Livingston,,,,0.0
26093744900,26093,Livingston,,,,16.66666667
26099206700,26099,Macomb,,,,0.0
26099210000,26099,Macomb,,,,0.0
26099211000,26099,Macomb,,,,8.333333333
26099212000,26099,Macomb,,,,60.0
26099214000,26099,Macomb,,,,40.0
26099214500,26099,Macomb,,,,50.0
26099215000,26099,Macomb,,,,33.33333333
26099215200,26099,Macomb,,,,25.0
26099215300,26099,Macomb,,,,11.11111111
26099215500,26099,Macomb,,,,25.0
26099216000,26099,Macomb,,,,50.0
26099217000,26099,Macomb,,,,10.0
26099218000,26099,Macomb,5682.0,5682.0,569.0,18.18181818
26099220001,26099,Macomb,,,,
26099220002,26099,Macomb,,,,
26099221100,26099,Macomb,,,,5.882352941
26099221200,26099,Macomb,,,,0.0
26099221500,26099,Macomb,,,,0.0
26099221800,26099,Macomb,,,,11.11111111
26099222101,26099,Macomb,,,,
26099222102,26099,Macomb,,,,
26099222500,26099,Macomb,,,,20.0
26099222800,26099,Macomb,,,,0.0
26099223400,26099,Macomb,,,,9.090909091
26099223500,26099,Macomb,,,,0.0
26099223800,26099,Macomb,,,,25.0
26099223900,26099,Macomb,,,,6.666666667
26099224000,26099,Macomb,,,,5.555555556
26099224100,26099,Macomb,,,,14.28571429
26099224200,26099,Macomb,,,,12.5
26099224300,26099,Macomb,,,,0.0
26099224400,26099,Macomb,,,,0.0
26099224500,26099,Macomb,,,,18.18181818
26099224600,26099,Macomb,,,,20.0
26099225100,26099,Macomb,,,,21.05263158
26099225200,26099,Macomb,,,,21.05263158
26099225300,26099,Macomb,,,,0.0
26099225400,26099,Macomb,,,,16.66666667
26099225500,26099,Macomb,,,,0.0
26099225600,26099,Macomb,,,,11.11111111
26099225701,26099,Macomb,,,,
26099225702,26099,Macomb,,,,
26099225800,26099,Macomb,,,,3.448275862
26099225900,26099,Macomb,,,,3.846153846
26099226100,26099,Macomb,,,,14.28571429
26099226400,26099,Macomb,,,,5.882352941
26099226700,26099,Macomb,,,,5.0
26099227000,26099,Macomb,,,,0.0
26099227300,26099,Macomb,,,,8.571428571
26099228000,26099,Macomb,,,,4.761904762
26099228100,26099,Macomb,,,,5.0
26099230000,26099,Macomb,,,,6.52173913
26099230200,26099,Macomb,,,,0.0
26099230300,26099,Macomb,,,,7.692307692
26099230400,26099,Macomb,,,,15.38461538
26099230500,26099,Macomb,,,,4.545454545
26099230601,26099,Macomb,,,,
26099230602,26099,Macomb,,,,
26099230700,26099,Macomb,,,,12.5
26099230800,26099,Macomb,,,,10.0
26099230900,26099,Macomb,,,,0.0
26099231000,26099,Macomb,,,,0.0
26099231100,26099,Macomb,,,,12.5
26099231200,26099,Macomb,,,,4.347826087
26099231400,26099,Macomb,,,,6.666666667
26099231500,26099,Macomb,,,,8.695652174
26099231600,26099,Macomb,,,,12.0
26099231700,26099,Macomb,,,,13.63636364
26099231800,26099,Macomb,,,,5.0
26099231900,26099,Macomb,,,,0.0
26099232000,26099,Macomb,,,,0.0
26099232100,26099,Macomb,,,,10.0
26099232200,26099,Macomb,,,,0.0
26099232300,26099,Macomb,,,,9.090909091
26099232400,26099,Macomb,,,,8.695652174
26099232500,26099,Macomb,,,,14.28571429
26099233000,26099,Macomb,,,,7.142857143
26099240000,26099,Macomb,4661.0,3981.0,724.0,7.142857143
26099240300,26099,Macomb,,,,12.0
26099240400,26099,Macomb,,,,18.18181818
26099240500,26099,Macomb,,,,16.66666667
26099240600,26099,Macomb,,,,14.28571429
26099240700,26099,Macomb,,,,0.0
26099240800,26099,Macomb,,,,9.090909091
26099240900,26099,Macomb,,,,9.523809524
26099241000,26099,Macomb,,,,4.761904762
26099241200,26099,Macomb,,,,8.571428571
26099241300,26099,Macomb,,,,10.52631579
26099241400,26099,Macomb,,,,8.333333333
26099241500,26099,Macomb,,,,14.28571429
26099241600,26099,Macomb,,,,7.142857143
26099241700,26099,Macomb,,,,4.0
26099241800,26099,Macomb,,,,0.0
26099241900,26099,Macomb,,,,3.333333333
26099242000,26099,Macomb,,,,11.11111111
26099242100,26099,Macomb,,,,0.0
26099242500,26099,Macomb,,,,15.15151515
26099243000,26099,Macomb,,,,10.0
26099243500,26099,Macomb,,,,0.0
26099244000,26099,Macomb,,,,0.0
26099245000,26099,Macomb,3583.0,3583.0,877.0,0.0
26099245100,26099,Macomb,4182.0,3329.0,427.0,0.0
26099245200,26099,Macomb,,,,0.0
26099245300,26099,Macomb,,,,3.571428571
26099245400,26099,Macomb,1588.0,1588.0,315.0,0.0
26099247100,26099,Macomb,1462.0,1024.0,160.0,11.11111111
26099247200,26099,Macomb,,,,12.5
26099247300,26099,Macomb,,,,0.0
26099247400,26099,Macomb,,,,25.0
26099247500,26099,Macomb,,,,25.0
26099247601,26099,Macomb,,,,
26099247602,26099,Macomb,,,,
26099250000,26099,Macomb,,,,
26099250100,26099,Macomb,,,,0.0
26099250200,26099,Macomb,,,,14.28571429
26099250300,26099,Macomb,,,,12.5
26099250400,26099,Macomb,,,,17.39130435
26099250500,26099,Macomb,,,,15.78947368
26099250600,26099,Macomb,,,,0.0
26099250700,26099,Macomb,,,,16.66666667
26099250800,26099,Macomb,,,,16.66666667
26099250900,26099,Macomb,,,,14.28571429
26099251000,26099,Macomb,,,,15.38461538
26099251100,26099,Macomb,,,,22.22222222
26099251200,26099,Macomb,,,,0.0
26099251300,26099,Macomb,,,,20.0
26099251400,26099,Macomb,,,,0.0
26099251500,26099,Macomb,,,,0.0
26099251600,26099,Macomb,,,,5.555555556
26099251700,26099,Macomb,,,,15.0
26099251800,26099,Macomb,,,,4.166666667
26099251900,26099,Macomb,,,,4.0
26099252000,26099,Macomb,,,,14.28571429
26099252100,26099,Macomb,,,,11.11111111
26099252200,26099,Macomb,,,,20.0
26099254000,26099,Macomb,,,,13.33333333
26099254100,26099,Macomb,,,,22.22222222
26099254200,26099,Macomb,,,,15.38461538
26099254500,26099,Macomb,,,,11.76470588
26099255000,26099,Macomb,,,,13.51351351
26099255100,26099,Macomb,,,,16.66666667
26099255200,26099,Macomb,,,,13.63636364
26099255300,26099,Macomb,,,,0.0
26099255400,26099,Macomb,,,,5.555555556
26099255500,26099,Macomb,,,,0.0
26099255600,26099,Macomb,3280.0,3280.0,334.0,10.0
26099255700,26099,Macomb,1899.0,1187.0,24.0,11.76470588
26099255800,26099,Macomb,,,,20.0
26099255900,26099,Macomb,,,,19.04761905
26099256000,26099,Macomb,,,,0.0
26099256100,26099,Macomb,,,,0.0
26099256200,26099,Macomb,,,,25.0
26099256300,26099,Macomb,,,,22.22222222
26099256400,26099,Macomb,,,,
26099256500,26099,Macomb,,,,0.0
26099256600,26099,Macomb,,,,12.5
26099256700,26099,Macomb,,,,16.66666667
26099256800,26099,Macomb,,,,0.0
26099258000,26099,Macomb,,,,12.5
26099258100,26099,Macomb,,,,0.0
26099258200,26099,Macomb,,,,0.0
26099258300,26099,Macomb,,,,20.0
26099258400,26099,Macomb,,,,5.882352941
26099258500,26099,Macomb,,,,6.25
26099258600,26099,Macomb,,,,4.545454545
26099258700,26099,Macomb,,,,0.0
26099258800,26099,Macomb,,,,0.0
26099258900,26099,Macomb,,,,6.666666667
26099260000,26099,Macomb,,,,12.5
26099260100,26099,Macomb,,,,11.11111111
26099260200,26099,Macomb,,,,15.38461538
26099260300,26099,Macomb,,,,16.66666667
26099260400,26099,Macomb,,,,4.166666667
26099260600,26099,Macomb,,,,0.0
26099260700,26099,Macomb,,,,0.0
26099260800,26099,Macomb,,,,0.0
26099260900,26099,Macomb,,,,9.090909091
26099261000,26099,Macomb,,,,6.666666667
26099261100,26099,Macomb,,,,5.555555556
26099261200,26099,Macomb,,,,10.0
26099261300,26099,Macomb,,,,13.33333333
26099261400,26099,Macomb,,,,8.333333333
26099261500,26099,Macomb,,,,0.0
26099261600,26099,Macomb,,,,0.0
26099261700,26099,Macomb,,,,7.692307692
26099261800,26099,Macomb,,,,15.38461538
26099261900,26099,Macomb,,,,10.52631579
26099262000,26099,Macomb,,,,6.666666667
26099262100,26099,Macomb,,,,5.263157895
26099262200,26099,Macomb,,,,12.5
26099262300,26099,Macomb,,,,9.090909091
26099262400,26099,Macomb,,,,5.263157895
26099262500,26099,Macomb,,,,8.333333333
26099262600,26099,Macomb,,,,11.76470588
26099262700,26099,Macomb,,,,9.090909091
26099262800,26099,Macomb,,,,0.0
26099262900,26099,Macomb,,,,18.18181818
26099263200,26099,Macomb,,,,14.28571429
26099263400,26099,Macomb,,,,10.0
26099263500,26099,Macomb,,,,13.04347826
26099263600,26099,Macomb,,,,16.0
26099263700,26099,Macomb,,,,10.52631579
26099263800,26099,Macomb,,,,18.18181818
26099263900,26099,Macomb,,,,7.692307692
26099264000,26099,Macomb,,,,25.0
26099264200,26099,Macomb,,,,10.0
26099267600,26099,Macomb,,,,0.0
26099268000,26099,Macomb,,,,4.545454545
26099268100,26099,Macomb,,,,7.142857143
26099268200,26099,Macomb,,,,
26099268300,26099,Macomb,,,,
26099268400,26099,Macomb,,,,
26099982000,26099,Macomb,,,,
26099982100,26099,Macomb,,,,
26099982200,26099,Macomb,,,,
26099982300,26099,Macomb,,,,
26115830100,26115,Monroe,,,,20.0
26115830200,26115,Monroe,,,,0.0
26115830300,26115,Monroe,,,,14.28571429
26115830400,26115,Monroe,,,,25.0
26115830500,26115,Monroe,,,,0.0
26115830600,26115,Monroe,,,,0.0
26115830700,26115,Monroe,,,,16.66666667
26115830800,26115,Monroe,,,,18.18181818
26115830900,26115,Monroe,,,,0.0
26115831000,26115,Monroe,,,,0.0
26115831100,26115,Monroe,,,,37.5
26115831200,26115,Monroe,,,,20.0
26115831300,26115,Monroe,,,,14.28571429
26115831400,26115,Monroe,,,,19.35483871
26115831500,26115,Monroe,,,,18.91891892
26115831600,26115,Monroe,,,,8.333333333
26115831700,26115,Monroe,,,,9.090909091
26115831800,26115,Monroe,,,,0.0
26115831900,26115,Monroe,,,,11.11111111
26115832000,26115,Monroe,,,,12.5
26115832100,26115,Monroe,,,,19.04761905
26115832200,26115,Monroe,,,,23.52941176
26115832300,26115,Monroe,,,,26.66666667
26115832400,26115,Monroe,,,,22.22222222
26115832500,26115,Monroe,,,,11.11111111
26115832600,26115,Monroe,,,,0.0
26115832700,26115,Monroe,,,,0.0
26115832800,26115,Monroe,,,,0.0
26115832900,26115,Monroe,,,,33.33333333
26115833000,26115,Monroe,,,,25.0
26115833100,26115,Monroe,,,,16.66666667
26115833200,26115,Monroe,,,,0.0
26115833300,26115,Monroe,,,,14.28571429
26115833500,26115,Monroe,,,,16.66666667
26115833600,26115,Monroe,,,,
26115833700,26115,Monroe,,,,0.0
26115833800,26115,Monroe,,,,0.0
26115833900,26115,Monroe,,,,20.0
26125120000,26125,Oakland,,,,33.33333333
26125120300,26125,Oakland,,,,0.0
26125121000,26125,Oakland,,,,15.38461538
26125121400,26125,Oakland,,,,14.28571429
26125121500,26125,Oakland,,,,7.142857143
26125121700,26125,Oakland,,,,
26125121800,26125,Oakland,,,,
26125122200,26125,Oakland,,,,25.0
26125122400,26125,Oakland,,,,50.0
26125122700,26125,Oakland,,,,0.0
26125122900,26125,Oakland,,,,16.66666667
26125123000,26125,Oakland,,,,0.0
26125123100,26125,Oakland,,,,14.28571429
26125124000,26125,Oakland,,,,0.0
26125124500,26125,Oakland,,,,0.0
26125125000,26125,Oakland,,,,
26125125600,26125,Oakland,,,,
26125126200,26125,Oakland,,,,16.66666667
26125126300,26125,Oakland,,,,14.28571429
26125126400,26125,Oakland,,,,0.0
26125126500,26125,Oakland,,,,
26125127000,26125,Oakland,,,,0.0
26125127100,26125,Oakland,,,,0.0
26125127200,26125,Oakland,,,,18.18181818
26125127300,26125,Oakland,,,,15.38461538
26125127400,26125,Oakland,,,,14.28571429
26125127500,26125,Oakland,,,,8.333333333
26125127600,26125,Oakland,,,,0.0
26125127700,26125,Oakland,,,,7.692307692
26125128000,26125,Oakland,,,,25.0
26125128100,26125,Oakland,,,,33.33333333
26125128200,26125,Oakland,,,,16.66666667
26125128300,26125,Oakland,,,,12.5
26125128400,26125,Oakland,,,,6.25
26125128500,26125,Oakland,,,,0.0
26125128600,26125,Oakland,,,,0.0
26125128700,26125,Oakland,,,,20.0
26125128800,26125,Oakland,,,,11.53846154
26125128900,26125,Oakland,,,,0.0
26125129000,26125,Oakland,,,,7.692307692
26125130000,26125,Oakland,,,,0.0
26125130100,26125,Oakland,,,,18.18181818
26125130200,26125,Oakland,,,,66.66666667
26125130300,26125,Oakland,,,,20.0
26125130400,26125,Oakland,,,,0.0
26125130500,26125,Oakland,,,,16.66666667
26125130600,26125,Oakland,,,,33.33333333
26125130700,26125,Oakland,,,,11.11111111
26125131100,26125,Oakland,,,,33.33333333
26125131300,26125,Oakland,,,,14.28571429
26125131400,26125,Oakland,,,,0.0
26125131500,26125,Oakland,,,,0.0
26125131600,26125,Oakland,,,,
26125131800,26125,Oakland,,,,37.5
26125132100,26125,Oakland,,,,26.66666667
26125132500,26125,Oakland,,,,28.57142857
26125132600,26125,Oakland,,,,12.5
26125132700,26125,Oakland,,,,16.66666667
26125133001,26125,Oakland,,,,
26125133002,26125,Oakland,,,,
26125133003,26125,Oakland,,,,
26125133100,26125,Oakland,,,,10.25641026
26125134000,26125,Oakland,,,,10.0
26125134300,26125,Oakland,,,,0.0
26125134400,26125,Oakland,,,,16.0
26125134500,26125,Oakland,,,,25.0
26125134600,26125,Oakland,,,,15.38461538
26125134700,26125,Oakland,,,,15.38461538
26125134800,26125,Oakland,,,,16.66666667
26125134900,26125,Oakland,,,,11.76470588
26125135000,26125,Oakland,,,,
26125135100,26125,Oakland,,,,
26125135200,26125,Oakland,,,,
26125135300,26125,Oakland,,,,
26125136000,26125,Oakland,,,,8.0
26125136101,26125,Oakland,,,,
26125136102,26125,Oakland,,,,
26125136300,26125,Oakland,,,,0.0
26125136500,26125,Oakland,,,,5.882352941
26125136600,26125,Oakland,,,,6.52173913
26125136700,26125,Oakland,,,,18.75
26125136800,26125,Oakland,,,,7.692307692
26125137100,26125,Oakland,,,,13.04347826
26125137400,26125,Oakland,,,,0.0
26125137700,26125,Oakland,,,,0.0
26125137800,26125,Oakland,,,,28.57142857
26125138100,26125,Oakland,,,,6.666666667
26125138301,26125,Oakland,,,,
26125138302,26125,Oakland,,,,
26125138600,26125,Oakland,,,,16.66666667
26125139200,26125,Oakland,,,,6.666666667
26125139400,26125,Oakland,,,,7.692307692
26125140100,26125,Oakland,,,,3.448275862
26125140301,26125,Oakland,,,,
26125140302,26125,Oakland,,,,
26125140500,26125,Oakland,,,,10.71428571
26125140600,26125,Oakland,,,,10.0
26125140700,26125,Oakland,,,,0.0
26125140800,26125,Oakland,,,,0.0
26125140900,26125,Oakland,,,,
26125141000,26125,Oakland,,,,11.53846154
26125141100,26125,Oakland,,,,15.38461538
26125141200,26125,Oakland,,,,0.0
26125141300,26125,Oakland,,,,17.64705882
26125141400,26125,Oakland,4747.0,619.0,66.0,17.85714286
26125141500,26125,Oakland,,,,8.333333333
26125141600,26125,Oakland,,,,23.80952381
26125141700,26125,Oakland,,,,16.66666667
26125142000,26125,Oakland,,,,5.0
26125142100,26125,Oakland,2640.0,2640.0,1101.0,9.090909091
26125142200,26125,Oakland,,,,28.57142857
26125142300,26125,Oakland,,,,9.523809524
26125142400,26125,Oakland,,,,22.22222222
26125142500,26125,Oakland,1197.0,1197.0,580.0,0.0
26125142600,26125,Oakland,,,,7.692307692
26125142700,26125,Oakland,,,,8.333333333
26125143500,26125,Oakland,,,,
26125144100,26125,Oakland,,,,5.0
26125144200,26125,Oakland,,,,0.0
26125144300,26125,Oakland,,,,5.555555556
26125144400,26125,Oakland,,,,2.702702703
26125144500,26125,Oakland,,,,14.28571429
26125144600,26125,Oakland,,,,14.28571429
26125144701,26125,Oakland,,,,
26125144800,26125,Oakland,,,,12.5
26125144900,26125,Oakland,4101.0,1724.0,138.0,4.545454545
26125145100,26125,Oakland,,,,0.0
26125145200,26125,Oakland,,,,0.0
26125145300,26125,Oakland,,,,7.142857143
26125145400,26125,Oakland,,,,10.34482759
26125145501,26125,Oakland,,,,
26125145502,26125,Oakland,,,,
26125145600,26125,Oakland,,,,6.666666667
26125145700,26125,Oakland,,,,10.52631579
26125145900,26125,Oakland,,,,
26125150000,26125,Oakland,,,,7.692307692
26125150100,26125,Oakland,,,,12.0
26125150200,26125,Oakland,,,,33.33333333
26125150300,26125,Oakland,,,,16.66666667
26125150400,26125,Oakland,,,,0.0
26125150500,26125,Oakland,,,,20.0
26125150600,26125,Oakland,,,,33.33333333
26125150700,26125,Oakland,,,,33.33333333
26125150800,26125,Oakland,,,,0.0
26125150900,26125,Oakland,,,,0.0
26125151000,26125,Oakland,,,,0.0
26125152000,26125,Oakland,,,,0.0
26125152600,26125,Oakland,,,,5.263157895
26125152700,26125,Oakland,,,,12.5
26125152900,26125,Oakland,,,,9.677419355
26125153000,26125,Oakland,,,,21.42857143
26125153100,26125,Oakland,,,,5.555555556
26125153200,26125,Oakland,,,,8.695652174
26125153300,26125,Oakland,,,,8.333333333
26125154000,26125,Oakland,,,,11.11111111
26125154100,26125,Oakland,,,,10.0
26125154200,26125,Oakland,,,,0.0
26125154500,26125,Oakland,,,,6.25
26125154600,26125,Oakland,,,,0.0
26125156000,26125,Oakland,,,,9.523809524
26125156100,26125,Oakland,,,,20.0
26125156200,26125,Oakland,,,,26.31578947
26125156300,26125,Oakland,,,,8.333333333
26125156400,26125,Oakland,,,,12.5
26125156500,26125,Oakland,,,,7.142857143
26125156900,26125,Oakland,,,,15.15151515
26125157000,26125,Oakland,,,,40.0
26125157100,26125,Oakland,,,,6.666666667
26125157200,26125,Oakland,,,,20.0
26125157300,26125,Oakland,,,,14.28571429
26125157400,26125,Oakland,,,,0.0
26125157500,26125,Oakland,,,,0.0
26125157600,26125,Oakland,,,,0.0
26125157700,26125,Oakland,,,,0.0
26125157800,26125,Oakland,,,,10.0
26125157900,26125,Oakland,,,,5.263157895
26125158000,26125,Oakland,,,,0.0
26125158100,26125,Oakland,,,,20.0
26125158200,26125,Oakland,,,,9.523809524
26125159000,26125,Oakland,,,,0.0
26125160000,26125,Oakland,,,,0.0
26125160300,26125,Oakland,,,,0.0
26125160400,26125,Oakland,,,,0.0
26125160500,26125,Oakland,,,,3.225806452
26125160600,26125,Oakland,,,,3.846153846
26125160700,26125,Oakland,,,,0.0
26125160800,26125,Oakland,,,,5.555555556
26125160900,26125,Oakland,,,,4.166666667
26125161000,26125,Oakland,,,,0.0
26125161100,26125,Oakland,,,,0.0
26125161200,26125,Oakland,,,,0.0
26125161300,26125,Oakland,,,,4.545454545
26125161400,26125,Oakland,,,,4.761904762
26125161500,26125,Oakland,,,,5.882352941
26125161600,26125,Oakland,,,,4.347826087
26125161700,26125,Oakland,,,,0.0
26125161800,26125,Oakland,,,,3.03030303
26125161900,26125,Oakland,,,,6.666666667
26125162000,26125,Oakland,,,,4.166666667
26125162100,26125,Oakland,,,,6.666666667
26125162200,26125,Oakland,,,,0.0
26125162300,26125,Oakland,,,,4.545454545
26125162400,26125,Oakland,,,,5.882352941
26125162500,26125,Oakland,4149.0,2146.0,233.0,0.0
26125165000,26125,Oakland,,,,5.263157895
26125165100,26125,Oakland,,,,10.71428571
26125165200,26125,Oakland,,,,10.0
26125166000,26125,Oakland,,,,13.51351351
26125166100,26125,Oakland,,,,7.692307692
26125166200,26125,Oakland,,,,0.0
26125166400,26125,Oakland,,,,0.0
26125166500,26125,Oakland,,,,0.0
26125166600,26125,Oakland,,,,0.0
26125166700,26125,Oakland,,,,9.090909091
26125166800,26125,Oakland,,,,12.5
26125166900,26125,Oakland,,,,7.142857143
26125167000,26125,Oakland,,,,3.448275862
26125167300,26125,Oakland,,,,6.25
26125167400,26125,Oakland,,,,3.225806452
26125167500,26125,Oakland,,,,6.666666667
26125167800,26125,Oakland,,,,12.5
26125167900,26125,Oakland,,,,0.0
26125168100,26125,Oakland,,,,9.090909091
26125168400,26125,Oakland,,,,10.0
26125168500,26125,Oakland,,,,0.0
26125168600,26125,Oakland,,,,18.18181818
26125168700,26125,Oakland,,,,
26125168800,26125,Oakland,,,,
26125168900,26125,Oakland,,,,
26125170000,26125,Oakland,,,,9.090909091
26125170100,26125,Oakland,,,,7.692307692
26125170200,26125,Oakland,,,,14.28571429
26125170300,26125,Oakland,,,,5.263157895
26125170400,26125,Oakland,,,,5.882352941
26125171000,26125,Oakland,,,,11.11111111
26125171100,26125,Oakland,,,,25.0
26125171200,26125,Oakland,,,,0.0
26125171300,26125,Oakland,,,,13.33333333
26125171400,26125,Oakland,,,,9.090909091
26125171500,26125,Oakland,,,,3.571428571
26125171600,26125,Oakland,,,,7.692307692
26125172400,26125,Oakland,,,,0.0
26125172500,26125,Oakland,,,,6.666666667
26125173000,26125,Oakland,,,,9.090909091
26125173100,26125,Oakland,,,,16.66666667
26125173200,26125,Oakland,,,,14.28571429
26125173300,26125,Oakland,,,,11.11111111
26125173400,26125,Oakland,,,,12.0
26125173500,26125,Oakland,,,,11.76470588
26125173600,26125,Oakland,,,,6.25
26125175000,26125,Oakland,,,,0.0
26125175100,26125,Oakland,,,,4.166666667
26125175200,26125,Oakland,,,,10.52631579
26125175300,26125,Oakland,,,,8.695652174
26125180000,26125,Oakland,,,,0.0
26125180100,26125,Oakland,,,,0.0
26125180200,26125,Oakland,,,,0.0
26125180300,26125,Oakland,,,,0.0
26125181000,26125,Oakland,,,,7.894736842
26125181100,26125,Oakland,,,,8.333333333
26125181200,26125,Oakland,,,,17.14285714
26125181300,26125,Oakland,,,,9.090909091
26125181400,26125,Oakland,,,,9.090909091
26125181500,26125,Oakland,,,,9.090909091
26125181600,26125,Oakland,,,,4.166666667
26125183000,26125,Oakland,,,,11.76470588
26125183100,26125,Oakland,,,,0.0
26125183200,26125,Oakland,,,,5.555555556
26125183300,26125,Oakland,,,,8.333333333
26125183400,26125,Oakland,,,,4.761904762
26125183500,26125,Oakland,,,,6.25
26125183600,26125,Oakland,,,,10.52631579
26125183700,26125,Oakland,,,,8.333333333
26125183800,26125,Oakland,,,,15.38461538
26125183900,26125,Oakland,,,,8.333333333
26125184000,26125,Oakland,,,,12.5
26125184100,26125,Oakland,,,,8.571428571
26125184200,26125,Oakland,,,,5.714285714
26125184300,26125,Oakland,,,,9.090909091
26125184400,26125,Oakland,,,,11.42857143
26125184500,26125,Oakland,,,,12.5
26125184600,26125,Oakland,,,,9.677419355
26125184700,26125,Oakland,,,,16.66666667
26125187000,26125,Oakland,,,,12.5
26125188000,26125,Oakland,,,,16.66666667
26125188100,26125,Oakland,,,,11.11111111
26125190200,26125,Oakland,,,,50.0
26125190400,26125,Oakland,,,,50.0
26125190500,26125,Oakland,,,,25.0
26125190700,26125,Oakland,,,,0.0
26125190800,26125,Oakland,,,,12.5
26125191000,26125,Oakland,,,,9.090909091
26125191100,26125,Oakland,,,,17.39130435
26125191200,26125,Oakland,,,,13.04347826
26125191300,26125,Oakland,,,,100.0
26125192000,26125,Oakland,,,,16.66666667
26125192200,26125,Oakland,,,,0.0
26125192400,26125,Oakland,,,,19.04761905
26125192500,26125,Oakland,,,,0.0
26125192700,26125,Oakland,,,,23.07692308
26125192800,26125,Oakland,,,,15.0
26125193000,26125,Oakland,,,,23.07692308
26125193100,26125,Oakland,,,,14.28571429
26125193300,26125,Oakland,,,,5.882352941
26125193400,26125,Oakland,,,,5.882352941
26125193500,26125,Oakland,,,,0.0
26125193600,26125,Oakland,,,,14.28571429
26125193700,26125,Oakland,,,,13.04347826
26125194000,26125,Oakland,,,,10.52631579
26125194100,26125,Oakland,,,,10.0
26125194200,26125,Oakland,,,,0.0
26125194300,26125,Oakland,,,,8.333333333
26125194400,26125,Oakland,,,,7.142857143
26125194500,26125,Oakland,,,,6.25
26125194600,26125,Oakland,,,,13.63636364
26125196000,26125,Oakland,,,,6.25
26125196100,26125,Oakland,,,,5.263157895
26125196200,26125,Oakland,,,,10.52631579
26125196300,26125,Oakland,,,,22.22222222
26125196400,26125,Oakland,,,,20.0
26125196500,26125,Oakland,,,,0.0
26125196600,26125,Oakland,,,,0.0
26125196700,26125,Oakland,,,,0.0
26125196800,26125,Oakland,,,,0.0
26125196900,26125,Oakland,,,,6.25
26125197000,26125,Oakland,,,,3.125
26125197100,26125,Oakland,,,,0.0
26125197200,26125,Oakland,,,,0.0
26125197300,26125,Oakland,,,,0.0
26125197400,26125,Oakland,,,,0.0
26125197500,26125,Oakland,,,,0.0
26125197600,26125,Oakland,,,,0.0
26125197701,26125,Oakland,,,,
26125197702,26125,Oakland,,,,
26125197900,26125,Oakland,,,,12.5
26125198000,26125,Oakland,,,,4.347826087
26125198100,26125,Oakland,,,,0.0
26125981000,26125,Oakland,,,,
26147620000,26147,St. Clair,4725.0,1200.0,128.0,28.57142857
26147621000,26147,St. Clair,4080.0,3263.0,579.0,16.66666667
26147622000,26147,St. Clair,4319.0,2643.0,273.0,21.42857143
26147623000,26147,St. Clair,3087.0,1875.0,403.0,28.57142857
26147624000,26147,St. Clair,2116.0,2116.0,632.0,11.11111111
26147625000,26147,St. Clair,2040.0,2040.0,491.0,0.0
26147626000,26147,St. Clair,2388.0,2388.0,277.0,0.0
26147627000,26147,St. Clair,,,,0.0
26147627000,26147,St. Clair,,,,0.0
26147628000,26147,St. Clair,4040.0,4040.0,435.0,0.0
26147629000,26147,St. Clair,,,,13.33333333
26147630100,26147,St. Clair,,,,16.0
26147630400,26147,St. Clair,,,,14.28571429
26147631100,26147,St. Clair,,,,25.0
26147631600,26147,St. Clair,,,,16.66666667
26147632000,26147,St. Clair,,,,0.0
26147633100,26147,St. Clair,,,,20.0
26147633200,26147,St. Clair,,,,0.0
26147634100,26147,St. Clair,,,,0.0
26147634600,26147,St. Clair,,,,21.42857143
26147635000,26147,St. Clair,,,,18.18181818
26147636000,26147,St. Clair,3110.0,1200.0,145.0,25.0
26147637100,26147,St. Clair,,,,15.38461538
26147637200,26147,St. Clair,,,,15.38461538
26147637300,26147,St. Clair,,,,50.0
26147640100,26147,St. Clair,,,,
26147640200,26147,St. Clair,,,,37.5
26147640600,26147,St. Clair,,,,25.0
26147641000,26147,St. Clair,,,,25.0
26147642000,26147,St. Clair,,,,33.33333333
26147643000,26147,St. Clair,,,,12.5
26147644000,26147,St. Clair,,,,25.0
26147645000,26147,St. Clair,,,,33.33333333
26147646000,26147,St. Clair,,,,9.090909091
26147647000,26147,St. Clair,,,,20.0
26147648000,26147,St. Clair,,,,14.28571429
26147649000,26147,St. Clair,,,,0.0
26147650100,26147,St. Clair,,,,0.0
26147651100,26147,St. Clair,,,,0.0
26147651200,26147,St. Clair,,,,14.28571429
26147651600,26147,St. Clair,,,,0.0
26147652100,26147,St. Clair,,,,
26147652600,26147,St. Clair,,,,0.0
26147655100,26147,St. Clair,,,,14.28571429
26147655600,26147,St. Clair,,,,0.0
26147657100,26147,St. Clair,,,,16.66666667
26147657200,26147,St. Clair,,,,25.0
26147658100,26147,St. Clair,,,,0.0
26147658500,26147,St. Clair,,,,0.0
26161400100,26161,Washtenaw,,,,0.0
26161400200,26161,Washtenaw,7279.0,1814.0,52.0,0.0
26161400300,26161,Washtenaw,6302.0,1963.0,688.0,0.0
26161400400,26161,Washtenaw,,,,14.28571429
26161400500,26161,Washtenaw,,,,4.444444444
26161400600,26161,Washtenaw,,,,8.0
26161400700,26161,Washtenaw,,,,0.0
26161400800,26161,Washtenaw,,,,0.0
26161402100,26161,Washtenaw,2629.0,978.0,117.0,0.0
26161402200,26161,Washtenaw,4521.0,920.0,70.0,6.666666667
26161402300,26161,Washtenaw,,,,0.0
26161402500,26161,Washtenaw,,,,33.33333333
26161402600,26161,Washtenaw,,,,18.18181818
26161402700,26161,Washtenaw,,,,25.0
26161403100,26161,Washtenaw,,,,
26161403200,26161,Washtenaw,,,,0.0
26161403300,26161,Washtenaw,,,,14.28571429
26161403400,26161,Washtenaw,,,,0.0
26161403500,26161,Washtenaw,,,,11.76470588
26161403600,26161,Washtenaw,4696.0,2183.0,387.0,8.333333333
26161403800,26161,Washtenaw,,,,0.0
26161404100,26161,Washtenaw,,,,11.76470588
26161404200,26161,Washtenaw,1849.0,1849.0,388.0,12.5
26161404300,26161,Washtenaw,,,,22.22222222
26161404400,26161,Washtenaw,,,,18.75
26161404500,26161,Washtenaw,,,,19.35483871
26161404600,26161,Washtenaw,,,,27.77777778
26161405100,26161,Washtenaw,2374.0,1900.0,199.0,18.75
26161405200,26161,Washtenaw,,,,20.0
26161405300,26161,Washtenaw,,,,13.63636364
26161405400,26161,Washtenaw,,,,19.35483871
26161405500,26161,Washtenaw,,,,20.0
26161405600,26161,Washtenaw,4109.0,4109.0,347.0,0.0
26161406000,26161,Washtenaw,,,,20.0
26161407000,26161,Washtenaw,,,,0.0
26161407400,26161,Washtenaw,5078.0,2547.0,325.0,
26161407600,26161,Washtenaw,,,,0.0
26161410100,26161,Washtenaw,,,,9.090909091
26161410200,26161,Washtenaw,,,,8.0
26161410300,26161,Washtenaw,4190.0,4190.0,835.0,4.347826087
26161410400,26161,Washtenaw,,,,6.666666667
26161410500,26161,Washtenaw,2515.0,744.0,127.0,0.0
26161410600,26161,Washtenaw,2624.0,2624.0,1177.0,0.0
26161410700,26161,Washtenaw,,,,4.347826087
26161410800,26161,Washtenaw,,,,3.571428571
26161410900,26161,Washtenaw,1573.0,1573.0,124.0,4.761904762
26161411000,26161,Washtenaw,6163.0,6163.0,936.0,5.882352941
26161411100,26161,Washtenaw,584.0,584.0,223.0,0.0
26161411200,26161,Washtenaw,2181.0,2181.0,1008.0,11.11111111
26161411700,26161,Washtenaw,,,,0.0
26161411900,26161,Washtenaw,,,,
26161412000,26161,Washtenaw,,,,
26161412100,26161,Washtenaw,4067.0,753.0,72.0,14.28571429
26161412300,26161,Washtenaw,3390.0,2423.0,353.0,0.0
26161412600,26161,Washtenaw,2471.0,1027.0,62.0,0.0
26161412700,26161,Washtenaw,,,,7.692307692
26161413000,26161,Washtenaw,4254.0,4254.0,447.0,0.0
26161413200,26161,Washtenaw,,,,0.0
26161413401,26161,Washtenaw,,,,
26161413402,26161,Washtenaw,,,,
26161413403,26161,Washtenaw,,,,
26161414000,26161,Washtenaw,,,,13.63636364
26161414200,26161,Washtenaw,,,,20.83333333
26161414300,26161,Washtenaw,,,,17.64705882
26161414500,26161,Washtenaw,,,,13.04347826
26161414700,26161,Washtenaw,,,,13.63636364
26161414900,26161,Washtenaw,,,,20.0
26161415200,26161,Washtenaw,,,,11.11111111
26161415400,26161,Washtenaw,,,,11.76470588
26161415600,26161,Washtenaw,,,,18.18181818
26161415800,26161,Washtenaw,,,,
26161416000,26161,Washtenaw,,,,16.66666667
26161416200,26161,Washtenaw,,,,21.42857143
26161420000,26161,Washtenaw,,,,0.0
26161420200,26161,Washtenaw,,,,0.0
26161421100,26161,Washtenaw,,,,9.090909091
26161421900,26161,Washtenaw,,,,0.0
26161422200,26161,Washtenaw,,,,18.75
26161422900,26161,Washtenaw,,,,
26161423400,26161,Washtenaw,,,,16.66666667
26161423600,26161,Washtenaw,,,,12.5
26161425000,26161,Washtenaw,,,,33.33333333
26161426000,26161,Washtenaw,,,,0.0
26161431000,26161,Washtenaw,,,,0.0
26161432000,26161,Washtenaw,,,,0.0
26161444000,26161,Washtenaw,,,,25.0
26161445000,26161,Washtenaw,,,,0.0
26161446200,26161,Washtenaw,,,,
26161446400,26161,Washtenaw,,,,
26161447000,26161,Washtenaw,,,,0.0
26161448000,26161,Washtenaw,,,,50.0
26161453000,26161,Washtenaw,,,,10.0
26161454000,26161,Washtenaw,,,,21.05263158
26161455000,26161,Washtenaw,,,,8.333333333
26161456000,26161,Washtenaw,,,,18.75
26161461000,26161,Washtenaw,,,,20.0
26161464000,26161,Washtenaw,,,,33.33333333
26161465000,26161,Washtenaw,,,,16.66666667
26161466000,26161,Washtenaw,,,,
26161984000,26161,Washtenaw,,,,
26163500100,26163,Wayne,,,,6.666666667
26163500200,26163,Wayne,,,,0.0
26163500300,26163,Wayne,,,,3.846153846
26163500400,26163,Wayne,,,,9.523809524
26163500500,26163,Wayne,,,,11.76470588
26163500600,26163,Wayne,,,,14.28571429
26163500700,26163,Wayne,,,,14.28571429
26163500800,26163,Wayne,,,,11.11111111
26163500900,26163,Wayne,,,,9.523809524
26163501000,26163,Wayne,,,,13.04347826
26163501100,26163,Wayne,,,,11.11111111
26163501200,26163,Wayne,,,,8.333333333
26163501300,26163,Wayne,,,,4.545454545
26163501400,26163,Wayne,,,,15.78947368
26163501500,26163,Wayne,,,,15.38461538
26163501600,26163,Wayne,,,,13.04347826
26163501700,26163,Wayne,,,,26.31578947
26163501800,26163,Wayne,,,,30.76923077
26163501900,26163,Wayne,,,,16.66666667
26163502000,26163,Wayne,,,,11.76470588
26163503100,26163,Wayne,,,,5.555555556
26163503200,26163,Wayne,,,,15.38461538
26163503300,26163,Wayne,,,,11.76470588
26163503400,26163,Wayne,,,,10.52631579
26163503500,26163,Wayne,,,,8.333333333
26163503600,26163,Wayne,,,,20.0
26163503900,26163,Wayne,,,,7.142857143
26163504000,26163,Wayne,,,,20.0
26163504100,26163,Wayne,,,,13.33333333
26163504200,26163,Wayne,,,,15.38461538
26163504300,26163,Wayne,,,,16.66666667
26163504400,26163,Wayne,,,,6.666666667
26163504700,26163,Wayne,,,,7.692307692
26163504800,26163,Wayne,,,,9.090909091
26163504900,26163,Wayne,,,,25.0
26163505000,26163,Wayne,,,,33.33333333
26163505100,26163,Wayne,,,,26.31578947
26163505200,26163,Wayne,,,,10.0
26163505400,26163,Wayne,,,,
26163505500,26163,Wayne,,,,
26163506100,26163,Wayne,,,,8.333333333
26163506200,26163,Wayne,,,,15.38461538
26163506300,26163,Wayne,,,,15.38461538
26163506400,26163,Wayne,,,,6.25
26163506500,26163,Wayne,,,,8.333333333
26163506600,26163,Wayne,,,,0.0
26163506700,26163,Wayne,,,,0.0
26163506800,26163,Wayne,,,,5.882352941
26163506900,26163,Wayne,,,,3.571428571
26163507000,26163,Wayne,,,,11.11111111
26163507100,26163,Wayne,,,,9.523809524
26163507200,26163,Wayne,,,,8.333333333
26163507300,26163,Wayne,,,,7.142857143
26163507400,26163,Wayne,,,,8.695652174
26163507500,26163,Wayne,,,,5.555555556
26163507800,26163,Wayne,1427.0,830.0,392.0,5.882352941
26163507900,26163,Wayne,4934.0,3169.0,1152.0,0.0
26163508000,26163,Wayne,2526.0,2526.0,1239.0,6.25
26163508100,26163,Wayne,,,,
26163510400,26163,Wayne,2427.0,2427.0,916.0,6.25
26163510500,26163,Wayne,4731.0,1019.0,458.0,0.0
26163510600,26163,Wayne,,,,3.225806452
26163510700,26163,Wayne,,,,0.0
26163511000,26163,Wayne,,,,
26163511200,26163,Wayne,,,,0.0
26163511300,26163,Wayne,,,,
26163511400,26163,Wayne,,,,
26163511900,26163,Wayne,,,,
26163512100,26163,Wayne,,,,11.11111111
26163512200,26163,Wayne,,,,20.0
26163512300,26163,Wayne,,,,6.666666667
26163512400,26163,Wayne,,,,0.0
26163512600,26163,Wayne,,,,14.28571429
26163512900,26163,Wayne,,,,14.28571429
26163513200,26163,Wayne,,,,20.0
26163513300,26163,Wayne,,,,11.11111111
26163513600,26163,Wayne,,,,20.0
26163513700,26163,Wayne,,,,
26163513900,26163,Wayne,,,,14.28571429
26163514100,26163,Wayne,,,,0.0
26163514200,26163,Wayne,,,,
26163514300,26163,Wayne,,,,5.555555556
26163514500,26163,Wayne,,,,0.0
26163515200,26163,Wayne,,,,0.0
26163515300,26163,Wayne,,,,11.11111111
26163515400,26163,Wayne,,,,10.0
26163515600,26163,Wayne,,,,16.66666667
26163515700,26163,Wayne,,,,16.66666667
26163515900,26163,Wayne,,,,
26163516000,26163,Wayne,,,,
26163516100,26163,Wayne,,,,17.64705882
26163516200,26163,Wayne,,,,30.0
26163516300,26163,Wayne,,,,14.28571429
26163516400,26163,Wayne,,,,11.11111111
26163516500,26163,Wayne,,,,5.0
26163516600,26163,Wayne,,,,8.333333333
26163516700,26163,Wayne,,,,6.666666667
26163516800,26163,Wayne,,,,16.66666667
26163516900,26163,Wayne,,,,23.07692308
26163517000,26163,Wayne,,,,8.333333333
26163517100,26163,Wayne,,,,0.0
26163517200,26163,Wayne,,,,4.347826087
26163517300,26163,Wayne,,,,
26163517500,26163,Wayne,,,,12.5
26163518000,26163,Wayne,,,,9.523809524
26163518400,26163,Wayne,,,,14.28571429
26163518500,26163,Wayne,,,,0.0
26163518600,26163,Wayne,,,,7.692307692
26163518800,26163,Wayne,,,,21.05263158
26163518900,26163,Wayne,,,,
26163520200,26163,Wayne,,,,8.0
26163520300,26163,Wayne,,,,8.695652174
26163520400,26163,Wayne,,,,4.0
26163520700,26163,Wayne,1919.0,1919.0,634.0,0.0
26163520800,26163,Wayne,,,,0.0
26163521100,26163,Wayne,,,,18.18181818
26163521300,26163,Wayne,,,,25.0
26163521400,26163,Wayne,,,,6.666666667
26163521500,26163,Wayne,,,,7.142857143
26163521800,26163,Wayne,,,,6.666666667
26163521900,26163,Wayne,,,,13.33333333
26163522000,26163,Wayne,,,,11.11111111
26163522100,26163,Wayne,,,,16.66666667
26163522200,26163,Wayne,,,,10.0
26163522300,26163,Wayne,,,,5.555555556
26163522400,26163,Wayne,,,,7.142857143
26163522500,26163,Wayne,,,,
26163523100,26163,Wayne,,,,14.28571429
26163523200,26163,Wayne,,,,5.882352941
26163523300,26163,Wayne,,,,13.33333333
26163523400,26163,Wayne,,,,9.090909091
26163523800,26163,Wayne,,,,10.34482759
26163524000,26163,Wayne,,,,9.677419355
26163524100,26163,Wayne,,,,8.695652174
26163524200,26163,Wayne,,,,9.090909091
26163524300,26163,Wayne,,,,10.0
26163524500,26163,Wayne,,,,33.33333333
26163524700,26163,Wayne,,,,66.66666667
26163524800,26163,Wayne,,,,0.0
26163524900,26163,Wayne,,,,
26163525000,26163,Wayne,,,,
26163525400,26163,Wayne,,,,6.25
26163525500,26163,Wayne,,,,6.25
26163525600,26163,Wayne,,,,6.666666667
26163525700,26163,Wayne,,,,4.166666667
26163525800,26163,Wayne,,,,4.347826087
26163526000,26163,Wayne,,,,0.0
26163526100,26163,Wayne,,,,0.0
26163526200,26163,Wayne,,,,0.0
26163526300,26163,Wayne,,,,5.263157895
26163526400,26163,Wayne,,,,7.142857143
26163526500,26163,Wayne,,,,7.692307692
26163527200,26163,Wayne,,,,
26163527300,26163,Wayne,,,,
26163530100,26163,Wayne,4172.0,4172.0,905.0,0.0
26163530200,26163,Wayne,5228.0,2954.0,575.0,5.555555556
26163530300,26163,Wayne,,,,6.25
26163530400,26163,Wayne,,,,5.555555556
26163530500,26163,Wayne,,,,6.25
26163530800,26163,Wayne,,,,7.692307692
26163530900,26163,Wayne,,,,
26163531100,26163,Wayne,,,,20.0
26163531200,26163,Wayne,,,,18.18181818
26163531300,26163,Wayne,,,,0.0
26163531400,26163,Wayne,,,,9.090909091
26163531500,26163,Wayne,,,,10.0
26163531600,26163,Wayne,,,,8.695652174
26163531700,26163,Wayne,,,,5.555555556
26163531800,26163,Wayne,,,,5.882352941
26163531900,26163,Wayne,,,,0.0
26163532200,26163,Wayne,,,,12.5
26163532300,26163,Wayne,,,,18.18181818
26163532400,26163,Wayne,,,,11.11111111
26163532600,26163,Wayne,,,,15.38461538
26163532700,26163,Wayne,,,,28.57142857
26163533000,26163,Wayne,,,,11.11111111
26163533100,26163,Wayne,,,,14.28571429
26163533200,26163,Wayne,,,,7.692307692
26163533300,26163,Wayne,,,,7.692307692
26163533400,26163,Wayne,,,,10.52631579
26163533500,26163,Wayne,,,,7.692307692
26163533600,26163,Wayne,,,,0.0
26163533700,26163,Wayne,,,,5.882352941
26163533900,26163,Wayne,,,,
26163534100,26163,Wayne,,,,7.692307692
26163534200,26163,Wayne,,,,4.347826087
26163534300,26163,Wayne,,,,7.142857143
26163534400,26163,Wayne,,,,0.0
26163534500,26163,Wayne,,,,6.25
26163534600,26163,Wayne,,,,0.0
26163534700,26163,Wayne,,,,7.142857143
26163535000,26163,Wayne,,,,8.333333333
26163535100,26163,Wayne,,,,0.0
26163535200,26163,Wayne,,,,11.11111111
26163535300,26163,Wayne,,,,15.0
26163535400,26163,Wayne,,,,11.76470588
26163535500,26163,Wayne,,,,19.04761905
26163535600,26163,Wayne,,,,10.0
26163535700,26163,Wayne,,,,25.0
26163536100,26163,Wayne,,,,8.0
26163536200,26163,Wayne,,,,4.761904762
26163536300,26163,Wayne,,,,4.545454545
26163536400,26163,Wayne,,,,4.166666667
26163536500,26163,Wayne,,,,7.142857143
26163536600,26163,Wayne,,,,6.666666667
26163536700,26163,Wayne,,,,0.0
26163536800,26163,Wayne,,,,7.142857143
26163536900,26163,Wayne,,,,6.25
26163537000,26163,Wayne,,,,6.666666667
26163537100,26163,Wayne,,,,13.33333333
26163537200,26163,Wayne,,,,20.0
26163537300,26163,Wayne,,,,16.66666667
26163537500,26163,Wayne,,,,14.28571429
26163537600,26163,Wayne,,,,6.25
26163537700,26163,Wayne,,,,15.78947368
26163537800,26163,Wayne,,,,15.78947368
26163538100,26163,Wayne,,,,0.0
26163538200,26163,Wayne,,,,0.0
26163538300,26163,Wayne,3458.0,2425.0,684.0,0.0
26163538400,26163,Wayne,,,,5.555555556
26163538500,26163,Wayne,,,,9.523809524
26163538600,26163,Wayne,,,,5.882352941
26163538700,26163,Wayne,,,,5.882352941
26163538800,26163,Wayne,,,,0.0
26163538900,26163,Wayne,,,,0.0
26163539000,26163,Wayne,,,,5.882352941
26163539100,26163,Wayne,,,,9.090909091
26163539200,26163,Wayne,,,,0.0
26163539300,26163,Wayne,,,,5.555555556
26163539400,26163,Wayne,,,,4.347826087
26163539500,26163,Wayne,,,,9.090909091
26163539600,26163,Wayne,,,,4.545454545
26163539700,26163,Wayne,,,,5.882352941
26163540100,26163,Wayne,,,,0.0
26163540200,26163,Wayne,,,,7.142857143
26163540300,26163,Wayne,,,,10.52631579
26163540400,26163,Wayne,,,,16.66666667
26163540500,26163,Wayne,,,,5.555555556
26163540600,26163,Wayne,,,,4.761904762
26163540700,26163,Wayne,,,,12.5
26163540800,26163,Wayne,,,,8.333333333
26163540900,26163,Wayne,,,,9.523809524
26163541000,26163,Wayne,,,,4.761904762
26163541100,26163,Wayne,,,,4.761904762
26163541200,26163,Wayne,,,,7.692307692
26163541300,26163,Wayne,,,,7.142857143
26163541400,26163,Wayne,,,,5.882352941
26163541500,26163,Wayne,,,,7.142857143
26163541700,26163,Wayne,,,,6.666666667
26163541800,26163,Wayne,,,,7.692307692
26163542100,26163,Wayne,,,,11.11111111
26163542200,26163,Wayne,,,,9.523809524
26163542300,26163,Wayne,,,,9.523809524
26163542400,26163,Wayne,,,,14.28571429
26163542500,26163,Wayne,,,,11.76470588
26163542600,26163,Wayne,,,,14.28571429
26163542700,26163,Wayne,,,,6.666666667
26163542800,26163,Wayne,,,,8.333333333
26163542900,26163,Wayne,,,,6.666666667
26163543000,26163,Wayne,,,,4.347826087
26163543100,26163,Wayne,,,,10.52631579
26163543200,26163,Wayne,,,,5.555555556
26163543400,26163,Wayne,,,,0.0
26163543500,26163,Wayne,,,,0.0
26163543600,26163,Wayne,3254.0,3254.0,1369.0,0.0
26163543700,26163,Wayne,3445.0,3445.0,1700.0,0.0
26163543800,26163,Wayne,2152.0,2152.0,712.0,0.0
26163543900,26163,Wayne,1511.0,1511.0,460.0,0.0
26163544000,26163,Wayne,2735.0,2735.0,325.0,0.0
26163544100,26163,Wayne,2707.0,2707.0,317.0,0.0
26163544200,26163,Wayne,,,,11.11111111
26163544300,26163,Wayne,3352.0,1287.0,384.0,0.0
26163545100,26163,Wayne,,,,11.76470588
26163545200,26163,Wayne,,,,16.0
26163545300,26163,Wayne,,,,12.5
26163545400,26163,Wayne,,,,17.24137931
26163545500,26163,Wayne,,,,18.18181818
26163545600,26163,Wayne,,,,21.875
26163545700,26163,Wayne,2661.0,2661.0,366.0,12.5
26163545800,26163,Wayne,,,,0.0
26163545900,26163,Wayne,,,,0.0
26163546000,26163,Wayne,,,,10.0
26163546100,26163,Wayne,,,,11.11111111
26163546200,26163,Wayne,,,,0.0
26163546300,26163,Wayne,,,,0.0
26163546400,26163,Wayne,1738.0,1738.0,402.0,0.0
26163546500,26163,Wayne,2591.0,839.0,119.0,11.11111111
26163546600,26163,Wayne,,,,14.28571429
26163546700,26163,Wayne,,,,12.5
26163546800,26163,Wayne,,,,7.142857143
26163546900,26163,Wayne,,,,7.142857143
26163550100,26163,Wayne,,,,20.0
26163550200,26163,Wayne,,,,9.090909091
26163550300,26163,Wayne,,,,20.0
26163550400,26163,Wayne,,,,20.0
26163550500,26163,Wayne,,,,20.0
26163550600,26163,Wayne,,,,25.0
26163550700,26163,Wayne,,,,18.75
26163550800,26163,Wayne,,,,6.666666667
26163550900,26163,Wayne,,,,0.0
26163551100,26163,Wayne,,,,7.142857143
26163551200,26163,Wayne,,,,6.666666667
26163551300,26163,Wayne,,,,7.142857143
26163551400,26163,Wayne,,,,5.263157895
26163551500,26163,Wayne,,,,28.57142857
26163551600,26163,Wayne,,,,28.57142857
26163551700,26163,Wayne,,,,0.0
26163551800,26163,Wayne,,,,7.142857143
26163552000,26163,Wayne,,,,4.255319149
26163552100,26163,Wayne,,,,6.25
26163552200,26163,Wayne,,,,10.81081081
26163552300,26163,Wayne,,,,9.523809524
26163552400,26163,Wayne,,,,3.703703704
26163552800,26163,Wayne,,,,
26163553000,26163,Wayne,,,,15.78947368
26163553100,26163,Wayne,,,,14.28571429
26163553200,26163,Wayne,,,,0.0
26163553300,26163,Wayne,,,,0.0
26163553400,26163,Wayne,,,,11.76470588
26163553600,26163,Wayne,,,,14.28571429
26163553800,26163,Wayne,,,,13.33333333
26163554100,26163,Wayne,,,,5.263157895
26163554200,26163,Wayne,,,,5.882352941
26163554300,26163,Wayne,,,,22.22222222
26163554400,26163,Wayne,,,,12.5
26163554500,26163,Wayne,,,,0.0
26163554600,26163,Wayne,,,,25.0
26163554700,26163,Wayne,,,,11.11111111
26163554800,26163,Wayne,,,,0.0
26163554900,26163,Wayne,,,,0.0
26163555100,26163,Wayne,,,,0.0
26163555300,26163,Wayne,,,,14.28571429
26163555400,26163,Wayne,,,,5.263157895
26163555500,26163,Wayne,,,,10.52631579
26163555600,26163,Wayne,,,,9.090909091
26163556100,26163,Wayne,,,,0.0
26163556200,26163,Wayne,,,,0.0
26163556300,26163,Wayne,,,,12.5
26163556400,26163,Wayne,,,,12.5
26163556500,26163,Wayne,,,,15.15151515
26163556600,26163,Wayne,,,,8.333333333
26163556700,26163,Wayne,,,,12.5
26163556800,26163,Wayne,,,,11.11111111
26163556900,26163,Wayne,,,,0.0
26163557000,26163,Wayne,,,,5.882352941
26163557100,26163,Wayne,,,,21.42857143
26163557200,26163,Wayne,,,,13.33333333
26163557300,26163,Wayne,,,,16.66666667
26163557400,26163,Wayne,,,,20.0
26163557500,26163,Wayne,,,,5.882352941
26163557600,26163,Wayne,,,,10.71428571
26163557700,26163,Wayne,,,,14.28571429
26163557900,26163,Wayne,,,,7.692307692
26163558000,26163,Wayne,,,,11.11111111
26163558100,26163,Wayne,,,,20.0
26163558200,26163,Wayne,,,,23.52941176
26163558300,26163,Wayne,,,,7.843137255
26163558400,26163,Wayne,,,,7.142857143
26163558500,26163,Wayne,,,,5.882352941
26163558600,26163,Wayne,,,,10.0
26163558700,26163,Wayne,,,,14.28571429
26163558800,26163,Wayne,,,,0.0
26163558900,26163,Wayne,,,,7.692307692
26163559000,26163,Wayne,,,,0.0
26163559100,26163,Wayne,,,,5.263157895
26163559200,26163,Wayne,,,,0.0
26163560100,26163,Wayne,,,,22.22222222
26163560200,26163,Wayne,,,,22.22222222
26163560300,26163,Wayne,,,,5.882352941
26163560400,26163,Wayne,,,,11.76470588
26163561200,26163,Wayne,,,,
26163561300,26163,Wayne,,,,
26163561600,26163,Wayne,,,,20.0
26163561700,26163,Wayne,,,,14.28571429
26163561900,26163,Wayne,,,,0.0
26163562300,26163,Wayne,,,,
26163562400,26163,Wayne,,,,16.66666667
26163562500,26163,Wayne,,,,7.142857143
26163562600,26163,Wayne,,,,8.333333333
26163562700,26163,Wayne,,,,7.692307692
26163562800,26163,Wayne,,,,6.666666667
26163562900,26163,Wayne,,,,11.53846154
26163563200,26163,Wayne,,,,0.0
26163563300,26163,Wayne,,,,8.333333333
26163563400,26163,Wayne,,,,20.0
26163563500,26163,Wayne,,,,13.33333333
26163563600,26163,Wayne,,,,11.11111111
26163563700,26163,Wayne,,,,0.0
26163563800,26163,Wayne,,,,0.0
26163563900,26163,Wayne,,,,0.0
26163564000,26163,Wayne,1728.0,1129.0,49.0,25.0
26163564100,26163,Wayne,,,,7.142857143
26163564200,26163,Wayne,,,,4.0
26163564300,26163,Wayne,,,,11.11111111
26163564401,26163,Wayne,,,,
26163564402,26163,Wayne,,,,
26163564501,26163,Wayne,,,,
26163564502,26163,Wayne,,,,
26163564503,26163,Wayne,,,,
26163564504,26163,Wayne,,,,
26163564600,26163,Wayne,,,,12.5
26163564700,26163,Wayne,,,,40.0
26163564800,26163,Wayne,,,,13.33333333
26163564900,26163,Wayne,1923.0,1690.0,286.0,6.666666667
26163565000,26163,Wayne,,,,11.11111111
26163565100,26163,Wayne,,,,30.0
26163565200,26163,Wayne,,,,11.11111111
26163565300,26163,Wayne,5071.0,2250.0,195.0,3.846153846
26163565600,26163,Wayne,,,,0.0
26163565700,26163,Wayne,,,,0.0
26163565800,26163,Wayne,,,,7.692307692
26163565900,26163,Wayne,,,,0.0
26163566400,26163,Wayne,,,,10.0
26163566500,26163,Wayne,,,,13.33333333
26163566600,26163,Wayne,,,,25.0
26163566700,26163,Wayne,,,,14.28571429
26163566800,26163,Wayne,,,,7.692307692
26163566900,26163,Wayne,,,,15.38461538
26163567000,26163,Wayne,3557.0,698.0,65.0,18.18181818
26163567100,26163,Wayne,,,,10.52631579
26163567201,26163,Wayne,,,,
26163567202,26163,Wayne,,,,
26163567300,26163,Wayne,,,,0.0
26163567400,26163,Wayne,,,,0.0
26163567800,26163,Wayne,,,,0.0
26163567900,26163,Wayne,,,,0.0
26163568000,26163,Wayne,,,,6.25
26163568200,26163,Wayne,,,,0.0
26163568300,26163,Wayne,,,,8.333333333
26163568400,26163,Wayne,,,,0.0
26163568500,26163,Wayne,,,,11.76470588
26163568700,26163,Wayne,,,,18.18181818
26163568800,26163,Wayne,,,,
26163568900,26163,Wayne,,,,
26163569100,26163,Wayne,,,,15.78947368
26163569200,26163,Wayne,,,,8.333333333
26163569300,26163,Wayne,,,,8.333333333
26163569400,26163,Wayne,,,,0.0
26163569500,26163,Wayne,,,,0.0
26163569600,26163,Wayne,,,,9.090909091
26163569700,26163,Wayne,,,,10.52631579
26163569800,26163,Wayne,,,,8.333333333
26163569900,26163,Wayne,,,,14.28571429
26163570100,26163,Wayne,,,,0.0
26163570200,26163,Wayne,3078.0,862.0,78.0,9.090909091
26163570400,26163,Wayne,5942.0,1238.0,379.0,7.692307692
26163570500,26163,Wayne,,,,0.0
26163570600,26163,Wayne,2656.0,1026.0,329.0,
26163570800,26163,Wayne,3879.0,3520.0,1067.0,0.0
26163570900,26163,Wayne,3111.0,3111.0,534.0,0.0
26163571000,26163,Wayne,2766.0,1078.0,125.0,0.0
26163571500,26163,Wayne,,,,0.0
26163571600,26163,Wayne,,,,0.0
26163571700,26163,Wayne,,,,6.666666667
26163571800,26163,Wayne,,,,16.66666667
26163571900,26163,Wayne,,,,25.0
26163572000,26163,Wayne,,,,16.66666667
26163572100,26163,Wayne,,,,5.882352941
26163572200,26163,Wayne,,,,11.76470588
26163572400,26163,Wayne,,,,0.0
26163572500,26163,Wayne,1981.0,593.0,64.0,0.0
26163572600,26163,Wayne,,,,6.25
26163572700,26163,Wayne,,,,0.0
26163572800,26163,Wayne,,,,0.0
26163572900,26163,Wayne,,,,14.28571429
26163573000,26163,Wayne,,,,5.882352941
26163573100,26163,Wayne,,,,11.76470588
26163573300,26163,Wayne,,,,5.555555556
26163573400,26163,Wayne,,,,13.04347826
26163573500,26163,Wayne,,,,8.0
26163573600,26163,Wayne,,,,9.756097561
26163573701,26163,Wayne,,,,
26163573702,26163,Wayne,,,,
26163573800,26163,Wayne,,,,16.66666667
26163573900,26163,Wayne,,,,18.42105263
26163574000,26163,Wayne,,,,11.42857143
26163574100,26163,Wayne,,,,9.375
26163574202,26163,Wayne,,,,
26163574300,26163,Wayne,,,,13.79310345
26163574600,26163,Wayne,,,,0.0
26163574700,26163,Wayne,,,,0.0
26163574800,26163,Wayne,,,,13.33333333
26163574900,26163,Wayne,,,,8.333333333
26163575000,26163,Wayne,,,,22.22222222
26163575100,26163,Wayne,,,,28.57142857
26163575200,26163,Wayne,,,,4.761904762
26163575300,26163,Wayne,,,,10.0
26163575400,26163,Wayne,,,,7.692307692
26163575500,26163,Wayne,,,,9.090909091
26163575600,26163,Wayne,,,,0.0
26163576000,26163,Wayne,,,,11.11111111
26163576100,26163,Wayne,,,,6.52173913
26163576200,26163,Wayne,,,,5.0
26163576300,26163,Wayne,,,,5.263157895
26163576400,26163,Wayne,,,,4.0
26163576500,26163,Wayne,,,,6.060606061
26163576600,26163,Wayne,,,,20.0
26163576700,26163,Wayne,,,,10.0
26163577000,26163,Wayne,,,,6.666666667
26163577100,26163,Wayne,,,,0.0
26163577200,26163,Wayne,,,,3.448275862
26163577300,26163,Wayne,,,,9.090909091
26163577400,26163,Wayne,,,,4.0
26163577500,26163,Wayne,,,,0.0
26163577600,26163,Wayne,,,,12.5
26163577700,26163,Wayne,,,,0.0
26163577800,26163,Wayne,,,,5.882352941
26163577900,26163,Wayne,,,,7.142857143
26163578000,26163,Wayne,,,,0.0
26163578500,26163,Wayne,,,,0.0
26163578600,26163,Wayne,,,,5.555555556
26163579100,26163,Wayne,,,,16.66666667
26163579200,26163,Wayne,,,,11.11111111
26163579300,26163,Wayne,,,,16.66666667
26163579500,26163,Wayne,,,,0.0
26163579600,26163,Wayne,,,,16.66666667
26163579700,26163,Wayne,,,,14.28571429
26163579800,26163,Wayne,,,,10.0
26163579900,26163,Wayne,,,,
26163580100,26163,Wayne,,,,12.5
26163580200,26163,Wayne,,,,25.0
26163580300,26163,Wayne,,,,12.5
26163580400,26163,Wayne,,,,0.0
26163580500,26163,Wayne,,,,14.28571429
26163580600,26163,Wayne,,,,10.0
26163580700,26163,Wayne,,,,5.882352941
26163580800,26163,Wayne,,,,7.692307692
26163580900,26163,Wayne,,,,21.05263158
26163581100,26163,Wayne,,,,9.375
26163581200,26163,Wayne,,,,5.0
26163581500,26163,Wayne,,,,0.0
26163581600,26163,Wayne,,,,4.761904762
26163581800,26163,Wayne,,,,8.695652174
26163581900,26163,Wayne,,,,8.695652174
26163582000,26163,Wayne,,,,16.0
26163582100,26163,Wayne,,,,12.0
26163583000,26163,Wayne,,,,3.703703704
26163583100,26163,Wayne,4471.0,1524.0,259.0,7.692307692
26163583200,26163,Wayne,3185.0,1255.0,179.0,8.333333333
26163583300,26163,Wayne,,,,7.142857143
26163583400,26163,Wayne,,,,11.76470588
26163583500,26163,Wayne,,,,8.333333333
26163583600,26163,Wayne,,,,6.666666667
26163583700,26163,Wayne,,,,6.25
26163583800,26163,Wayne,,,,4.347826087
26163583900,26163,Wayne,,,,5.0
26163584000,26163,Wayne,,,,10.0
26163584100,26163,Wayne,,,,0.0
26163584200,26163,Wayne,,,,0.0
26163584300,26163,Wayne,1915.0,877.0,57.0,0.0
26163584400,26163,Wayne,,,,5.0
26163584500,26163,Wayne,,,,6.25
26163584600,26163,Wayne,,,,8.695652174
26163584700,26163,Wayne,,,,0.0
26163584800,26163,Wayne,6761.0,3523.0,1150.0,11.11111111
26163585500,26163,Wayne,2443.0,2311.0,291.0,5.882352941
26163585600,26163,Wayne,2364.0,982.0,157.0,6.25
26163585700,26163,Wayne,,,,0.0
26163585800,26163,Wayne,3999.0,3999.0,490.0,0.0
26163585900,26163,Wayne,,,,16.66666667
26163586200,26163,Wayne,,,,11.11111111
26163586300,26163,Wayne,,,,0.0
26163587000,26163,Wayne,,,,0.0
26163587900,26163,Wayne,,,,16.66666667
26163588000,26163,Wayne,,,,7.142857143
26163588100,26163,Wayne,,,,5.555555556
26163588200,26163,Wayne,,,,0.0
26163588300,26163,Wayne,,,,0.0
26163588400,26163,Wayne,,,,0.0
26163589300,26163,Wayne,,,,0.0
26163589400,26163,Wayne,,,,0.0
26163590400,26163,Wayne,,,,0.0
26163590500,26163,Wayne,,,,12.5
26163590600,26163,Wayne,,,,
26163591501,26163,Wayne,,,,
26163591502,26163,Wayne,,,,
26163591600,26163,Wayne,,,,11.11111111
26163591700,26163,Wayne,,,,0.0
26163591800,26163,Wayne,,,,0.0
26163591900,26163,Wayne,,,,14.28571429
26163592000,26163,Wayne,,,,0.0
26163593000,26163,Wayne,,,,10.34482759
26163593200,26163,Wayne,,,,0.0
26163593300,26163,Wayne,,,,0.0
26163594000,26163,Wayne,,,,0.0
26163594100,26163,Wayne,,,,0.0
26163594200,26163,Wayne,,,,16.66666667
26163594300,26163,Wayne,,,,11.76470588
26163594400,26163,Wayne,,,,0.0
26163594500,26163,Wayne,,,,0.0
26163595000,26163,Wayne,,,,14.28571429
26163595100,26163,Wayne,,,,6.666666667
26163595200,26163,Wayne,,,,0.0
26163596100,26163,Wayne,,,,60.0
26163596200,26163,Wayne,,,,60.0
26163596300,26163,Wayne,,,,20.0
26163597000,26163,Wayne,,,,0.0
26163598000,26163,Wayne,,,,25.0
26163599000,26163,Wayne,3839.0,3826.0,306.0,7.142857143
26163599100,26163,Wayne,,,,0.0
26163985000,26163,Wayne,,,,
26163985100,26163,Wayne,,,,
26163985200,26163,Wayne,,,,
26163985300,26163,Wayne,,,,
26163985400,26163,Wayne,,,,
26163985500,26163,Wayne,,,,
26163985600,26163,Wayne,,,,
26163985700,26163,Wayne,,,,
26163985900,26163,Wayne,,,,
26163990100,26163,Wayne,,,,
26163990200,26163,Wayne,,,,
