FIPS,MEDHHINC15,POVRATE15
1001,56580.0,12.7
1003,52387.0,12.9
1005,31433.0,32.0
1007,40767.0,22.2
1009,50487.0,14.7
1011,28251.0,39.6
1013,33868.0,25.8
1015,42091.0,20.0
1017,35560.0,22.4
1019,39144.0,19.4
1021,42767.0,20.2
1023,35089.0,24.4
1025,37317.0,22.2
1027,38908.0,18.4
1029,42136.0,18.9
1031,46858.0,16.2
1033,41171.0,18.1
1035,29981.0,28.3
1037,36078.0,20.3
1039,36355.0,22.3
1041,36759.0,19.9
1043,39290.0,19.4
1045,45294.0,18.5
1047,29682.0,34.6
1049,37305.0,20.6
1051,53548.0,14.0
1053,36840.0,24.4
1055,42145.0,19.0
1057,37085.0,20.4
1059,38535.0,21.1
1061,36289.0,22.4
1063,25398.0,37.7
1065,35470.0,28.5
1067,42501.0,17.0
1069,43568.0,18.3
1071,40201.0,18.4
1073,48415.0,18.0
1075,36520.0,24.7
1077,43008.0,17.3
1079,41771.0,18.7
1081,46442.0,21.0
1083,55060.0,14.3
1085,31117.0,35.2
1087,29522.0,32.2
1089,59117.0,13.3
1091,35389.0,23.3
1093,34977.0,19.8
1095,40599.0,20.1
1097,42530.0,18.4
1099,35163.0,28.6
1101,42666.0,22.8
1103,47234.0,16.4
1105,26218.0,40.0
1107,33160.0,24.3
1109,34442.0,25.9
1111,37333.0,18.7
1113,36124.0,23.0
1115,53558.0,12.4
1117,70879.0,8.5
1119,25931.0,33.2
1121,37911.0,22.4
1123,39051.0,21.7
1125,47868.0,20.0
1127,37305.0,20.6
1129,42658.0,22.4
1131,23014.0,33.2
1133,36497.0,18.9
2013,57015.0,17.4
2016,80695.0,8.5
2020,77791.0,8.7
2050,44849.0,24.2
2060,66373.0,9.0
2068,73000.0,6.6
2070,50753.0,20.0
2090,70881.0,8.1
2100,57876.0,10.9
2105,53726.0,16.2
2110,82892.0,8.0
2122,62025.0,11.4
2130,65314.0,10.3
2150,67515.0,7.5
2164,42120.0,19.3
2170,76601.0,9.8
2180,52952.0,21.4
2185,70834.0,12.6
2188,53774.0,26.3
2195,63098.0,7.9
2198,45305.0,15.6
2220,68472.0,9.2
2230,65878.0,3.7
2240,60203.0,13.5
2261,70101.0,9.5
2270,,
2275,54500.0,12.0
2282,53795.0,15.4
2290,37755.0,23.4
4001,31072.0,38.0
4003,43451.0,16.9
4005,51955.0,19.5
4007,41346.0,21.3
4009,44169.0,22.9
4011,58854.0,10.1
4012,34835.0,22.2
4013,56017.0,16.3
4015,40360.0,17.4
4017,37658.0,28.1
4019,47107.0,18.7
4021,50888.0,15.8
4023,34893.0,24.4
4025,47220.0,15.1
4027,40426.0,21.1
5001,41179.0,20.7
5003,39871.0,19.6
5005,36902.0,16.4
5007,60294.0,10.8
5009,40909.0,16.5
5011,37331.0,28.0
5013,40526.0,16.7
5015,37587.0,16.6
5017,29968.0,31.4
5019,37856.0,22.5
5021,35324.0,20.8
5023,43913.0,15.6
5025,44123.0,18.1
5027,38057.0,23.8
5029,43702.0,17.8
5031,42460.0,17.3
5033,46545.0,14.4
5035,37371.0,25.9
5037,39132.0,21.5
5039,33352.0,21.3
5041,30987.0,30.9
5043,39339.0,21.2
5045,51157.0,14.8
5047,41933.0,18.2
5049,34717.0,19.4
5051,37723.0,19.3
5053,47652.0,13.2
5055,43996.0,17.1
5057,34560.0,24.1
5059,39851.0,20.8
5061,33199.0,18.7
5063,38241.0,18.0
5065,35355.0,19.8
5067,32571.0,27.5
5069,36990.0,26.5
5071,35877.0,21.8
5073,33864.0,22.7
5075,34808.0,23.7
5077,28481.0,35.9
5079,40216.0,25.1
5081,39265.0,19.9
5083,37924.0,20.5
5085,56240.0,11.9
5087,41007.0,18.8
5089,34946.0,18.8
5091,39005.0,22.3
5093,34888.0,26.3
5095,30801.0,30.9
5097,37813.0,21.8
5099,35914.0,24.0
5101,33679.0,24.2
5103,37987.0,22.8
5105,43020.0,16.8
5107,28224.0,37.3
5109,36266.0,18.5
5111,32756.0,23.9
5113,34723.0,24.4
5115,41074.0,20.8
5117,39518.0,19.6
5119,46473.0,19.4
5121,34730.0,17.6
5123,31625.0,30.7
5125,56926.0,10.7
5127,36028.0,20.8
5129,30427.0,22.2
5131,41452.0,22.1
5133,41848.0,20.8
5135,32095.0,24.6
5137,32023.0,21.5
5139,42195.0,19.7
5141,38306.0,19.0
5143,46418.0,16.9
5145,42508.0,19.7
5147,31013.0,25.8
5149,37415.0,17.8
6001,81462.0,11.5
6003,50882.0,19.0
6005,55879.0,13.1
6007,45369.0,21.4
6009,52471.0,13.0
6011,51118.0,13.2
6013,83036.0,10.2
6015,38963.0,23.3
6017,75575.0,9.1
6019,46608.0,25.2
6021,43584.0,18.5
6023,40739.0,20.9
6025,39925.0,24.3
6027,51697.0,12.4
6029,51150.0,21.9
6031,46440.0,22.4
6033,37993.0,20.5
6035,54670.0,17.1
6037,59045.0,16.7
6039,46593.0,22.6
6041,99868.0,7.5
6043,44595.0,15.2
6045,43237.0,20.3
6047,42879.0,25.9
6049,38402.0,20.3
6051,53992.0,11.2
6053,60047.0,15.3
6055,72683.0,10.1
6057,57627.0,12.4
6059,78002.0,12.7
6061,76203.0,8.6
6063,46813.0,13.8
6065,57895.0,16.2
6067,58735.0,16.9
6069,76521.0,9.3
6071,53526.0,18.9
6073,67053.0,13.9
6075,90527.0,12.4
6077,53341.0,17.5
6079,61761.0,14.4
6081,101133.0,8.4
6083,63049.0,15.6
6085,102191.0,8.3
6087,64841.0,15.4
6089,45943.0,19.0
6091,47535.0,13.8
6093,37447.0,22.6
6095,67202.0,12.0
6097,66463.0,11.0
6099,51949.0,19.5
6101,50810.0,17.5
6103,40292.0,22.5
6105,37669.0,19.7
6107,42637.0,27.2
6109,53136.0,14.5
6111,79285.0,9.9
6113,58766.0,17.5
6115,46500.0,21.6
8001,62991.0,12.8
8003,40067.0,24.0
8005,67062.0,9.2
8007,50361.0,13.1
8009,35405.0,20.8
8011,36630.0,36.7
8013,72392.0,12.3
8014,86548.0,4.9
8015,50947.0,11.7
8017,50620.0,11.7
8019,67262.0,9.6
8021,37102.0,20.2
8023,27944.0,28.2
8025,35405.0,44.3
8027,43995.0,15.1
8029,42586.0,15.8
8031,57886.0,15.7
8033,44829.0,14.9
8035,109926.0,3.4
8037,75191.0,7.6
8039,90270.0,5.9
8041,60050.0,11.0
8043,41967.0,17.2
8045,64487.0,10.3
8047,67389.0,8.0
8049,59885.0,8.3
8051,47619.0,12.5
8053,58613.0,10.9
8055,33098.0,23.2
8057,46905.0,13.9
8059,71209.0,7.9
8061,42108.0,13.9
8063,44090.0,12.2
8065,45913.0,15.7
8067,60732.0,9.4
8069,64935.0,12.2
8071,38858.0,19.3
8073,43188.0,19.4
8075,46306.0,15.5
8077,51449.0,14.1
8079,50481.0,9.4
8081,59173.0,11.7
8083,42975.0,19.3
8085,46860.0,17.7
8087,49087.0,12.1
8089,34970.0,20.6
8091,60402.0,9.4
8093,63319.0,9.2
8095,48562.0,11.1
8097,76663.0,7.0
8099,41348.0,19.6
8101,40540.0,19.8
8103,61426.0,9.7
8105,40259.0,17.2
8107,70989.0,8.9
8109,34209.0,29.6
8111,43489.0,15.6
8113,62793.0,11.0
8115,40325.0,13.6
8117,69633.0,8.7
8119,66191.0,8.8
8121,47592.0,11.4
8123,69434.0,11.3
8125,48934.0,14.1
9001,86297.0,9.0
9003,69260.0,11.1
9005,70847.0,7.4
9007,82878.0,6.7
9009,61758.0,13.6
9011,65602.0,11.1
9013,81616.0,7.1
9015,61303.0,10.9
10001,55678.0,14.2
10003,66179.0,12.1
10005,54309.0,12.3
11001,73115.0,17.7
12001,47023.0,21.1
12003,50883.0,16.8
12005,47745.0,16.5
12007,40879.0,21.3
12009,50352.0,13.4
12011,53624.0,14.0
12013,36062.0,22.2
12015,45495.0,12.4
12017,39982.0,17.5
12019,59244.0,11.6
12021,62385.0,13.6
12023,43303.0,19.7
12027,34380.0,30.5
12029,35749.0,29.3
12031,49565.0,16.0
12033,45735.0,15.4
12035,50347.0,11.7
12037,38220.0,23.7
12039,36637.0,24.5
12041,39342.0,19.2
12043,40215.0,22.1
12045,41320.0,21.9
12047,33497.0,31.8
12049,35850.0,25.9
12051,39320.0,25.8
12053,43103.0,14.3
12055,34691.0,22.9
12057,51710.0,15.8
12059,35202.0,25.9
12061,49887.0,13.0
12063,36751.0,22.5
12065,42210.0,19.4
12067,40345.0,23.8
12069,49711.0,12.8
12071,50713.0,15.9
12073,46405.0,21.8
12075,36005.0,22.1
12077,39623.0,22.6
12079,34360.0,27.0
12081,50728.0,14.8
12083,40053.0,18.7
12085,53459.0,11.2
12086,43687.0,20.0
12087,58332.0,11.3
12089,55707.0,10.8
12091,55391.0,11.3
12093,35787.0,23.2
12095,50593.0,15.6
12097,45127.0,18.5
12099,56638.0,13.5
12101,46080.0,14.6
12103,47591.0,13.6
12105,44024.0,17.3
12107,32351.0,27.3
12109,71896.0,9.8
12111,45918.0,16.4
12113,59289.0,12.3
12115,55882.0,9.7
12117,57357.0,11.5
12119,54592.0,10.1
12121,37368.0,23.6
12123,39116.0,21.2
12125,41078.0,26.2
12127,42334.0,16.3
12129,48703.0,16.5
12131,47875.0,14.8
12133,36328.0,24.8
13001,39588.0,22.5
13003,32398.0,26.9
13005,35431.0,23.9
13007,34455.0,28.7
13009,38015.0,26.0
13011,44146.0,15.8
13013,53789.0,15.6
13015,50900.0,13.6
13017,30776.0,32.5
13019,35518.0,25.5
13021,38870.0,26.7
13023,42716.0,19.3
13025,37709.0,21.6
13027,36820.0,25.4
13029,69650.0,13.1
13031,36544.0,29.9
13033,36977.0,25.1
13035,44166.0,19.0
13037,30972.0,37.5
13039,52706.0,13.6
13043,32806.0,28.1
13045,45453.0,20.4
13047,50979.0,13.1
13049,37037.0,32.5
13051,48885.0,17.8
13053,41066.0,21.0
13055,38063.0,20.4
13057,74885.0,9.4
13059,33302.0,38.1
13061,25941.0,34.3
13063,41731.0,23.3
13065,31848.0,28.2
13067,70097.0,11.4
13069,34775.0,22.6
13071,34151.0,24.1
13073,75232.0,9.3
13075,34505.0,24.1
13077,67268.0,10.9
13079,43559.0,20.6
13081,31095.0,32.3
13083,43632.0,16.2
13085,60195.0,12.1
13087,37661.0,27.3
13089,53994.0,17.8
13091,34611.0,24.8
13093,32323.0,33.8
13095,34799.0,29.4
13097,58443.0,14.1
13099,31935.0,26.5
13101,34414.0,25.9
13103,63255.0,11.4
13105,35814.0,23.7
13107,31772.0,27.0
13109,34085.0,27.4
13111,39796.0,17.4
13113,80588.0,7.0
13115,41130.0,19.6
13117,97886.0,6.3
13119,40156.0,21.9
13121,59911.0,16.0
13123,43907.0,16.9
13125,40732.0,17.8
13127,46377.0,18.2
13129,44580.0,18.1
13131,36486.0,29.3
13133,43326.0,21.2
13135,61797.0,12.6
13137,44400.0,16.6
13139,54578.0,16.9
13141,28328.0,34.7
13143,41167.0,19.2
13145,65887.0,9.9
13147,39567.0,18.6
13149,41514.0,19.1
13151,65437.0,9.9
13153,55860.0,15.2
13155,35284.0,24.7
13157,56102.0,13.0
13159,46398.0,17.4
13161,36186.0,21.7
13163,32023.0,27.7
13165,29924.0,35.9
13167,30794.0,30.2
13169,52777.0,14.2
13171,42177.0,21.0
13173,37616.0,21.8
13175,36960.0,25.5
13177,68636.0,10.7
13179,39612.0,20.3
13181,39089.0,21.4
13183,42542.0,19.1
13185,37699.0,26.5
13187,48101.0,16.5
13189,36346.0,27.4
13191,38770.0,24.0
13193,30696.0,33.5
13195,40735.0,15.1
13197,35265.0,25.5
13199,37866.0,22.1
13201,35357.0,25.1
13205,34139.0,28.0
13207,53070.0,14.2
13209,36821.0,24.3
13211,51081.0,14.3
13213,43142.0,17.8
13215,41828.0,22.2
13217,51177.0,14.9
13219,76371.0,6.8
13221,43428.0,16.9
13223,62658.0,8.8
13225,41725.0,22.0
13227,56289.0,12.6
13229,39648.0,22.1
13231,56233.0,11.7
13233,39402.0,20.8
13235,39209.0,24.4
13237,44323.0,18.1
13239,29921.0,28.9
13241,40834.0,16.1
13243,30505.0,26.9
13245,40821.0,24.3
13247,51510.0,15.9
13249,41737.0,19.5
13251,35911.0,27.0
13253,31615.0,25.8
13255,41250.0,22.2
13257,38503.0,21.2
13259,28977.0,42.0
13261,33802.0,30.8
13263,33510.0,25.6
13265,28952.0,33.5
13267,37163.0,27.5
13269,32041.0,27.3
13271,31149.0,34.7
13273,32342.0,36.5
13275,40449.0,21.7
13277,39988.0,27.1
13279,34953.0,25.1
13281,39782.0,16.7
13283,32086.0,28.7
13285,41289.0,19.3
13287,35117.0,28.4
13289,36086.0,26.3
13291,42782.0,14.3
13293,37864.0,22.7
13295,42249.0,18.8
13297,57312.0,12.7
13299,35270.0,28.4
13301,32350.0,27.7
13303,36499.0,26.3
13305,41466.0,20.8
13307,35770.0,23.6
13309,30926.0,39.3
13311,43598.0,15.2
13313,45921.0,15.3
13315,32480.0,30.4
13317,34031.0,22.9
13319,38103.0,20.9
13321,39560.0,21.7
15001,54914.0,18.3
15003,76544.0,9.2
15005,,
15007,70122.0,11.2
15009,68684.0,10.7
16001,58431.0,11.7
16003,39943.0,15.8
16005,43298.0,22.3
16007,48309.0,13.7
16009,41368.0,18.0
16011,49644.0,14.0
16013,65272.0,8.9
16015,52728.0,14.4
16017,44072.0,15.8
16019,54008.0,13.2
16021,41803.0,15.8
16023,43780.0,15.9
16025,46203.0,10.7
16027,44585.0,15.9
16029,57017.0,10.8
16031,47932.0,16.7
16033,40098.0,15.3
16035,42630.0,15.3
16037,45801.0,14.0
16039,44509.0,15.0
16041,53901.0,9.7
16043,49555.0,15.0
16045,44017.0,15.8
16047,48950.0,13.9
16049,41157.0,16.3
16051,53555.0,10.5
16053,47034.0,15.8
16055,48864.0,14.7
16057,46360.0,19.6
16059,40087.0,17.6
16061,41688.0,16.3
16063,46168.0,14.5
16065,38065.0,28.1
16067,45429.0,17.0
16069,50939.0,13.5
16071,47037.0,12.2
16073,39738.0,19.9
16075,44499.0,15.7
16077,44004.0,14.1
16079,37497.0,21.1
16081,58013.0,9.8
16083,45799.0,14.6
16085,51774.0,10.7
16087,38592.0,17.1
17001,47264.0,13.4
17003,32922.0,28.6
17005,50206.0,14.8
17007,62382.0,10.3
17009,53516.0,16.7
17011,51275.0,12.6
17013,51109.0,11.6
17015,50432.0,10.7
17017,46647.0,12.2
17019,50813.0,20.1
17021,49041.0,12.7
17023,50700.0,13.8
17025,43577.0,14.5
17027,64030.0,8.5
17029,42613.0,21.8
17031,56841.0,16.2
17033,49856.0,13.4
17035,51505.0,12.0
17037,56874.0,16.2
17039,54796.0,11.6
17041,53213.0,10.2
17043,81616.0,7.1
17045,50306.0,13.9
17047,48329.0,11.3
17049,53077.0,9.8
17051,41838.0,18.5
17053,53151.0,11.3
17055,43428.0,18.7
17057,44649.0,14.9
17059,40817.0,17.9
17061,43943.0,16.6
17063,71928.0,7.7
17065,45926.0,13.0
17067,48213.0,12.7
17069,39128.0,20.6
17071,47354.0,11.5
17073,58983.0,10.7
17075,49836.0,13.3
17077,36613.0,23.5
17079,52608.0,12.0
17081,46460.0,16.7
17083,53864.0,11.4
17085,51201.0,9.4
17087,46838.0,14.3
17089,70502.0,10.8
17091,53227.0,15.2
17093,88773.0,4.8
17095,43796.0,17.2
17097,82160.0,9.0
17099,52316.0,12.9
17101,43268.0,17.7
17103,52581.0,12.7
17105,55474.0,12.8
17107,58191.0,13.7
17109,42453.0,22.8
17111,80513.0,8.1
17113,65766.0,11.7
17115,48302.0,18.2
17117,50460.0,13.7
17119,52969.0,12.9
17121,43018.0,18.0
17123,53610.0,10.6
17125,43743.0,13.9
17127,41548.0,16.8
17129,64706.0,10.3
17131,57934.0,10.1
17133,79686.0,5.0
17135,46006.0,16.6
17137,45259.0,14.8
17139,58975.0,8.6
17141,57268.0,10.4
17143,53781.0,15.6
17145,46598.0,16.8
17147,65122.0,6.5
17149,45106.0,15.0
17151,41150.0,18.1
17153,35135.0,24.7
17155,60590.0,8.8
17157,50129.0,14.3
17159,43332.0,14.9
17161,50419.0,13.2
17163,50416.0,16.4
17165,40873.0,23.2
17167,57591.0,15.3
17169,50720.0,12.9
17171,50474.0,11.3
17173,49633.0,11.6
17175,50083.0,12.7
17177,46430.0,13.0
17179,57747.0,8.4
17181,44221.0,15.3
17183,44705.0,18.4
17185,51224.0,12.2
17187,46189.0,14.3
17189,57019.0,8.8
17191,47995.0,12.8
17193,46588.0,14.9
17195,45463.0,12.8
17197,76293.0,8.0
17199,47678.0,16.2
17201,50024.0,14.7
17203,68233.0,7.0
18001,49251.0,12.8
18003,50017.0,14.6
18005,55580.0,11.9
18007,50754.0,11.1
18009,39611.0,14.5
18011,75163.0,6.0
18013,53801.0,11.4
18015,52550.0,9.4
18017,45575.0,13.1
18019,51614.0,10.4
18021,48947.0,12.9
18023,50342.0,11.9
18025,41331.0,18.7
18027,47019.0,14.6
18029,64093.0,8.9
18031,51625.0,13.0
18033,52382.0,10.5
18035,40633.0,23.0
18037,57336.0,7.6
18039,50117.0,14.0
18041,42538.0,16.2
18043,57367.0,11.3
18045,51108.0,12.1
18047,53263.0,9.9
18049,51660.0,11.7
18051,53483.0,11.0
18053,39984.0,18.0
18055,47952.0,14.7
18057,91844.0,4.7
18059,70277.0,6.0
18061,53719.0,11.2
18063,73478.0,5.5
18065,47954.0,14.7
18067,47390.0,16.9
18069,49103.0,10.9
18071,45504.0,12.1
18073,60195.0,9.3
18075,42646.0,15.2
18077,47841.0,13.4
18079,46047.0,13.1
18081,68256.0,8.0
18083,42818.0,19.1
18085,54147.0,10.0
18087,56662.0,8.6
18089,50613.0,16.6
18091,47401.0,15.7
18093,46890.0,13.9
18095,45065.0,16.7
18097,41407.0,20.6
18099,49714.0,10.6
18101,47717.0,13.8
18103,46968.0,14.8
18105,45341.0,23.5
18107,49425.0,12.3
18109,58376.0,11.4
18111,48316.0,12.2
18113,51876.0,9.8
18115,53177.0,10.2
18117,40918.0,15.7
18119,43731.0,15.8
18121,43637.0,17.2
18123,47192.0,13.2
18125,47324.0,11.1
18127,66070.0,11.6
18129,58298.0,9.7
18131,47455.0,14.2
18133,53910.0,13.6
18135,41315.0,18.0
18137,51553.0,10.6
18139,48970.0,13.9
18141,46881.0,16.7
18143,43104.0,15.6
18145,54639.0,11.9
18147,56451.0,9.4
18149,48106.0,14.8
18151,53191.0,10.1
18153,44939.0,16.4
18155,46344.0,15.9
18157,50170.0,18.9
18159,56292.0,8.7
18161,45050.0,12.4
18163,43823.0,17.2
18165,44376.0,12.9
18167,39635.0,20.4
18169,48223.0,12.0
18171,57768.0,10.2
18173,66461.0,7.5
18175,43498.0,14.4
18177,41849.0,18.0
18179,55987.0,9.5
18181,50370.0,10.9
18183,56142.0,7.9
19001,51531.0,11.9
19003,48162.0,12.5
19005,47756.0,10.8
19007,41018.0,16.5
19009,50948.0,10.3
19011,65127.0,8.3
19013,50335.0,14.2
19015,58010.0,8.8
19017,65295.0,7.8
19019,55848.0,10.3
19021,51991.0,13.7
19023,54947.0,9.2
19025,49206.0,12.5
19027,58575.0,8.7
19029,45915.0,13.9
19031,60120.0,7.3
19033,50208.0,12.3
19035,52879.0,10.3
19037,57559.0,8.5
19039,49424.0,11.8
19041,52584.0,11.6
19043,48598.0,11.2
19045,52945.0,13.4
19047,51834.0,15.1
19049,81381.0,5.3
19051,49851.0,12.7
19053,39424.0,21.7
19055,59260.0,10.2
19057,50125.0,14.7
19059,56869.0,8.6
19061,57862.0,12.0
19063,46092.0,13.8
19065,47615.0,12.9
19067,49111.0,14.5
19069,52975.0,11.9
19071,55421.0,12.1
19073,51002.0,11.1
19075,62423.0,6.3
19077,54719.0,10.4
19079,54042.0,11.0
19081,56746.0,9.2
19083,50947.0,9.6
19085,57244.0,9.9
19087,50241.0,12.0
19089,50602.0,11.0
19091,52702.0,10.8
19093,53804.0,10.6
19095,63185.0,6.9
19097,49956.0,12.9
19099,53765.0,9.3
19101,43495.0,15.3
19103,57706.0,18.3
19105,55789.0,11.1
19107,50054.0,12.1
19109,52433.0,11.6
19111,45428.0,15.9
19113,58142.0,11.0
19115,53197.0,10.8
19117,46933.0,14.7
19119,64057.0,7.4
19121,65294.0,8.2
19123,50335.0,14.4
19125,57411.0,9.2
19127,53980.0,11.3
19129,62507.0,10.3
19131,61352.0,9.3
19133,43991.0,13.2
19135,48181.0,12.1
19137,43210.0,13.4
19139,53401.0,11.5
19141,53907.0,9.2
19143,54415.0,9.6
19145,46870.0,15.7
19147,48992.0,11.6
19149,61929.0,8.3
19151,47872.0,13.1
19153,60436.0,11.9
19155,52927.0,13.5
19157,52861.0,10.9
19159,45870.0,14.1
19161,52506.0,10.9
19163,58160.0,12.4
19165,54614.0,9.2
19167,62875.0,7.6
19169,51706.0,18.6
19171,59226.0,11.2
19173,46466.0,14.7
19175,45010.0,14.3
19177,43653.0,15.8
19179,44738.0,16.0
19181,67728.0,7.8
19183,55283.0,10.9
19185,44381.0,16.4
19187,44922.0,14.6
19189,48408.0,10.8
19191,59096.0,9.5
19193,50774.0,14.0
19195,50761.0,10.9
19197,49882.0,12.6
20001,41604.0,18.9
20003,47267.0,14.0
20005,46110.0,16.6
20007,54176.0,11.1
20009,50558.0,14.4
20011,39609.0,18.2
20013,46884.0,14.9
20015,61473.0,10.6
20017,48911.0,12.7
20019,42324.0,16.8
20021,39842.0,18.0
20023,44111.0,12.3
20025,50392.0,12.0
20027,51351.0,11.1
20029,42730.0,12.8
20031,57160.0,9.9
20033,43809.0,11.4
20035,47851.0,15.3
20037,38139.0,19.1
20039,43919.0,12.3
20041,47570.0,12.2
20043,47000.0,13.2
20045,52447.0,19.4
20047,46380.0,10.6
20049,39147.0,17.6
20051,49192.0,12.0
20053,49986.0,10.6
20055,53245.0,14.6
20057,47915.0,13.2
20059,51484.0,11.7
20061,45590.0,11.9
20063,46580.0,9.9
20065,45018.0,12.2
20067,59218.0,10.2
20069,64284.0,8.3
20071,44667.0,11.4
20073,41168.0,15.8
20075,50056.0,13.1
20077,46869.0,13.7
20079,55470.0,9.4
20081,59356.0,11.2
20083,54513.0,9.6
20085,51662.0,11.3
20087,59080.0,9.1
20089,43201.0,13.5
20091,83007.0,5.5
20093,59134.0,11.5
20095,52907.0,11.5
20097,46381.0,12.6
20099,42323.0,18.2
20101,57388.0,9.6
20103,61465.0,10.7
20105,42277.0,12.5
20107,46065.0,14.0
20109,48399.0,9.4
20111,39562.0,17.5
20113,61356.0,7.6
20115,51196.0,10.9
20117,49270.0,10.7
20119,56325.0,9.5
20121,62375.0,8.8
20123,48310.0,10.5
20125,43289.0,19.9
20127,49720.0,10.8
20129,53443.0,10.3
20131,54486.0,8.8
20133,40744.0,18.9
20135,53456.0,9.4
20137,45096.0,12.7
20139,48364.0,12.7
20141,43518.0,13.1
20143,50302.0,10.0
20145,47359.0,14.5
20147,46984.0,11.1
20149,60601.0,8.1
20151,52634.0,10.8
20153,47448.0,11.7
20155,47178.0,13.1
20157,44593.0,11.2
20159,52400.0,13.8
20161,46690.0,23.4
20163,45309.0,11.7
20165,43895.0,11.5
20167,42625.0,13.2
20169,47052.0,14.3
20171,56267.0,7.7
20173,50995.0,15.2
20175,45807.0,15.0
20177,51316.0,14.2
20179,51221.0,10.9
20181,42491.0,16.5
20183,43872.0,12.2
20185,47129.0,12.8
20187,55341.0,10.9
20189,59735.0,11.3
20191,51451.0,11.7
20193,50574.0,10.9
20195,48576.0,10.4
20197,57339.0,8.3
20199,48426.0,12.4
20201,46153.0,10.7
20203,52917.0,10.9
20205,41461.0,15.6
20207,37394.0,19.5
20209,41746.0,21.9
21001,32007.0,27.2
21003,42287.0,19.8
21005,55523.0,10.7
21007,44352.0,15.1
21009,40017.0,19.3
21011,35143.0,24.9
21013,23968.0,44.7
21015,68804.0,8.2
21017,46370.0,14.8
21019,43406.0,20.5
21021,40459.0,17.2
21023,44846.0,15.7
21025,28196.0,32.9
21027,42347.0,19.0
21029,54755.0,9.6
21031,39545.0,21.6
21033,39355.0,18.8
21035,40585.0,21.1
21037,51694.0,14.4
21039,43144.0,14.8
21041,46499.0,17.6
21043,37204.0,19.7
21045,33576.0,25.1
21047,39840.0,20.3
21049,54812.0,15.4
21051,24001.0,46.8
21053,29178.0,26.4
21055,40202.0,19.2
21057,30989.0,24.8
21059,48724.0,14.9
21061,38673.0,20.0
21063,30299.0,34.4
21065,32541.0,28.2
21067,51963.0,19.1
21069,47030.0,20.0
21071,30888.0,29.5
21073,50471.0,13.7
21075,30798.0,30.4
21077,47679.0,15.0
21079,45018.0,17.0
21081,45307.0,16.4
21083,39515.0,16.3
21085,37057.0,22.9
21087,36226.0,20.5
21089,45690.0,16.8
21091,52929.0,13.8
21093,49637.0,15.0
21095,27425.0,35.5
21097,47040.0,16.2
21099,34764.0,22.0
21101,45718.0,17.0
21103,47802.0,17.7
21105,40890.0,17.6
21107,44750.0,18.4
21109,30565.0,31.2
21111,51230.0,15.4
21113,49839.0,18.3
21115,36051.0,25.9
21117,52631.0,12.8
21119,30138.0,33.8
21121,28578.0,32.0
21123,40202.0,18.1
21125,37737.0,23.0
21127,36276.0,25.0
21129,26201.0,34.7
21131,28722.0,33.7
21133,31079.0,33.2
21135,33867.0,24.7
21137,37220.0,21.2
21139,44551.0,15.3
21141,43795.0,15.5
21143,48189.0,16.9
21145,47184.0,15.2
21147,25655.0,41.5
21149,44007.0,17.3
21151,46342.0,18.2
21153,29921.0,32.6
21155,41189.0,20.5
21157,49771.0,12.1
21159,29198.0,40.0
21161,37071.0,19.5
21163,51111.0,13.5
21165,34299.0,26.8
21167,46346.0,15.1
21169,32654.0,22.9
21171,31603.0,25.3
21173,42468.0,21.5
21175,31489.0,31.3
21177,40272.0,19.4
21179,51843.0,12.5
21181,37267.0,21.5
21183,40661.0,19.9
21185,84415.0,6.2
21187,43686.0,16.9
21189,23341.0,42.4
21191,49345.0,16.4
21193,31740.0,28.5
21195,34315.0,25.0
21197,34510.0,26.0
21199,40702.0,23.0
21201,40027.0,22.5
21203,33293.0,22.9
21205,36597.0,27.2
21207,31968.0,24.6
21209,63775.0,13.1
21211,60189.0,11.5
21213,45496.0,16.0
21215,68147.0,9.0
21217,35700.0,23.0
21219,40963.0,19.3
21221,45106.0,15.1
21223,48392.0,15.7
21225,45239.0,20.7
21227,45964.0,18.0
21229,45143.0,17.1
21231,29826.0,28.0
21233,44245.0,18.1
21235,31903.0,29.2
21237,27196.0,30.7
21239,57862.0,11.6
22001,42033.0,23.7
22003,42120.0,20.4
22005,74852.0,10.7
22007,48516.0,16.8
22009,34803.0,25.3
22011,48206.0,19.5
22013,34565.0,25.4
22015,55403.0,14.5
22017,41081.0,22.2
22019,46523.0,17.5
22021,38564.0,22.9
22023,56259.0,12.7
22025,33958.0,27.2
22027,33740.0,30.9
22029,33068.0,29.5
22031,41691.0,24.9
22033,50389.0,18.5
22035,26325.0,43.5
22037,43105.0,21.8
22039,33407.0,25.7
22041,33845.0,25.4
22043,43437.0,21.3
22045,45039.0,20.8
22047,42000.0,22.3
22049,41029.0,21.1
22051,49503.0,16.3
22053,43677.0,20.3
22055,52411.0,17.0
22057,53482.0,14.1
22059,46258.0,18.5
22061,38118.0,25.5
22063,58774.0,13.5
22065,27225.0,37.6
22067,31777.0,31.1
22069,33786.0,29.6
22071,38640.0,24.0
22073,38453.0,23.0
22075,49122.0,17.3
22077,42919.0,19.3
22079,42758.0,21.6
22081,41742.0,25.7
22083,34588.0,24.7
22085,42196.0,18.1
22087,41540.0,20.4
22089,61601.0,11.8
22091,36602.0,19.9
22093,52258.0,18.3
22095,50596.0,20.5
22097,33503.0,27.0
22099,45435.0,18.3
22101,40945.0,19.7
22103,63499.0,12.5
22105,41768.0,24.0
22107,27077.0,35.1
22109,44450.0,20.1
22111,38741.0,21.9
22113,46807.0,18.1
22115,44733.0,17.5
22117,33453.0,26.2
22119,34566.0,25.9
22121,55074.0,15.1
22123,35484.0,22.7
22125,56680.0,23.9
22127,36173.0,24.0
23001,48930.0,15.0
23003,37104.0,18.4
23005,63191.0,10.7
23007,42859.0,14.6
23009,48601.0,11.5
23011,50408.0,13.1
23013,47489.0,11.4
23015,50152.0,14.1
23017,42674.0,17.0
23019,44647.0,17.1
23021,36463.0,19.1
23023,55645.0,11.2
23025,40165.0,18.7
23027,43198.0,14.4
23029,35576.0,18.8
23031,61340.0,8.3
24001,39859.0,20.0
24003,90825.0,6.0
24005,68317.0,9.1
24009,98937.0,5.9
24011,51294.0,14.4
24013,84506.0,6.2
24015,68972.0,10.0
24017,87941.0,7.1
24019,44664.0,18.1
24021,83746.0,7.4
24023,46469.0,13.6
24025,77992.0,7.8
24027,110224.0,5.2
24029,52274.0,14.8
24031,98314.0,7.5
24033,76366.0,9.5
24035,83914.0,7.2
24037,83148.0,8.7
24039,38692.0,25.8
24041,62018.0,10.4
24043,55270.0,12.0
24045,52153.0,14.7
24047,53366.0,11.3
24510,43192.0,22.7
25001,65735.0,7.6
25003,50646.0,14.3
25005,59839.0,12.6
25007,64456.0,8.5
25009,68237.0,11.5
25011,57325.0,11.8
25013,51415.0,17.1
25015,60853.0,15.3
25017,90025.0,7.6
25019,86014.0,7.3
25021,93187.0,7.1
25023,74736.0,9.7
25025,56530.0,19.8
25027,65621.0,12.1
26001,37618.0,15.8
26003,43341.0,14.6
26005,55611.0,11.2
26007,40665.0,16.2
26009,49118.0,14.2
26011,37120.0,20.1
26013,42389.0,17.3
26015,57665.0,9.3
26017,46256.0,14.5
26019,48127.0,10.5
26021,46588.0,17.1
26023,47146.0,14.9
26025,43864.0,16.1
26027,49889.0,14.8
26029,48267.0,11.6
26031,41036.0,17.6
26033,42473.0,19.7
26035,33250.0,24.7
26037,65051.0,10.0
26039,40907.0,17.2
26041,43020.0,14.8
26043,47616.0,12.3
26045,56760.0,10.9
26047,49774.0,11.0
26049,44181.0,20.5
26051,40746.0,19.8
26053,38416.0,18.6
26055,54874.0,8.5
26057,42800.0,16.5
26059,46786.0,16.6
26061,41775.0,17.4
26063,45917.0,11.7
26065,47470.0,21.0
26067,51013.0,14.2
26069,39874.0,16.1
26071,36570.0,14.6
26073,41957.0,26.1
26075,50683.0,16.2
26077,52252.0,16.0
26079,42829.0,16.5
26081,54550.0,14.5
26083,40862.0,13.4
26085,32971.0,24.8
26087,57774.0,10.0
26089,61397.0,7.9
26091,49013.0,14.3
26093,76934.0,6.5
26095,41870.0,19.6
26097,40091.0,16.1
26099,54939.0,11.7
26101,41811.0,15.0
26103,48108.0,15.0
26105,43620.0,16.8
26107,41755.0,21.3
26109,42591.0,16.9
26111,59248.0,11.5
26113,42836.0,17.5
26115,56161.0,10.6
26117,41728.0,17.9
26119,37153.0,18.2
26121,46709.0,16.1
26123,45086.0,16.3
26125,70150.0,9.3
26127,43211.0,17.2
26129,37057.0,19.4
26131,37508.0,14.6
26133,41782.0,18.7
26135,36724.0,20.5
26137,50420.0,12.1
26139,61429.0,8.6
26141,41658.0,13.6
26143,38516.0,19.2
26145,43344.0,18.6
26147,51183.0,12.8
26149,46667.0,14.7
26151,41861.0,16.7
26153,36741.0,15.9
26155,50807.0,12.4
26157,45800.0,15.5
26159,47806.0,15.7
26161,62401.0,14.2
26163,41585.0,24.8
26165,42922.0,14.8
27001,43817.0,14.2
27003,73276.0,7.1
27005,54304.0,11.3
27007,46031.0,16.2
27009,52513.0,11.4
27011,47583.0,11.5
27013,49664.0,17.2
27015,56330.0,8.3
27017,54945.0,10.8
27019,93857.0,4.5
27021,47645.0,15.0
27023,50896.0,11.1
27025,70036.0,6.3
27027,60417.0,12.1
27029,42689.0,14.6
27031,50350.0,11.1
27033,49448.0,13.7
27035,50755.0,10.4
27037,77576.0,7.1
27039,65494.0,6.9
27041,56819.0,8.8
27043,52169.0,11.3
27045,52170.0,10.8
27047,47418.0,13.4
27049,60285.0,8.9
27051,50570.0,10.6
27053,68902.0,10.9
27055,56276.0,8.2
27057,52841.0,10.6
27059,63134.0,7.7
27061,52064.0,12.7
27063,54001.0,9.2
27065,48907.0,11.7
27067,52597.0,10.9
27069,55545.0,10.2
27071,46807.0,14.3
27073,50764.0,8.4
27075,53093.0,9.8
27077,46128.0,11.7
27079,62672.0,8.5
27081,52164.0,9.3
27083,55051.0,12.2
27085,60549.0,8.6
27087,40849.0,21.5
27089,55889.0,8.3
27091,48478.0,13.6
27093,58607.0,7.9
27095,50633.0,12.4
27097,54245.0,10.9
27099,50878.0,10.8
27101,50378.0,9.0
27103,58839.0,10.7
27105,50100.0,12.9
27107,50775.0,11.7
27109,70063.0,8.9
27111,55357.0,9.7
27113,51341.0,10.4
27115,46332.0,13.9
27117,51939.0,11.0
27119,54270.0,11.8
27121,53267.0,8.4
27123,57299.0,15.1
27125,52244.0,9.7
27127,48520.0,11.0
27129,56835.0,9.5
27131,59863.0,9.2
27133,55462.0,9.7
27135,54416.0,9.4
27137,50141.0,13.4
27139,92898.0,5.1
27141,79495.0,7.5
27143,57052.0,8.9
27145,55244.0,13.5
27147,60970.0,9.4
27149,54323.0,10.9
27151,47130.0,11.9
27153,48840.0,12.8
27155,46764.0,14.4
27157,57873.0,6.9
27159,45597.0,15.0
27161,54495.0,9.9
27163,88329.0,5.1
27165,48044.0,11.3
27167,56583.0,9.8
27169,54367.0,12.7
27171,76407.0,5.1
27173,51569.0,12.5
28001,32673.0,29.6
28003,41383.0,19.6
28005,37085.0,22.2
28007,32988.0,22.9
28009,32467.0,25.3
28011,30311.0,36.1
28013,33906.0,23.0
28015,39439.0,19.0
28017,31937.0,26.6
28019,35370.0,24.5
28021,26959.0,46.3
28023,38362.0,21.8
28025,32360.0,27.6
28027,25948.0,35.0
28029,34723.0,26.1
28031,36206.0,22.4
28033,60610.0,10.0
28035,35198.0,26.6
28037,36391.0,20.6
28039,48212.0,17.1
28041,42699.0,22.6
28043,35163.0,21.3
28045,45911.0,20.8
28047,42370.0,22.0
28049,39158.0,27.1
28051,24065.0,43.3
28053,25625.0,41.5
28055,28859.0,40.4
28057,39296.0,18.1
28059,46339.0,16.1
28061,35092.0,22.8
28063,26405.0,39.3
28065,28845.0,30.5
28067,36413.0,23.2
28069,30381.0,31.9
28071,43435.0,21.0
28073,53205.0,16.4
28075,38334.0,22.0
28077,39460.0,20.9
28079,35804.0,24.3
28081,43098.0,17.4
28083,26520.0,42.3
28085,40627.0,20.0
28087,41880.0,23.5
28089,67482.0,12.7
28091,34742.0,24.2
28093,38006.0,23.3
28095,38893.0,20.7
28097,34264.0,25.8
28099,38068.0,25.5
28101,36991.0,22.7
28103,28041.0,34.3
28105,38011.0,27.1
28107,35517.0,24.8
28109,43420.0,21.0
28111,37777.0,21.0
28113,31976.0,30.1
28115,39977.0,15.6
28117,38550.0,19.5
28119,26467.0,38.2
28121,58426.0,9.7
28123,34469.0,21.7
28125,27589.0,34.3
28127,37742.0,24.5
28129,40637.0,19.5
28131,42295.0,20.5
28133,28184.0,39.3
28135,29474.0,32.9
28137,43376.0,19.2
28139,38297.0,18.2
28141,37740.0,17.1
28143,30970.0,28.9
28145,42120.0,17.0
28147,31202.0,27.6
28149,40465.0,21.6
28151,27539.0,36.2
28153,35989.0,24.5
28155,40214.0,20.5
28157,28535.0,34.5
28159,35216.0,26.6
28161,36062.0,22.4
28163,34218.0,34.2
29001,40222.0,21.9
29003,58675.0,9.5
29005,46339.0,13.0
29007,42480.0,18.7
29009,37467.0,20.7
29011,39633.0,18.0
29013,45887.0,14.1
29015,34156.0,18.7
29017,41623.0,18.3
29019,50865.0,17.7
29021,48294.0,17.3
29023,35509.0,23.4
29025,44470.0,12.7
29027,50514.0,13.9
29029,49393.0,14.9
29031,49615.0,16.4
29033,43638.0,15.7
29035,32269.0,21.4
29037,62996.0,9.2
29039,37654.0,19.9
29041,46230.0,13.3
29043,54044.0,10.4
29045,43225.0,14.7
29047,65106.0,7.8
29049,59655.0,10.4
29051,56393.0,11.9
29053,46632.0,14.4
29055,38491.0,19.4
29057,38516.0,17.5
29059,37780.0,18.1
29061,43135.0,15.3
29063,44429.0,20.0
29065,36808.0,21.5
29067,32979.0,23.1
29069,31920.0,27.6
29071,50438.0,11.4
29073,47717.0,12.1
29075,43811.0,14.9
29077,43885.0,17.7
29079,38763.0,19.1
29081,38005.0,18.0
29083,42455.0,18.8
29085,31320.0,23.8
29087,42845.0,13.7
29089,44634.0,15.9
29091,36604.0,19.9
29093,33415.0,22.9
29095,48364.0,17.6
29097,43724.0,16.0
29099,58747.0,10.5
29101,44109.0,16.3
29103,40356.0,18.7
29105,40741.0,17.4
29107,50325.0,12.2
29109,41619.0,18.3
29111,45592.0,16.3
29113,54584.0,11.3
29115,39618.0,17.4
29117,40808.0,18.8
29119,37939.0,20.1
29121,41080.0,14.6
29123,35745.0,19.3
29125,43970.0,15.4
29127,41297.0,17.7
29129,43244.0,14.2
29131,40077.0,18.7
29133,33283.0,26.6
29135,50525.0,14.7
29137,44048.0,14.0
29139,41470.0,17.0
29141,39219.0,23.1
29143,36386.0,23.9
29145,46125.0,14.5
29147,44119.0,22.9
29149,33573.0,24.7
29151,55962.0,9.6
29153,31838.0,27.7
29155,29621.0,28.0
29157,47226.0,11.1
29159,42137.0,15.1
29161,40676.0,19.1
29163,43007.0,18.2
29165,72548.0,7.6
29167,41326.0,17.5
29169,46756.0,16.2
29171,37286.0,18.0
29173,51015.0,11.5
29175,39976.0,20.0
29177,54361.0,11.1
29179,34076.0,21.5
29181,34069.0,25.4
29183,74009.0,6.3
29185,35128.0,22.6
29186,52806.0,10.9
29187,41222.0,18.2
29189,61569.0,10.3
29195,41958.0,16.5
29197,37851.0,18.3
29199,41324.0,15.8
29201,40285.0,18.1
29203,28171.0,23.9
29205,41696.0,16.8
29207,38773.0,19.0
29209,42186.0,14.8
29211,41405.0,17.4
29213,39320.0,16.0
29215,34935.0,23.3
29217,40186.0,18.5
29219,51933.0,12.3
29221,37986.0,20.7
29223,32566.0,24.3
29225,43418.0,19.2
29227,43443.0,15.9
29229,32634.0,24.1
29510,37948.0,25.5
30001,41083.0,17.0
30003,41008.0,31.0
30005,34667.0,29.6
30007,51360.0,10.8
30009,49389.0,11.7
30011,46398.0,13.9
30013,45597.0,14.4
30015,40280.0,17.6
30017,47510.0,12.2
30019,43918.0,10.2
30021,56648.0,11.0
30023,37979.0,18.1
30025,59928.0,7.7
30027,43823.0,13.6
30029,48063.0,14.0
30031,57358.0,10.9
30033,45987.0,14.2
30035,31666.0,28.1
30037,37883.0,20.2
30039,43470.0,14.1
30041,44178.0,21.2
30043,62508.0,9.8
30045,45472.0,13.8
30047,39383.0,20.8
30049,56755.0,12.2
30051,40052.0,17.0
30053,37281.0,20.3
30055,44387.0,13.9
30057,49872.0,11.4
30059,41391.0,17.3
30061,39584.0,16.4
30063,44998.0,15.8
30065,41791.0,17.7
30067,45642.0,12.7
30069,42919.0,15.4
30071,38105.0,16.4
30073,41168.0,20.1
30075,50491.0,10.7
30077,42755.0,18.1
30079,42187.0,12.5
30081,48468.0,14.9
30083,68196.0,7.0
30085,39147.0,24.3
30087,51732.0,18.8
30089,36564.0,18.7
30091,50857.0,9.4
30093,42658.0,16.7
30095,60052.0,9.1
30097,48361.0,10.7
30099,47598.0,12.4
30101,43879.0,17.0
30103,49679.0,11.8
30105,46698.0,12.1
30107,35665.0,20.1
30109,49533.0,10.1
30111,57326.0,10.4
31001,48579.0,12.7
31003,48546.0,12.2
31005,50753.0,13.2
31007,54115.0,11.9
31009,44824.0,16.6
31011,54070.0,9.2
31013,54652.0,11.6
31015,42539.0,12.2
31017,46856.0,12.6
31019,55813.0,13.0
31021,49792.0,11.6
31023,55542.0,8.1
31025,66519.0,7.1
31027,56092.0,9.4
31029,55319.0,8.2
31031,54564.0,11.7
31033,57255.0,9.0
31035,51431.0,10.2
31037,50744.0,10.9
31039,56995.0,9.9
31041,51014.0,11.6
31043,49093.0,14.6
31045,44135.0,17.8
31047,47991.0,12.6
31049,47641.0,11.1
31051,52152.0,9.3
31053,48969.0,11.6
31055,58405.0,14.5
31057,45745.0,13.2
31059,54086.0,9.8
31061,44911.0,13.3
31063,50700.0,12.6
31065,40032.0,13.4
31067,50746.0,10.2
31069,42186.0,14.8
31071,44643.0,11.9
31073,56882.0,9.1
31075,56646.0,9.2
31077,44920.0,12.2
31079,50093.0,13.5
31081,65103.0,7.3
31083,47844.0,12.0
31085,50516.0,14.7
31087,43054.0,14.1
31089,50434.0,11.9
31091,42989.0,8.1
31093,52464.0,10.4
31095,46812.0,12.3
31097,47382.0,13.2
31099,50645.0,8.6
31101,46888.0,10.9
31103,45886.0,15.1
31105,45769.0,12.7
31107,45566.0,13.7
31109,54422.0,13.5
31111,53856.0,12.3
31113,51098.0,8.9
31115,52862.0,15.3
31117,57175.0,12.1
31119,51330.0,13.8
31121,51219.0,10.4
31123,49082.0,13.5
31125,46958.0,13.2
31127,52034.0,13.1
31129,41956.0,12.5
31131,53015.0,10.6
31133,43646.0,13.2
31135,58066.0,10.1
31137,55566.0,10.4
31139,56744.0,9.4
31141,58554.0,8.3
31143,61965.0,7.9
31145,49308.0,11.8
31147,44648.0,13.0
31149,51447.0,14.2
31151,55850.0,10.0
31153,73856.0,5.8
31155,61025.0,8.8
31157,43428.0,15.1
31159,62455.0,7.5
31161,47005.0,14.3
31163,42643.0,12.5
31165,55606.0,14.0
31167,56423.0,8.5
31169,48947.0,10.2
31171,48754.0,12.6
31173,42290.0,25.6
31175,49929.0,12.2
31177,68435.0,6.7
31179,54503.0,12.0
31181,40444.0,12.9
31183,55106.0,11.4
31185,59500.0,10.1
32001,54134.0,13.1
32003,51624.0,15.4
32005,63620.0,9.4
32007,76518.0,9.9
32009,49057.0,14.7
32011,65459.0,9.5
32013,68060.0,9.4
32015,76713.0,10.8
32017,51788.0,14.3
32019,51934.0,13.8
32021,42164.0,18.0
32023,43819.0,17.5
32027,54416.0,18.3
32029,61594.0,7.8
32031,56457.0,13.8
32033,54975.0,14.1
32510,47015.0,16.4
33001,63377.0,8.8
33003,54351.0,9.6
33005,60339.0,9.9
33007,40286.0,16.1
33009,57827.0,11.2
33011,73474.0,8.0
33013,68148.0,8.3
33015,87103.0,5.2
33017,60931.0,11.4
33019,53804.0,11.2
34001,53296.0,14.1
34003,88512.0,7.1
34005,74844.0,7.7
34007,63589.0,13.1
34009,55632.0,10.5
34011,50259.0,17.2
34013,52206.0,16.8
34015,76780.0,7.7
34017,60053.0,17.7
34019,102797.0,5.0
34021,72172.0,11.2
34023,78249.0,8.5
34025,86722.0,7.5
34027,101754.0,5.3
34029,63478.0,10.9
34031,55723.0,17.3
34033,63988.0,11.9
34035,99059.0,5.5
34037,84431.0,5.6
34039,70581.0,10.6
34041,71672.0,7.7
35001,47870.0,19.0
35003,36570.0,23.4
35005,39265.0,21.1
35006,35580.0,29.2
35007,37269.0,19.7
35009,41879.0,21.7
35011,33427.0,20.2
35013,39421.0,25.7
35015,60407.0,12.3
35017,39792.0,20.5
35019,31710.0,23.9
35021,39561.0,14.3
35023,34336.0,25.2
35025,54686.0,14.3
35027,40297.0,17.8
35028,107126.0,4.0
35029,27151.0,30.9
35031,29040.0,34.1
35033,31816.0,23.9
35035,38381.0,23.0
35037,29047.0,23.0
35039,37319.0,24.2
35041,38053.0,20.4
35043,62833.0,11.2
35045,49173.0,18.8
35047,32303.0,28.7
35049,55247.0,13.1
35051,29432.0,28.7
35053,33673.0,23.5
35055,37092.0,19.9
35057,35950.0,26.2
35059,36715.0,17.1
35061,42395.0,19.8
36001,57312.0,12.6
36003,44331.0,16.8
36005,35102.0,30.3
36007,46067.0,17.7
36009,40933.0,18.0
36011,51925.0,12.7
36013,43973.0,17.2
36015,51285.0,14.9
36017,49082.0,14.3
36019,46747.0,17.5
36021,58335.0,13.6
36023,49894.0,16.2
36025,42907.0,16.9
36027,71348.0,10.4
36029,52176.0,15.6
36031,52282.0,12.2
36033,45682.0,18.3
36035,46543.0,17.9
36037,53771.0,13.4
36039,48144.0,16.4
36041,47997.0,11.1
36043,49504.0,12.7
36045,50179.0,14.1
36047,51026.0,22.3
36049,50846.0,14.0
36051,53945.0,13.2
36053,58094.0,12.9
36055,54204.0,14.8
36057,44414.0,18.4
36059,101568.0,6.1
36061,75136.0,17.6
36063,48517.0,15.5
36065,47390.0,18.0
36067,57114.0,14.6
36069,58085.0,9.6
36071,71162.0,12.1
36073,48126.0,14.2
36075,49391.0,17.4
36077,47942.0,16.8
36079,90497.0,6.0
36081,60241.0,13.9
36083,60117.0,12.0
36085,71058.0,14.2
36087,84249.0,14.0
36089,42811.0,18.5
36091,75029.0,6.4
36093,59432.0,12.0
36095,50588.0,13.7
36097,49664.0,12.5
36099,49813.0,14.1
36101,47352.0,15.4
36103,87634.0,7.8
36105,49161.0,18.1
36107,57541.0,11.7
36109,55839.0,20.1
36111,58328.0,14.0
36113,54492.0,11.3
36115,51188.0,13.3
36117,51273.0,12.2
36119,85688.0,10.1
36121,52796.0,13.3
36123,46392.0,13.6
37001,41566.0,18.9
37003,41092.0,15.5
37005,36113.0,22.9
37007,35307.0,25.2
37009,35238.0,20.2
37011,37120.0,19.7
37013,41725.0,19.2
37015,31967.0,24.8
37017,33882.0,25.4
37019,48831.0,14.3
37021,45094.0,15.2
37023,42711.0,16.7
37025,57881.0,10.8
37027,39636.0,16.2
37029,62000.0,9.7
37031,50837.0,13.8
37033,40504.0,20.1
37035,41745.0,15.1
37037,58860.0,11.6
37039,38284.0,18.3
37041,40794.0,19.4
37043,38980.0,17.4
37045,40237.0,19.8
37047,34478.0,24.0
37049,47805.0,15.0
37051,42380.0,18.8
37053,66426.0,10.4
37055,53585.0,10.3
37057,46400.0,14.1
37059,52525.0,12.3
37061,38397.0,24.9
37063,53875.0,17.1
37065,32529.0,27.8
37067,47346.0,18.1
37069,48009.0,16.0
37071,45031.0,17.3
37073,46387.0,16.7
37075,33827.0,21.0
37077,50314.0,16.0
37079,35060.0,25.4
37081,48283.0,15.7
37083,31952.0,27.9
37085,48301.0,17.7
37087,43573.0,17.6
37089,47280.0,13.1
37091,34453.0,26.9
37093,42819.0,19.9
37095,37074.0,23.0
37097,55848.0,14.2
37099,41537.0,20.9
37101,52681.0,13.0
37103,39688.0,21.4
37105,44294.0,17.1
37107,37085.0,22.7
37109,49343.0,13.4
37111,37430.0,18.8
37113,41395.0,16.9
37115,37899.0,20.9
37117,36543.0,22.5
37119,57029.0,14.3
37121,39955.0,16.7
37123,39096.0,19.9
37125,52139.0,13.2
37127,43450.0,18.1
37129,52456.0,17.3
37131,33301.0,26.8
37133,46144.0,15.3
37135,61570.0,14.3
37137,41004.0,14.6
37139,42171.0,19.1
37141,49390.0,14.8
37143,42337.0,17.6
37145,43917.0,16.3
37147,41909.0,25.9
37149,45672.0,13.5
37151,43216.0,16.4
37153,33017.0,28.7
37155,32128.0,30.6
37157,40148.0,18.4
37159,44862.0,17.3
37161,36998.0,19.2
37163,40660.0,21.4
37165,35447.0,29.0
37167,44878.0,17.1
37169,42889.0,15.3
37171,38408.0,18.2
37173,36103.0,16.2
37175,45792.0,15.4
37177,33759.0,25.0
37179,71690.0,9.7
37181,32698.0,24.6
37183,70629.0,11.1
37185,34149.0,27.3
37187,35146.0,23.4
37189,41762.0,25.3
37191,41161.0,18.4
37193,40647.0,18.7
37195,41276.0,19.9
37197,41208.0,16.3
37199,36418.0,19.3
38001,48106.0,10.1
38003,51053.0,12.4
38005,39969.0,27.9
38007,76913.0,7.1
38009,56645.0,10.6
38011,62892.0,7.6
38013,68477.0,8.4
38015,66057.0,9.0
38017,55946.0,10.7
38019,57200.0,9.4
38021,56325.0,10.3
38023,62922.0,8.6
38025,73135.0,9.9
38027,47804.0,11.3
38029,46952.0,13.9
38031,53408.0,8.4
38033,56948.0,10.2
38035,52022.0,14.3
38037,40879.0,15.6
38039,47222.0,10.0
38041,53403.0,10.6
38043,46800.0,13.9
38045,58638.0,10.9
38047,50047.0,11.8
38049,56351.0,11.1
38051,48494.0,12.5
38053,82906.0,8.4
38055,62480.0,10.0
38057,75698.0,7.2
38059,64260.0,7.8
38061,65606.0,11.2
38063,48196.0,11.6
38065,65798.0,10.2
38067,58683.0,8.8
38069,43419.0,16.1
38071,51607.0,12.0
38073,60122.0,9.1
38075,65651.0,7.6
38077,56942.0,10.2
38079,37634.0,25.5
38081,58626.0,7.8
38083,38234.0,17.6
38085,32895.0,40.4
38087,56833.0,9.0
38089,76844.0,7.5
38091,61352.0,7.8
38093,54925.0,11.4
38095,51561.0,10.4
38097,54814.0,9.5
38099,51749.0,10.8
38101,61170.0,8.4
38103,51857.0,10.4
38105,89860.0,7.8
39001,36609.0,21.3
39003,49297.0,15.5
39005,48338.0,14.1
39007,44258.0,18.6
39009,38400.0,31.5
39011,58840.0,8.7
39013,45675.0,14.6
39015,47202.0,14.9
39017,58954.0,14.4
39019,52166.0,13.0
39021,58837.0,10.8
39023,47651.0,15.1
39025,62214.0,9.5
39027,47055.0,13.6
39029,42301.0,14.7
39031,41643.0,15.1
39033,41471.0,16.5
39035,45506.0,18.2
39037,51131.0,9.6
39039,53936.0,10.2
39041,97679.0,4.4
39043,48129.0,12.7
39045,61450.0,9.1
39047,45068.0,16.3
39049,53939.0,17.1
39051,58782.0,8.5
39053,38738.0,21.7
39055,76315.0,6.7
39057,61250.0,12.7
39059,41630.0,18.6
39061,51070.0,16.6
39063,55265.0,10.6
39065,44101.0,16.5
39067,44221.0,15.5
39069,56986.0,9.4
39071,41494.0,17.9
39073,43598.0,15.7
39075,53540.0,10.8
39077,48838.0,13.1
39079,42828.0,20.4
39081,43306.0,17.8
39083,50914.0,14.8
39085,60782.0,8.3
39087,39698.0,21.0
39089,59119.0,12.6
39091,49690.0,10.9
39093,52779.0,13.5
39095,43136.0,19.5
39097,63736.0,9.3
39099,42443.0,16.8
39101,43529.0,18.2
39103,70576.0,7.0
39105,38479.0,22.8
39107,56124.0,7.8
39109,51685.0,10.7
39111,41754.0,18.3
39113,46696.0,17.7
39115,39969.0,19.0
39117,52312.0,11.3
39119,43324.0,16.5
39121,47714.0,15.0
39123,58793.0,9.7
39125,49796.0,10.9
39127,44738.0,18.8
39129,58472.0,12.4
39131,39851.0,21.4
39133,53609.0,13.6
39135,51042.0,12.7
39137,60036.0,7.2
39139,45273.0,15.1
39141,45615.0,17.8
39143,49994.0,12.2
39145,37277.0,23.0
39147,48617.0,13.6
39149,59149.0,8.9
39151,48976.0,13.4
39153,51434.0,14.4
39155,42831.0,17.6
39157,47588.0,13.0
39159,76116.0,7.6
39161,51264.0,11.2
39163,41675.0,18.9
39165,81383.0,5.2
39167,44697.0,15.0
39169,52717.0,11.3
39171,49031.0,12.0
39173,57390.0,11.7
39175,51109.0,8.8
40001,31572.0,28.4
40003,52551.0,14.6
40005,34850.0,23.0
40007,59544.0,11.1
40009,51394.0,13.9
40011,43540.0,16.3
40013,40875.0,18.1
40015,43548.0,21.3
40017,63291.0,9.8
40019,45287.0,16.3
40021,40600.0,21.5
40023,30572.0,29.9
40025,44023.0,17.0
40027,59417.0,11.5
40029,38954.0,19.4
40031,46821.0,15.1
40033,42901.0,16.8
40035,41119.0,18.2
40037,47395.0,15.7
40039,47745.0,17.9
40041,38840.0,20.5
40043,53004.0,13.1
40045,57524.0,11.9
40047,49070.0,14.5
40049,46139.0,14.2
40051,53208.0,13.1
40053,50729.0,11.4
40055,36495.0,23.7
40057,33144.0,23.6
40059,52635.0,9.8
40061,36888.0,18.1
40063,37676.0,20.1
40065,44723.0,17.2
40067,36227.0,19.9
40069,38980.0,21.4
40071,43373.0,18.7
40073,59462.0,10.6
40075,37721.0,21.1
40077,38313.0,19.4
40079,38261.0,19.3
40081,46976.0,14.7
40083,57892.0,13.1
40085,45223.0,12.4
40087,56700.0,10.7
40089,31723.0,25.3
40091,35775.0,21.3
40093,55020.0,10.8
40095,41312.0,17.1
40097,46373.0,18.5
40099,45560.0,14.4
40101,40340.0,21.1
40103,51977.0,11.8
40105,43341.0,16.4
40107,37289.0,23.9
40109,49750.0,16.2
40111,39825.0,22.5
40113,46093.0,16.3
40115,36166.0,23.0
40117,45184.0,16.0
40119,41747.0,22.7
40121,43257.0,17.0
40123,44798.0,15.4
40125,43587.0,17.0
40127,34910.0,21.1
40129,57063.0,10.8
40131,63263.0,10.0
40133,39102.0,20.7
40135,36718.0,24.4
40137,47949.0,15.6
40139,51092.0,11.4
40141,38247.0,23.1
40143,51366.0,15.9
40145,57948.0,10.2
40147,52056.0,13.5
40149,49606.0,15.8
40151,52920.0,13.8
40153,60290.0,11.8
41001,40855.0,15.3
41003,54773.0,18.3
41005,69523.0,9.4
41007,47340.0,13.9
41009,52060.0,13.4
41011,38934.0,18.7
41013,45046.0,15.9
41015,38126.0,17.2
41017,56911.0,13.4
41019,41696.0,19.5
41021,50694.0,12.9
41023,43105.0,16.4
41025,40468.0,16.3
41027,53726.0,11.5
41029,44855.0,19.3
41031,42325.0,21.9
41033,40569.0,21.9
41035,42384.0,19.9
41037,39878.0,18.6
41039,47254.0,19.0
41041,41118.0,17.0
41043,47757.0,15.8
41045,37604.0,24.9
41047,51623.0,16.8
41049,53774.0,15.0
41051,58764.0,15.7
41053,55342.0,13.7
41055,51448.0,16.3
41057,44972.0,15.5
41059,49016.0,19.2
41061,46378.0,16.5
41063,44045.0,16.1
41065,45110.0,16.0
41067,70417.0,10.5
41069,34157.0,21.4
41071,52806.0,13.3
42001,60558.0,8.5
42003,54412.0,12.2
42005,44893.0,12.6
42007,50131.0,13.1
42009,45988.0,13.9
42011,56167.0,12.6
42013,44880.0,15.3
42015,49367.0,13.0
42017,80512.0,6.3
42019,67892.0,9.5
42021,43786.0,14.9
42023,42452.0,13.3
42025,52121.0,11.5
42027,55084.0,16.1
42029,90555.0,6.0
42031,39988.0,17.4
42033,44336.0,16.6
42035,45897.0,16.0
42037,44763.0,15.0
42039,45989.0,15.3
42041,63926.0,7.3
42043,54198.0,13.6
42045,67184.0,10.4
42047,47826.0,9.3
42049,47118.0,17.1
42051,40293.0,20.1
42053,37388.0,24.3
42055,56975.0,9.4
42057,49378.0,11.6
42059,50714.0,15.1
42061,44875.0,14.3
42063,45448.0,18.2
42065,45499.0,14.6
42067,50008.0,12.8
42069,48000.0,15.3
42071,59231.0,10.6
42073,43944.0,17.5
42075,52829.0,11.6
42077,56352.0,12.1
42079,49589.0,15.1
42081,49941.0,14.8
42083,46039.0,16.9
42085,46319.0,14.2
42087,42296.0,15.4
42089,57152.0,12.7
42091,83258.0,6.6
42093,57056.0,9.0
42095,62129.0,8.8
42097,44221.0,13.1
42099,54818.0,9.6
42101,41210.0,25.4
42103,60436.0,10.9
42105,41754.0,14.3
42107,45733.0,13.0
42109,49803.0,11.7
42111,43608.0,14.4
42113,43844.0,13.5
42115,50141.0,12.6
42117,48186.0,13.1
42119,57862.0,12.4
42121,44916.0,13.5
42123,45362.0,12.2
42125,57622.0,10.1
42127,49927.0,13.3
42129,53422.0,11.3
42131,51797.0,11.1
42133,58527.0,10.4
44001,75324.0,9.3
44003,65332.0,8.7
44005,66096.0,11.1
44007,50364.0,17.2
44009,71951.0,9.9
45001,35932.0,19.1
45003,48012.0,18.1
45005,27089.0,41.0
45007,44745.0,17.2
45009,29642.0,32.7
45011,33280.0,27.3
45013,60071.0,12.9
45015,55876.0,13.0
45017,41277.0,21.3
45019,56244.0,14.9
45021,37098.0,20.3
45023,35006.0,25.7
45025,36520.0,23.5
45027,34654.0,25.4
45029,33745.0,23.1
45031,36719.0,21.5
45033,31094.0,31.2
45035,55595.0,13.6
45037,46430.0,18.9
45039,36622.0,23.0
45041,41197.0,20.3
45043,44395.0,19.3
45045,52017.0,13.8
45047,42240.0,19.1
45049,30772.0,23.6
45051,47083.0,16.7
45053,37231.0,23.2
45055,48233.0,15.5
45057,47279.0,14.4
45059,39731.0,18.9
45061,31525.0,28.3
45063,55413.0,13.2
45065,41589.0,19.2
45067,30528.0,24.4
45069,32485.0,28.2
45071,41120.0,19.1
45073,44819.0,18.0
45075,37651.0,24.0
45077,44091.0,18.1
45079,51065.0,15.8
45081,41409.0,18.3
45083,45768.0,15.0
45085,41058.0,19.6
45087,35467.0,23.2
45089,28943.0,33.6
45091,57302.0,12.5
46003,50392.0,9.6
46005,47592.0,15.5
46007,40529.0,35.1
46009,48900.0,14.6
46011,55749.0,14.5
46013,52065.0,10.2
46015,50604.0,12.7
46017,22894.0,36.8
46019,43572.0,13.9
46021,49569.0,9.5
46023,41005.0,23.3
46025,60544.0,12.6
46027,43902.0,19.0
46029,53073.0,10.8
46031,31621.0,47.4
46033,54309.0,10.7
46035,47591.0,13.4
46037,45131.0,14.2
46039,54087.0,10.0
46041,38337.0,24.7
46043,51915.0,10.4
46045,56304.0,10.7
46047,44065.0,14.6
46049,47802.0,12.9
46051,51251.0,9.2
46053,36150.0,18.1
46055,50221.0,10.8
46057,57278.0,9.0
46059,52718.0,8.5
46061,59508.0,8.7
46063,57053.0,10.2
46065,60582.0,10.8
46067,49558.0,12.3
46069,49820.0,11.1
46071,36308.0,32.5
46073,49054.0,13.7
46075,47362.0,13.5
46077,54543.0,9.5
46079,55300.0,10.1
46081,51553.0,12.9
46083,77540.0,4.3
46085,39527.0,22.7
46087,56382.0,9.5
46089,43859.0,15.7
46091,50216.0,12.3
46093,55515.0,9.9
46095,34241.0,35.6
46097,47970.0,10.8
46099,55605.0,12.2
46101,54729.0,10.7
46103,52217.0,12.2
46105,44132.0,13.1
46107,54655.0,10.0
46109,42744.0,20.0
46111,49638.0,11.9
46113,,
46115,46504.0,12.1
46117,62015.0,8.3
46119,58230.0,6.9
46121,29193.0,44.0
46123,48289.0,17.7
46125,54134.0,10.0
46127,74439.0,6.3
46129,44480.0,14.8
46135,48991.0,13.6
46137,33239.0,47.1
47001,44488.0,19.7
47003,44734.0,17.0
47005,36201.0,20.5
47007,39730.0,26.1
47009,49532.0,13.1
47011,43772.0,18.1
47013,33092.0,26.2
47015,43864.0,16.4
47017,38412.0,21.1
47019,35053.0,23.6
47021,56447.0,10.6
47023,43452.0,19.0
47025,35193.0,21.6
47027,32750.0,23.7
47029,31355.0,26.4
47031,44452.0,15.9
47033,38474.0,19.1
47035,39472.0,16.7
47037,51999.0,17.1
47039,38771.0,19.4
47041,43804.0,20.2
47043,47621.0,16.4
47045,43391.0,22.5
47047,56710.0,13.8
47049,31824.0,25.7
47051,47286.0,15.0
47053,40789.0,15.7
47055,42207.0,16.1
47057,38103.0,18.7
47059,36309.0,18.0
47061,33595.0,26.1
47063,39566.0,19.0
47065,48943.0,15.2
47067,27987.0,30.1
47069,37729.0,24.2
47071,36765.0,22.7
47073,38708.0,21.2
47075,35216.0,22.5
47077,41328.0,17.5
47079,38328.0,19.1
47081,39682.0,20.4
47083,39999.0,19.5
47085,43657.0,15.9
47087,34651.0,23.6
47089,42669.0,16.8
47091,33402.0,27.2
47093,52136.0,15.6
47095,29908.0,43.1
47097,34715.0,26.2
47099,40076.0,18.9
47101,38198.0,17.9
47103,43694.0,16.0
47105,52787.0,13.5
47107,39207.0,23.0
47109,37337.0,18.9
47111,37865.0,18.5
47113,46694.0,18.1
47115,41090.0,19.0
47117,46788.0,13.8
47119,50868.0,13.2
47121,41061.0,20.2
47123,37867.0,18.6
47125,49603.0,13.4
47127,52911.0,11.8
47129,46067.0,21.2
47131,39946.0,19.5
47133,36316.0,17.5
47135,34445.0,22.3
47137,34714.0,18.9
47139,38923.0,18.4
47141,40629.0,19.7
47143,39863.0,23.3
47145,43939.0,17.6
47147,53413.0,12.3
47149,60022.0,11.1
47151,33254.0,25.5
47153,43207.0,18.7
47155,41987.0,14.6
47157,46998.0,20.2
47159,44556.0,18.1
47161,44266.0,15.5
47163,42277.0,16.4
47165,59816.0,10.1
47167,54077.0,14.4
47169,47531.0,16.2
47171,36641.0,19.2
47173,36878.0,23.9
47175,39348.0,18.9
47177,39357.0,21.2
47179,45261.0,17.2
47181,34895.0,25.4
47183,38025.0,18.2
47185,38649.0,18.2
47187,104367.0,5.0
47189,65372.0,8.4
48001,43062.0,21.0
48003,72184.0,10.4
48005,45428.0,17.9
48007,41560.0,18.2
48009,60414.0,9.5
48011,55198.0,10.4
48013,49047.0,20.4
48015,57960.0,12.7
48017,38299.0,15.8
48019,53662.0,13.3
48021,56866.0,12.7
48023,38231.0,17.4
48025,42540.0,23.4
48027,48894.0,15.9
48029,52230.0,15.6
48031,53449.0,10.9
48033,63358.0,10.2
48035,47135.0,15.0
48037,42515.0,18.6
48039,71230.0,10.6
48041,44767.0,24.0
48043,41785.0,14.8
48045,42261.0,16.6
48047,30124.0,31.7
48049,41981.0,18.2
48051,50113.0,15.5
48053,53086.0,13.2
48055,46093.0,17.8
48057,50873.0,16.8
48059,44450.0,13.0
48061,34044.0,32.0
48063,40768.0,18.8
48065,61083.0,8.5
48067,39274.0,20.0
48069,43372.0,18.8
48071,77282.0,9.6
48073,41355.0,19.0
48075,37732.0,22.3
48077,51234.0,12.3
48079,39398.0,22.5
48081,42498.0,13.5
48083,35922.0,20.0
48085,86823.0,6.6
48087,38775.0,19.0
48089,47783.0,14.5
48091,68362.0,8.3
48093,41155.0,16.8
48095,39945.0,26.4
48097,54534.0,13.2
48099,45989.0,16.0
48101,35602.0,21.4
48103,65883.0,9.6
48105,53903.0,12.9
48107,34562.0,22.8
48109,35192.0,23.9
48111,47559.0,12.0
48113,51824.0,17.9
48115,42589.0,21.9
48117,45713.0,19.4
48119,42846.0,18.5
48121,75898.0,8.0
48123,47365.0,19.2
48125,39169.0,22.2
48127,40040.0,24.4
48129,36862.0,20.2
48131,36986.0,25.4
48133,41944.0,18.1
48135,62519.0,12.6
48137,37567.0,22.2
48139,66811.0,10.9
48141,43101.0,20.3
48143,45663.0,17.7
48145,37912.0,23.9
48147,43733.0,16.4
48149,53173.0,12.0
48151,43082.0,15.2
48153,36859.0,21.8
48155,36466.0,17.8
48157,95117.0,7.0
48159,43569.0,16.4
48161,48057.0,15.8
48163,38809.0,29.3
48165,53297.0,13.3
48167,66173.0,14.0
48169,54606.0,26.8
48171,54180.0,10.4
48173,74854.0,7.8
48175,52612.0,14.1
48177,43519.0,16.4
48179,49415.0,13.0
48181,48164.0,15.2
48183,48561.0,17.0
48185,44226.0,17.8
48187,64252.0,10.3
48189,41999.0,20.3
48191,32158.0,25.5
48193,46181.0,15.4
48195,55215.0,11.7
48197,38154.0,18.0
48199,56201.0,11.8
48201,56670.0,16.6
48203,46593.0,18.5
48205,66231.0,9.9
48207,36085.0,22.3
48209,61121.0,13.6
48211,71177.0,8.6
48213,44944.0,16.2
48215,35441.0,31.1
48217,44965.0,17.8
48219,48768.0,15.9
48221,61371.0,9.8
48223,43284.0,15.9
48225,37536.0,27.0
48227,47148.0,19.1
48229,33048.0,25.0
48231,46632.0,16.5
48233,53085.0,14.2
48235,64777.0,7.9
48237,51711.0,17.1
48239,53667.0,13.6
48241,46541.0,15.7
48243,47654.0,13.3
48245,47620.0,16.9
48247,36048.0,23.2
48249,43028.0,22.1
48251,58685.0,11.4
48253,41871.0,21.4
48255,47129.0,20.0
48257,60438.0,13.1
48259,79108.0,8.0
48261,40082.0,16.5
48263,45338.0,11.3
48265,47389.0,14.3
48267,37448.0,20.0
48269,69588.0,11.0
48271,40840.0,20.6
48273,40066.0,24.3
48275,43238.0,19.2
48277,39433.0,18.8
48279,41807.0,21.8
48281,50985.0,13.9
48283,42500.0,27.9
48285,49752.0,12.2
48287,54747.0,12.4
48289,47740.0,13.8
48291,53552.0,15.8
48293,40655.0,19.1
48295,60955.0,9.7
48297,53184.0,15.8
48299,46366.0,14.8
48301,59499.0,14.3
48303,47139.0,20.1
48305,38922.0,20.5
48307,39900.0,18.6
48309,46264.0,19.9
48311,60709.0,10.0
48313,40857.0,19.2
48315,35152.0,23.4
48317,60815.0,11.4
48319,45340.0,13.8
48321,45073.0,20.5
48323,34687.0,23.9
48325,52831.0,14.8
48327,34308.0,20.8
48329,79829.0,8.9
48331,46433.0,16.9
48333,40958.0,16.6
48335,41977.0,19.7
48337,49653.0,15.2
48339,72428.0,10.1
48341,49345.0,14.4
48343,37236.0,19.5
48345,40575.0,17.0
48347,39556.0,24.5
48349,41047.0,19.6
48351,40345.0,21.2
48353,40052.0,20.0
48355,50188.0,19.9
48357,67136.0,8.8
48359,53797.0,13.4
48361,51156.0,16.1
48363,42932.0,18.6
48365,50057.0,15.1
48367,67545.0,9.4
48369,46827.0,14.5
48371,45839.0,18.1
48373,42746.0,17.2
48375,40353.0,22.4
48377,33218.0,22.4
48379,46698.0,14.4
48381,62080.0,8.5
48383,65948.0,8.8
48385,34031.0,19.4
48387,36347.0,20.2
48389,44470.0,19.3
48391,45562.0,15.4
48393,71859.0,6.7
48395,53635.0,16.6
48397,92150.0,6.0
48399,39404.0,18.5
48401,49347.0,16.6
48403,36813.0,19.7
48405,33156.0,24.3
48407,42371.0,18.1
48409,52952.0,15.5
48411,42559.0,18.9
48413,53886.0,13.4
48415,57385.0,12.7
48417,51685.0,13.1
48419,41519.0,19.8
48421,54010.0,12.8
48423,49364.0,16.0
48425,58040.0,12.1
48427,28292.0,30.9
48429,45410.0,18.2
48431,62759.0,11.6
48433,45928.0,14.5
48435,60310.0,12.5
48437,40584.0,21.6
48439,60735.0,13.1
48441,47388.0,14.8
48443,43815.0,16.7
48445,43357.0,22.5
48447,43225.0,13.6
48449,41538.0,20.1
48451,47756.0,15.6
48453,65244.0,13.2
48455,37213.0,19.5
48457,40820.0,19.9
48459,45494.0,15.5
48461,57085.0,13.5
48463,37700.0,20.7
48465,42465.0,22.1
48467,47252.0,15.9
48469,55406.0,13.6
48471,41429.0,22.7
48473,50746.0,16.0
48475,57570.0,12.8
48477,51879.0,14.5
48479,39237.0,30.5
48481,45198.0,17.2
48483,51114.0,12.9
48485,45430.0,18.9
48487,43073.0,16.5
48489,30287.0,35.4
48491,78531.0,6.6
48493,68805.0,9.4
48495,55331.0,13.3
48497,58367.0,12.1
48499,45753.0,16.6
48501,59752.0,11.1
48503,49079.0,15.0
48505,35754.0,30.9
48507,27711.0,32.0
49001,50492.0,11.2
49003,58380.0,8.4
49005,51951.0,16.0
49007,47894.0,16.3
49009,57368.0,8.0
49011,72268.0,6.9
49013,63149.0,11.0
49015,54086.0,10.4
49017,45509.0,11.2
49019,44858.0,13.0
49021,45118.0,18.3
49023,55201.0,10.5
49025,47530.0,11.3
49027,52206.0,13.1
49029,81358.0,4.8
49031,39507.0,17.3
49033,58645.0,9.1
49035,65549.0,10.8
49037,39305.0,28.5
49039,46929.0,17.2
49041,48711.0,14.0
49043,93235.0,6.2
49045,67938.0,7.2
49047,67561.0,9.9
49049,65425.0,12.5
49051,75112.0,6.9
49053,54398.0,13.2
49055,41596.0,15.0
49057,58786.0,12.4
50001,58408.0,8.9
50003,50506.0,11.8
50005,46403.0,11.5
50007,67112.0,10.4
50009,41764.0,14.3
50011,59280.0,8.1
50013,68342.0,8.3
50015,54076.0,10.2
50017,54552.0,9.8
50019,42884.0,13.3
50021,51164.0,11.4
50023,56333.0,9.3
50025,49298.0,13.2
50027,53984.0,9.1
51001,38690.0,20.4
51003,71293.0,9.5
51005,45210.0,18.2
51007,53078.0,11.1
51009,48646.0,15.0
51011,49461.0,14.2
51013,104354.0,7.1
51015,56867.0,9.3
51017,44401.0,10.3
51019,54153.0,9.1
51021,44727.0,13.6
51023,62591.0,7.4
51025,39748.0,22.1
51027,32433.0,28.8
51029,43774.0,20.2
51031,46938.0,11.7
51033,54696.0,12.0
51035,42790.0,15.0
51036,51645.0,11.6
51037,37819.0,19.2
51041,75107.0,6.9
51043,71789.0,8.4
51045,47832.0,11.9
51047,63728.0,10.2
51049,40958.0,19.6
51051,32620.0,25.0
51053,52694.0,12.4
51057,47427.0,15.5
51059,112844.0,6.2
51061,89610.0,6.8
51063,48448.0,11.9
51065,65899.0,7.8
51067,49117.0,13.1
51069,69991.0,7.7
51071,46727.0,10.6
51073,63742.0,9.3
51075,86257.0,7.4
51077,37684.0,20.1
51079,60406.0,9.3
51081,40252.0,27.9
51083,40432.0,16.9
51085,81900.0,6.2
51087,65524.0,9.3
51089,36695.0,19.6
51091,42363.0,13.8
51093,67480.0,9.9
51095,77668.0,7.1
51097,47513.0,14.0
51099,81128.0,7.1
51101,64651.0,7.9
51103,47098.0,13.1
51105,32135.0,25.9
51107,125900.0,3.7
51109,57015.0,10.6
51111,38941.0,21.1
51113,53655.0,10.4
51115,56119.0,10.2
51117,33650.0,20.4
51119,52407.0,12.8
51121,51157.0,20.8
51125,49621.0,13.9
51127,79322.0,6.7
51131,37515.0,20.5
51133,52075.0,13.7
51135,39544.0,23.7
51137,59482.0,10.4
51139,43313.0,15.0
51141,37360.0,17.0
51143,42390.0,17.1
51145,77761.0,6.4
51147,41088.0,22.3
51149,63320.0,9.9
51153,99206.0,6.7
51155,48218.0,15.0
51157,62729.0,9.8
51159,43888.0,17.7
51161,63372.0,7.3
51163,47561.0,12.8
51165,52953.0,11.0
51167,38386.0,21.2
51169,37567.0,19.2
51171,54281.0,11.5
51173,38933.0,18.1
51175,48119.0,15.2
51177,76181.0,7.7
51179,95666.0,5.4
51181,51331.0,13.0
51183,39900.0,22.1
51185,40476.0,17.2
51187,58047.0,10.8
51191,45864.0,16.3
51193,47581.0,14.1
51195,36076.0,22.7
51197,42883.0,14.4
51199,83007.0,5.3
51510,89177.0,9.1
51515,,
51520,38745.0,19.3
51530,38962.0,17.3
51540,54876.0,20.7
51550,67296.0,9.7
51570,45283.0,10.6
51580,35374.0,18.3
51590,32369.0,23.5
51595,33904.0,22.5
51600,99671.0,7.3
51610,122092.0,3.4
51620,36004.0,19.4
51630,50710.0,15.9
51640,32829.0,24.2
51650,50191.0,15.2
51660,39967.0,30.9
51670,37193.0,20.6
51678,44392.0,22.9
51680,39939.0,23.1
51683,72562.0,9.6
51685,75429.0,7.7
51690,32541.0,23.7
51700,48127.0,16.8
51710,45094.0,21.5
51720,31287.0,23.7
51730,31645.0,28.4
51735,86135.0,5.4
51740,46308.0,18.6
51750,35259.0,32.8
51760,40161.0,24.4
51770,39587.0,21.3
51775,47600.0,10.2
51790,43401.0,15.2
51800,61171.0,13.1
51810,67032.0,8.2
51820,43500.0,16.0
51830,47971.0,22.0
51840,47679.0,17.8
53001,48127.0,16.5
53003,46573.0,15.7
53005,62698.0,14.2
53007,53604.0,12.7
53009,46708.0,15.6
53011,64282.0,10.6
53013,40209.0,15.2
53015,50502.0,15.7
53017,51400.0,13.5
53019,40747.0,20.4
53021,58246.0,15.6
53023,47087.0,15.2
53025,50573.0,16.1
53027,44345.0,16.0
53029,60567.0,8.4
53031,53421.0,11.9
53033,81816.0,9.8
53035,65814.0,9.9
53037,47378.0,20.0
53039,50043.0,17.2
53041,47619.0,15.3
53043,49774.0,14.0
53045,54175.0,16.9
53047,41844.0,20.5
53049,41088.0,18.8
53051,41526.0,19.6
53053,60168.0,12.4
53055,59859.0,11.5
53057,56891.0,14.9
53059,53733.0,14.5
53061,76053.0,9.3
53063,48676.0,15.5
53065,42845.0,19.7
53067,62299.0,12.2
53069,50402.0,12.6
53071,50120.0,16.5
53073,55073.0,14.4
53075,43817.0,20.8
53077,46891.0,19.1
54001,37330.0,20.1
54003,54217.0,12.5
54005,37971.0,23.4
54007,35892.0,23.7
54009,45272.0,14.9
54011,39044.0,20.2
54013,36403.0,20.0
54015,30369.0,27.7
54017,41115.0,18.1
54019,36235.0,19.9
54021,36392.0,25.8
54023,38370.0,15.9
54025,38209.0,19.0
54027,40293.0,18.6
54029,42009.0,13.7
54031,41344.0,14.4
54033,46979.0,16.0
54035,44675.0,15.4
54037,67821.0,10.6
54039,44849.0,16.5
54041,39601.0,20.6
54043,35249.0,28.3
54045,35615.0,22.4
54047,26413.0,34.5
54049,43654.0,16.0
54051,48109.0,12.6
54053,35717.0,22.3
54055,35342.0,21.1
54057,43159.0,15.4
54059,31742.0,29.0
54061,46718.0,19.6
54063,34974.0,18.5
54065,45628.0,14.1
54067,38912.0,18.5
54069,46315.0,14.0
54071,40257.0,16.4
54073,48308.0,15.4
54075,36822.0,18.9
54077,43804.0,17.0
54079,58933.0,10.4
54081,38564.0,19.9
54083,37185.0,19.8
54085,39501.0,18.5
54087,36176.0,21.1
54089,35676.0,26.4
54091,43652.0,16.2
54093,38000.0,17.1
54095,42696.0,16.3
54097,40766.0,17.3
54099,35537.0,22.5
54101,30673.0,29.6
54103,41833.0,20.0
54105,42309.0,17.9
54107,41133.0,17.3
54109,35020.0,22.5
55001,42844.0,17.4
55003,40163.0,17.2
55005,51056.0,10.5
55007,50080.0,11.1
55009,56003.0,11.1
55011,53892.0,10.2
55013,44858.0,13.1
55015,71298.0,6.2
55017,53209.0,10.8
55019,50187.0,13.9
55021,60837.0,8.9
55023,44895.0,14.5
55025,65416.0,11.2
55027,56514.0,8.7
55029,55047.0,8.5
55031,48715.0,14.8
55033,53082.0,13.5
55035,51937.0,13.6
55037,46193.0,12.2
55039,58049.0,9.4
55041,44098.0,14.5
55043,51008.0,14.0
55045,59155.0,7.5
55047,49493.0,12.2
55049,58092.0,9.5
55051,42328.0,13.0
55053,50653.0,12.4
55055,61622.0,9.2
55057,46051.0,14.5
55059,56414.0,12.7
55061,60572.0,8.2
55063,51428.0,14.4
55065,56428.0,10.5
55067,44635.0,14.4
55069,51406.0,9.8
55071,51951.0,10.7
55073,56347.0,9.5
55075,48545.0,12.7
55077,48508.0,12.0
55078,33410.0,35.2
55079,45905.0,20.3
55081,52975.0,12.8
55083,53243.0,9.7
55085,50297.0,9.5
55087,60649.0,9.0
55089,80135.0,5.2
55091,50094.0,10.1
55093,63735.0,9.8
55095,54946.0,10.1
55097,57010.0,12.2
55099,44932.0,13.0
55101,57367.0,12.4
55103,46998.0,14.2
55105,54107.0,13.9
55107,42289.0,14.0
55109,74624.0,5.7
55111,52025.0,11.7
55113,44556.0,15.5
55115,50948.0,11.6
55117,58190.0,9.0
55119,48951.0,12.4
55121,53695.0,9.4
55123,49217.0,14.8
55125,42993.0,13.4
55127,58554.0,12.4
55129,45043.0,13.5
55131,70778.0,5.3
55133,78689.0,4.7
55135,54849.0,10.7
55137,49912.0,11.8
55139,52725.0,11.3
55141,51025.0,11.3
56001,44455.0,20.1
56003,50056.0,12.1
56005,83042.0,7.5
56007,60209.0,11.4
56009,70307.0,8.5
56011,64851.0,7.7
56013,52408.0,12.9
56015,48146.0,15.1
56017,46021.0,11.9
56019,56845.0,8.2
56021,59147.0,10.6
56023,62364.0,8.8
56025,56703.0,11.0
56027,46693.0,13.3
56029,55527.0,9.6
56031,51863.0,11.7
56033,57122.0,9.5
56035,77581.0,6.1
56037,71867.0,8.5
56039,83290.0,6.6
56041,62968.0,9.8
56043,56088.0,11.2
56045,60986.0,9.8
