,FOODINSEC_12_14,FOODINSEC_15_17,VLFOODSEC_12_14,VLFOODSEC_15_17
0,16.8,16.3,7.2,7.1
1,16.8,16.3,7.2,7.1
2,16.8,16.3,7.2,7.1
3,16.8,16.3,7.2,7.1
4,16.8,16.3,7.2,7.1
5,16.8,16.3,7.2,7.1
6,16.8,16.3,7.2,7.1
7,16.8,16.3,7.2,7.1
8,16.8,16.3,7.2,7.1
9,16.8,16.3,7.2,7.1
10,16.8,16.3,7.2,7.1
11,16.8,16.3,7.2,7.1
12,16.8,16.3,7.2,7.1
13,16.8,16.3,7.2,7.1
14,16.8,16.3,7.2,7.1
15,16.8,16.3,7.2,7.1
16,16.8,16.3,7.2,7.1
17,16.8,16.3,7.2,7.1
18,16.8,16.3,7.2,7.1
19,16.8,16.3,7.2,7.1
20,16.8,16.3,7.2,7.1
21,16.8,16.3,7.2,7.1
22,16.8,16.3,7.2,7.1
23,16.8,16.3,7.2,7.1
24,16.8,16.3,7.2,7.1
25,16.8,16.3,7.2,7.1
26,16.8,16.3,7.2,7.1
27,16.8,16.3,7.2,7.1
28,16.8,16.3,7.2,7.1
29,16.8,16.3,7.2,7.1
30,16.8,16.3,7.2,7.1
31,16.8,16.3,7.2,7.1
32,16.8,16.3,7.2,7.1
33,16.8,16.3,7.2,7.1
34,16.8,16.3,7.2,7.1
35,16.8,16.3,7.2,7.1
36,16.8,16.3,7.2,7.1
37,16.8,16.3,7.2,7.1
38,16.8,16.3,7.2,7.1
39,16.8,16.3,7.2,7.1
40,16.8,16.3,7.2,7.1
41,16.8,16.3,7.2,7.1
42,16.8,16.3,7.2,7.1
43,16.8,16.3,7.2,7.1
44,16.8,16.3,7.2,7.1
45,16.8,16.3,7.2,7.1
46,16.8,16.3,7.2,7.1
47,16.8,16.3,7.2,7.1
48,16.8,16.3,7.2,7.1
49,16.8,16.3,7.2,7.1
50,16.8,16.3,7.2,7.1
51,16.8,16.3,7.2,7.1
52,16.8,16.3,7.2,7.1
53,16.8,16.3,7.2,7.1
54,16.8,16.3,7.2,7.1
55,16.8,16.3,7.2,7.1
56,16.8,16.3,7.2,7.1
57,16.8,16.3,7.2,7.1
58,16.8,16.3,7.2,7.1
59,16.8,16.3,7.2,7.1
60,16.8,16.3,7.2,7.1
61,16.8,16.3,7.2,7.1
62,16.8,16.3,7.2,7.1
63,16.8,16.3,7.2,7.1
64,16.8,16.3,7.2,7.1
65,16.8,16.3,7.2,7.1
66,16.8,16.3,7.2,7.1
67,12.0,11.6,4.3,3.7
68,12.0,11.6,4.3,3.7
69,12.0,11.6,4.3,3.7
70,12.0,11.6,4.3,3.7
71,12.0,11.6,4.3,3.7
72,12.0,11.6,4.3,3.7
73,12.0,11.6,4.3,3.7
74,12.0,11.6,4.3,3.7
75,12.0,11.6,4.3,3.7
76,12.0,11.6,4.3,3.7
77,12.0,11.6,4.3,3.7
78,12.0,11.6,4.3,3.7
79,12.0,11.6,4.3,3.7
80,12.0,11.6,4.3,3.7
81,12.0,11.6,4.3,3.7
82,12.0,11.6,4.3,3.7
83,12.0,11.6,4.3,3.7
84,12.0,11.6,4.3,3.7
85,12.0,11.6,4.3,3.7
86,12.0,11.6,4.3,3.7
87,12.0,11.6,4.3,3.7
88,12.0,11.6,4.3,3.7
89,12.0,11.6,4.3,3.7
90,12.0,11.6,4.3,3.7
91,12.0,11.6,4.3,3.7
92,12.0,11.6,4.3,3.7
93,12.0,11.6,4.3,3.7
94,12.0,11.6,4.3,3.7
95,12.0,11.6,4.3,3.7
96,19.9,17.4,8.1,6.5
97,19.9,17.4,8.1,6.5
98,19.9,17.4,8.1,6.5
99,19.9,17.4,8.1,6.5
100,19.9,17.4,8.1,6.5
101,19.9,17.4,8.1,6.5
102,19.9,17.4,8.1,6.5
103,19.9,17.4,8.1,6.5
104,19.9,17.4,8.1,6.5
105,19.9,17.4,8.1,6.5
106,19.9,17.4,8.1,6.5
107,19.9,17.4,8.1,6.5
108,19.9,17.4,8.1,6.5
109,19.9,17.4,8.1,6.5
110,19.9,17.4,8.1,6.5
111,15.4,13.1,6.2,5.7
112,15.4,13.1,6.2,5.7
113,15.4,13.1,6.2,5.7
114,15.4,13.1,6.2,5.7
115,15.4,13.1,6.2,5.7
116,15.4,13.1,6.2,5.7
117,15.4,13.1,6.2,5.7
118,15.4,13.1,6.2,5.7
119,15.4,13.1,6.2,5.7
120,15.4,13.1,6.2,5.7
121,15.4,13.1,6.2,5.7
122,15.4,13.1,6.2,5.7
123,15.4,13.1,6.2,5.7
124,15.4,13.1,6.2,5.7
125,15.4,13.1,6.2,5.7
126,15.4,13.1,6.2,5.7
127,15.4,13.1,6.2,5.7
128,15.4,13.1,6.2,5.7
129,15.4,13.1,6.2,5.7
130,15.4,13.1,6.2,5.7
131,15.4,13.1,6.2,5.7
132,15.4,13.1,6.2,5.7
133,15.4,13.1,6.2,5.7
134,15.4,13.1,6.2,5.7
135,15.4,13.1,6.2,5.7
136,15.4,13.1,6.2,5.7
137,15.4,13.1,6.2,5.7
138,15.4,13.1,6.2,5.7
139,15.4,13.1,6.2,5.7
140,15.4,13.1,6.2,5.7
141,15.4,13.1,6.2,5.7
142,15.4,13.1,6.2,5.7
143,15.4,13.1,6.2,5.7
144,15.4,13.1,6.2,5.7
145,15.4,13.1,6.2,5.7
146,15.4,13.1,6.2,5.7
147,15.4,13.1,6.2,5.7
148,15.4,13.1,6.2,5.7
149,15.4,13.1,6.2,5.7
150,15.4,13.1,6.2,5.7
151,15.4,13.1,6.2,5.7
152,15.4,13.1,6.2,5.7
153,15.4,13.1,6.2,5.7
154,15.4,13.1,6.2,5.7
155,15.4,13.1,6.2,5.7
156,15.4,13.1,6.2,5.7
157,15.4,13.1,6.2,5.7
158,15.4,13.1,6.2,5.7
159,15.4,13.1,6.2,5.7
160,15.4,13.1,6.2,5.7
161,15.4,13.1,6.2,5.7
162,15.4,13.1,6.2,5.7
163,15.4,13.1,6.2,5.7
164,15.4,13.1,6.2,5.7
165,15.4,13.1,6.2,5.7
166,15.4,13.1,6.2,5.7
167,15.4,13.1,6.2,5.7
168,15.4,13.1,6.2,5.7
169,15.4,13.1,6.2,5.7
170,15.4,13.1,6.2,5.7
171,15.4,13.1,6.2,5.7
172,15.4,13.1,6.2,5.7
173,15.4,13.1,6.2,5.7
174,15.4,13.1,6.2,5.7
175,15.4,13.1,6.2,5.7
176,15.4,13.1,6.2,5.7
177,15.4,13.1,6.2,5.7
178,15.4,13.1,6.2,5.7
179,15.4,13.1,6.2,5.7
180,15.4,13.1,6.2,5.7
181,15.4,13.1,6.2,5.7
182,15.4,13.1,6.2,5.7
183,15.4,13.1,6.2,5.7
184,15.4,13.1,6.2,5.7
185,15.4,13.1,6.2,5.7
186,13.5,11.2,5.1,4.1
187,13.5,11.2,5.1,4.1
188,13.5,11.2,5.1,4.1
189,13.5,11.2,5.1,4.1
190,13.5,11.2,5.1,4.1
191,13.5,11.2,5.1,4.1
192,13.5,11.2,5.1,4.1
193,13.5,11.2,5.1,4.1
194,13.5,11.2,5.1,4.1
195,13.5,11.2,5.1,4.1
196,13.5,11.2,5.1,4.1
197,13.5,11.2,5.1,4.1
198,13.5,11.2,5.1,4.1
199,13.5,11.2,5.1,4.1
200,13.5,11.2,5.1,4.1
201,13.5,11.2,5.1,4.1
202,13.5,11.2,5.1,4.1
203,13.5,11.2,5.1,4.1
204,13.5,11.2,5.1,4.1
205,13.5,11.2,5.1,4.1
206,13.5,11.2,5.1,4.1
207,13.5,11.2,5.1,4.1
208,13.5,11.2,5.1,4.1
209,13.5,11.2,5.1,4.1
210,13.5,11.2,5.1,4.1
211,13.5,11.2,5.1,4.1
212,13.5,11.2,5.1,4.1
213,13.5,11.2,5.1,4.1
214,13.5,11.2,5.1,4.1
215,13.5,11.2,5.1,4.1
216,13.5,11.2,5.1,4.1
217,13.5,11.2,5.1,4.1
218,13.5,11.2,5.1,4.1
219,13.5,11.2,5.1,4.1
220,13.5,11.2,5.1,4.1
221,13.5,11.2,5.1,4.1
222,13.5,11.2,5.1,4.1
223,13.5,11.2,5.1,4.1
224,13.5,11.2,5.1,4.1
225,13.5,11.2,5.1,4.1
226,13.5,11.2,5.1,4.1
227,13.5,11.2,5.1,4.1
228,13.5,11.2,5.1,4.1
229,13.5,11.2,5.1,4.1
230,13.5,11.2,5.1,4.1
231,13.5,11.2,5.1,4.1
232,13.5,11.2,5.1,4.1
233,13.5,11.2,5.1,4.1
234,13.5,11.2,5.1,4.1
235,13.5,11.2,5.1,4.1
236,13.5,11.2,5.1,4.1
237,13.5,11.2,5.1,4.1
238,13.5,11.2,5.1,4.1
239,13.5,11.2,5.1,4.1
240,13.5,11.2,5.1,4.1
241,13.5,11.2,5.1,4.1
242,13.5,11.2,5.1,4.1
243,13.5,11.2,5.1,4.1
244,13.6,9.2,5.2,3.8
245,13.6,9.2,5.2,3.8
246,13.6,9.2,5.2,3.8
247,13.6,9.2,5.2,3.8
248,13.6,9.2,5.2,3.8
249,13.6,9.2,5.2,3.8
250,13.6,9.2,5.2,3.8
251,13.6,9.2,5.2,3.8
252,13.6,9.2,5.2,3.8
253,13.6,9.2,5.2,3.8
254,13.6,9.2,5.2,3.8
255,13.6,9.2,5.2,3.8
256,13.6,9.2,5.2,3.8
257,13.6,9.2,5.2,3.8
258,13.6,9.2,5.2,3.8
259,13.6,9.2,5.2,3.8
260,13.6,9.2,5.2,3.8
261,13.6,9.2,5.2,3.8
262,13.6,9.2,5.2,3.8
263,13.6,9.2,5.2,3.8
264,13.6,9.2,5.2,3.8
265,13.6,9.2,5.2,3.8
266,13.6,9.2,5.2,3.8
267,13.6,9.2,5.2,3.8
268,13.6,9.2,5.2,3.8
269,13.6,9.2,5.2,3.8
270,13.6,9.2,5.2,3.8
271,13.6,9.2,5.2,3.8
272,13.6,9.2,5.2,3.8
273,13.6,9.2,5.2,3.8
274,13.6,9.2,5.2,3.8
275,13.6,9.2,5.2,3.8
276,13.6,9.2,5.2,3.8
277,13.6,9.2,5.2,3.8
278,13.6,9.2,5.2,3.8
279,13.6,9.2,5.2,3.8
280,13.6,9.2,5.2,3.8
281,13.6,9.2,5.2,3.8
282,13.6,9.2,5.2,3.8
283,13.6,9.2,5.2,3.8
284,13.6,9.2,5.2,3.8
285,13.6,9.2,5.2,3.8
286,13.6,9.2,5.2,3.8
287,13.6,9.2,5.2,3.8
288,13.6,9.2,5.2,3.8
289,13.6,9.2,5.2,3.8
290,13.6,9.2,5.2,3.8
291,13.6,9.2,5.2,3.8
292,13.6,9.2,5.2,3.8
293,13.6,9.2,5.2,3.8
294,13.6,9.2,5.2,3.8
295,13.6,9.2,5.2,3.8
296,13.6,9.2,5.2,3.8
297,13.6,9.2,5.2,3.8
298,13.6,9.2,5.2,3.8
299,13.6,9.2,5.2,3.8
300,13.6,9.2,5.2,3.8
301,13.6,9.2,5.2,3.8
302,13.6,9.2,5.2,3.8
303,13.6,9.2,5.2,3.8
304,13.6,9.2,5.2,3.8
305,13.6,9.2,5.2,3.8
306,13.6,9.2,5.2,3.8
307,13.6,9.2,5.2,3.8
308,13.9,12.2,6.0,4.7
309,13.9,12.2,6.0,4.7
310,13.9,12.2,6.0,4.7
311,13.9,12.2,6.0,4.7
312,13.9,12.2,6.0,4.7
313,13.9,12.2,6.0,4.7
314,13.9,12.2,6.0,4.7
315,13.9,12.2,6.0,4.7
316,13.2,11.2,4.9,4.5
317,13.2,11.2,4.9,4.5
318,13.2,11.2,4.9,4.5
319,12.1,11.1,4.6,3.5
320,13.8,11.9,5.5,4.2
321,13.8,11.9,5.5,4.2
322,13.8,11.9,5.5,4.2
323,13.8,11.9,5.5,4.2
324,13.8,11.9,5.5,4.2
325,13.8,11.9,5.5,4.2
326,13.8,11.9,5.5,4.2
327,13.8,11.9,5.5,4.2
328,13.8,11.9,5.5,4.2
329,13.8,11.9,5.5,4.2
330,13.8,11.9,5.5,4.2
331,13.8,11.9,5.5,4.2
332,13.8,11.9,5.5,4.2
333,13.8,11.9,5.5,4.2
334,13.8,11.9,5.5,4.2
335,13.8,11.9,5.5,4.2
336,13.8,11.9,5.5,4.2
337,13.8,11.9,5.5,4.2
338,13.8,11.9,5.5,4.2
339,13.8,11.9,5.5,4.2
340,13.8,11.9,5.5,4.2
341,13.8,11.9,5.5,4.2
342,13.8,11.9,5.5,4.2
343,13.8,11.9,5.5,4.2
344,13.8,11.9,5.5,4.2
345,13.8,11.9,5.5,4.2
346,13.8,11.9,5.5,4.2
347,13.8,11.9,5.5,4.2
348,13.8,11.9,5.5,4.2
349,13.8,11.9,5.5,4.2
350,13.8,11.9,5.5,4.2
351,13.8,11.9,5.5,4.2
352,13.8,11.9,5.5,4.2
353,13.8,11.9,5.5,4.2
354,13.8,11.9,5.5,4.2
355,13.8,11.9,5.5,4.2
356,13.8,11.9,5.5,4.2
357,13.8,11.9,5.5,4.2
358,13.8,11.9,5.5,4.2
359,13.8,11.9,5.5,4.2
360,13.8,11.9,5.5,4.2
361,13.8,11.9,5.5,4.2
362,13.8,11.9,5.5,4.2
363,13.8,11.9,5.5,4.2
364,13.8,11.9,5.5,4.2
365,13.8,11.9,5.5,4.2
366,13.8,11.9,5.5,4.2
367,13.8,11.9,5.5,4.2
368,13.8,11.9,5.5,4.2
369,13.8,11.9,5.5,4.2
370,13.8,11.9,5.5,4.2
371,13.8,11.9,5.5,4.2
372,13.8,11.9,5.5,4.2
373,13.8,11.9,5.5,4.2
374,13.8,11.9,5.5,4.2
375,13.8,11.9,5.5,4.2
376,13.8,11.9,5.5,4.2
377,13.8,11.9,5.5,4.2
378,13.8,11.9,5.5,4.2
379,13.8,11.9,5.5,4.2
380,13.8,11.9,5.5,4.2
381,13.8,11.9,5.5,4.2
382,13.8,11.9,5.5,4.2
383,13.8,11.9,5.5,4.2
384,13.8,11.9,5.5,4.2
385,13.8,11.9,5.5,4.2
386,13.8,11.9,5.5,4.2
387,15.7,13.0,6.2,4.4
388,15.7,13.0,6.2,4.4
389,15.7,13.0,6.2,4.4
390,15.7,13.0,6.2,4.4
391,15.7,13.0,6.2,4.4
392,15.7,13.0,6.2,4.4
393,15.7,13.0,6.2,4.4
394,15.7,13.0,6.2,4.4
395,15.7,13.0,6.2,4.4
396,15.7,13.0,6.2,4.4
397,15.7,13.0,6.2,4.4
398,15.7,13.0,6.2,4.4
399,15.7,13.0,6.2,4.4
400,15.7,13.0,6.2,4.4
401,15.7,13.0,6.2,4.4
402,15.7,13.0,6.2,4.4
403,15.7,13.0,6.2,4.4
404,15.7,13.0,6.2,4.4
405,15.7,13.0,6.2,4.4
406,15.7,13.0,6.2,4.4
407,15.7,13.0,6.2,4.4
408,15.7,13.0,6.2,4.4
409,15.7,13.0,6.2,4.4
410,15.7,13.0,6.2,4.4
411,15.7,13.0,6.2,4.4
412,15.7,13.0,6.2,4.4
413,15.7,13.0,6.2,4.4
414,15.7,13.0,6.2,4.4
415,15.7,13.0,6.2,4.4
416,15.7,13.0,6.2,4.4
417,15.7,13.0,6.2,4.4
418,15.7,13.0,6.2,4.4
419,15.7,13.0,6.2,4.4
420,15.7,13.0,6.2,4.4
421,15.7,13.0,6.2,4.4
422,15.7,13.0,6.2,4.4
423,15.7,13.0,6.2,4.4
424,15.7,13.0,6.2,4.4
425,15.7,13.0,6.2,4.4
426,15.7,13.0,6.2,4.4
427,15.7,13.0,6.2,4.4
428,15.7,13.0,6.2,4.4
429,15.7,13.0,6.2,4.4
430,15.7,13.0,6.2,4.4
431,15.7,13.0,6.2,4.4
432,15.7,13.0,6.2,4.4
433,15.7,13.0,6.2,4.4
434,15.7,13.0,6.2,4.4
435,15.7,13.0,6.2,4.4
436,15.7,13.0,6.2,4.4
437,15.7,13.0,6.2,4.4
438,15.7,13.0,6.2,4.4
439,15.7,13.0,6.2,4.4
440,15.7,13.0,6.2,4.4
441,15.7,13.0,6.2,4.4
442,15.7,13.0,6.2,4.4
443,15.7,13.0,6.2,4.4
444,15.7,13.0,6.2,4.4
445,15.7,13.0,6.2,4.4
446,15.7,13.0,6.2,4.4
447,15.7,13.0,6.2,4.4
448,15.7,13.0,6.2,4.4
449,15.7,13.0,6.2,4.4
450,15.7,13.0,6.2,4.4
451,15.7,13.0,6.2,4.4
452,15.7,13.0,6.2,4.4
453,15.7,13.0,6.2,4.4
454,15.7,13.0,6.2,4.4
455,15.7,13.0,6.2,4.4
456,15.7,13.0,6.2,4.4
457,15.7,13.0,6.2,4.4
458,15.7,13.0,6.2,4.4
459,15.7,13.0,6.2,4.4
460,15.7,13.0,6.2,4.4
461,15.7,13.0,6.2,4.4
462,15.7,13.0,6.2,4.4
463,15.7,13.0,6.2,4.4
464,15.7,13.0,6.2,4.4
465,15.7,13.0,6.2,4.4
466,15.7,13.0,6.2,4.4
467,15.7,13.0,6.2,4.4
468,15.7,13.0,6.2,4.4
469,15.7,13.0,6.2,4.4
470,15.7,13.0,6.2,4.4
471,15.7,13.0,6.2,4.4
472,15.7,13.0,6.2,4.4
473,15.7,13.0,6.2,4.4
474,15.7,13.0,6.2,4.4
475,15.7,13.0,6.2,4.4
476,15.7,13.0,6.2,4.4
477,15.7,13.0,6.2,4.4
478,15.7,13.0,6.2,4.4
479,15.7,13.0,6.2,4.4
480,15.7,13.0,6.2,4.4
481,15.7,13.0,6.2,4.4
482,15.7,13.0,6.2,4.4
483,15.7,13.0,6.2,4.4
484,15.7,13.0,6.2,4.4
485,15.7,13.0,6.2,4.4
486,15.7,13.0,6.2,4.4
487,15.7,13.0,6.2,4.4
488,15.7,13.0,6.2,4.4
489,15.7,13.0,6.2,4.4
490,15.7,13.0,6.2,4.4
491,15.7,13.0,6.2,4.4
492,15.7,13.0,6.2,4.4
493,15.7,13.0,6.2,4.4
494,15.7,13.0,6.2,4.4
495,15.7,13.0,6.2,4.4
496,15.7,13.0,6.2,4.4
497,15.7,13.0,6.2,4.4
498,15.7,13.0,6.2,4.4
499,15.7,13.0,6.2,4.4
500,15.7,13.0,6.2,4.4
501,15.7,13.0,6.2,4.4
502,15.7,13.0,6.2,4.4
503,15.7,13.0,6.2,4.4
504,15.7,13.0,6.2,4.4
505,15.7,13.0,6.2,4.4
506,15.7,13.0,6.2,4.4
507,15.7,13.0,6.2,4.4
508,15.7,13.0,6.2,4.4
509,15.7,13.0,6.2,4.4
510,15.7,13.0,6.2,4.4
511,15.7,13.0,6.2,4.4
512,15.7,13.0,6.2,4.4
513,15.7,13.0,6.2,4.4
514,15.7,13.0,6.2,4.4
515,15.7,13.0,6.2,4.4
516,15.7,13.0,6.2,4.4
517,15.7,13.0,6.2,4.4
518,15.7,13.0,6.2,4.4
519,15.7,13.0,6.2,4.4
520,15.7,13.0,6.2,4.4
521,15.7,13.0,6.2,4.4
522,15.7,13.0,6.2,4.4
523,15.7,13.0,6.2,4.4
524,15.7,13.0,6.2,4.4
525,15.7,13.0,6.2,4.4
526,15.7,13.0,6.2,4.4
527,15.7,13.0,6.2,4.4
528,15.7,13.0,6.2,4.4
529,15.7,13.0,6.2,4.4
530,15.7,13.0,6.2,4.4
531,15.7,13.0,6.2,4.4
532,15.7,13.0,6.2,4.4
533,15.7,13.0,6.2,4.4
534,15.7,13.0,6.2,4.4
535,15.7,13.0,6.2,4.4
536,15.7,13.0,6.2,4.4
537,15.7,13.0,6.2,4.4
538,15.7,13.0,6.2,4.4
539,15.7,13.0,6.2,4.4
540,15.7,13.0,6.2,4.4
541,15.7,13.0,6.2,4.4
542,15.7,13.0,6.2,4.4
543,15.7,13.0,6.2,4.4
544,15.7,13.0,6.2,4.4
545,15.7,13.0,6.2,4.4
546,12.3,7.4,4.0,2.9
547,12.3,7.4,4.0,2.9
548,12.3,7.4,4.0,2.9
549,12.3,7.4,4.0,2.9
550,12.3,7.4,4.0,2.9
551,11.4,10.5,4.6,4.3
552,11.4,10.5,4.6,4.3
553,11.4,10.5,4.6,4.3
554,11.4,10.5,4.6,4.3
555,11.4,10.5,4.6,4.3
556,11.4,10.5,4.6,4.3
557,11.4,10.5,4.6,4.3
558,11.4,10.5,4.6,4.3
559,11.4,10.5,4.6,4.3
560,11.4,10.5,4.6,4.3
561,11.4,10.5,4.6,4.3
562,11.4,10.5,4.6,4.3
563,11.4,10.5,4.6,4.3
564,11.4,10.5,4.6,4.3
565,11.4,10.5,4.6,4.3
566,11.4,10.5,4.6,4.3
567,11.4,10.5,4.6,4.3
568,11.4,10.5,4.6,4.3
569,11.4,10.5,4.6,4.3
570,11.4,10.5,4.6,4.3
571,11.4,10.5,4.6,4.3
572,11.4,10.5,4.6,4.3
573,11.4,10.5,4.6,4.3
574,11.4,10.5,4.6,4.3
575,11.4,10.5,4.6,4.3
576,11.4,10.5,4.6,4.3
577,11.4,10.5,4.6,4.3
578,11.4,10.5,4.6,4.3
579,11.4,10.5,4.6,4.3
580,11.4,10.5,4.6,4.3
581,11.4,10.5,4.6,4.3
582,11.4,10.5,4.6,4.3
583,11.4,10.5,4.6,4.3
584,11.4,10.5,4.6,4.3
585,11.4,10.5,4.6,4.3
586,11.4,10.5,4.6,4.3
587,11.4,10.5,4.6,4.3
588,11.4,10.5,4.6,4.3
589,11.4,10.5,4.6,4.3
590,11.4,10.5,4.6,4.3
591,11.4,10.5,4.6,4.3
592,11.4,10.5,4.6,4.3
593,11.4,10.5,4.6,4.3
594,11.4,10.5,4.6,4.3
595,14.1,11.0,5.3,4.0
596,14.1,11.0,5.3,4.0
597,14.1,11.0,5.3,4.0
598,14.1,11.0,5.3,4.0
599,14.1,11.0,5.3,4.0
600,14.1,11.0,5.3,4.0
601,14.1,11.0,5.3,4.0
602,14.1,11.0,5.3,4.0
603,14.1,11.0,5.3,4.0
604,14.1,11.0,5.3,4.0
605,14.1,11.0,5.3,4.0
606,14.1,11.0,5.3,4.0
607,14.1,11.0,5.3,4.0
608,14.1,11.0,5.3,4.0
609,14.1,11.0,5.3,4.0
610,14.1,11.0,5.3,4.0
611,14.1,11.0,5.3,4.0
612,14.1,11.0,5.3,4.0
613,14.1,11.0,5.3,4.0
614,14.1,11.0,5.3,4.0
615,14.1,11.0,5.3,4.0
616,14.1,11.0,5.3,4.0
617,14.1,11.0,5.3,4.0
618,14.1,11.0,5.3,4.0
619,14.1,11.0,5.3,4.0
620,14.1,11.0,5.3,4.0
621,14.1,11.0,5.3,4.0
622,14.1,11.0,5.3,4.0
623,14.1,11.0,5.3,4.0
624,14.1,11.0,5.3,4.0
625,14.1,11.0,5.3,4.0
626,14.1,11.0,5.3,4.0
627,14.1,11.0,5.3,4.0
628,14.1,11.0,5.3,4.0
629,14.1,11.0,5.3,4.0
630,14.1,11.0,5.3,4.0
631,14.1,11.0,5.3,4.0
632,14.1,11.0,5.3,4.0
633,14.1,11.0,5.3,4.0
634,14.1,11.0,5.3,4.0
635,14.1,11.0,5.3,4.0
636,14.1,11.0,5.3,4.0
637,14.1,11.0,5.3,4.0
638,14.1,11.0,5.3,4.0
639,14.1,11.0,5.3,4.0
640,14.1,11.0,5.3,4.0
641,14.1,11.0,5.3,4.0
642,14.1,11.0,5.3,4.0
643,14.1,11.0,5.3,4.0
644,14.1,11.0,5.3,4.0
645,14.1,11.0,5.3,4.0
646,14.1,11.0,5.3,4.0
647,14.1,11.0,5.3,4.0
648,14.1,11.0,5.3,4.0
649,14.1,11.0,5.3,4.0
650,14.1,11.0,5.3,4.0
651,14.1,11.0,5.3,4.0
652,14.1,11.0,5.3,4.0
653,14.1,11.0,5.3,4.0
654,14.1,11.0,5.3,4.0
655,14.1,11.0,5.3,4.0
656,14.1,11.0,5.3,4.0
657,14.1,11.0,5.3,4.0
658,14.1,11.0,5.3,4.0
659,14.1,11.0,5.3,4.0
660,14.1,11.0,5.3,4.0
661,14.1,11.0,5.3,4.0
662,14.1,11.0,5.3,4.0
663,14.1,11.0,5.3,4.0
664,14.1,11.0,5.3,4.0
665,14.1,11.0,5.3,4.0
666,14.1,11.0,5.3,4.0
667,14.1,11.0,5.3,4.0
668,14.1,11.0,5.3,4.0
669,14.1,11.0,5.3,4.0
670,14.1,11.0,5.3,4.0
671,14.1,11.0,5.3,4.0
672,14.1,11.0,5.3,4.0
673,14.1,11.0,5.3,4.0
674,14.1,11.0,5.3,4.0
675,14.1,11.0,5.3,4.0
676,14.1,11.0,5.3,4.0
677,14.1,11.0,5.3,4.0
678,14.1,11.0,5.3,4.0
679,14.1,11.0,5.3,4.0
680,14.1,11.0,5.3,4.0
681,14.1,11.0,5.3,4.0
682,14.1,11.0,5.3,4.0
683,14.1,11.0,5.3,4.0
684,14.1,11.0,5.3,4.0
685,14.1,11.0,5.3,4.0
686,14.1,11.0,5.3,4.0
687,14.1,11.0,5.3,4.0
688,14.1,11.0,5.3,4.0
689,14.1,11.0,5.3,4.0
690,14.1,11.0,5.3,4.0
691,14.1,11.0,5.3,4.0
692,14.1,11.0,5.3,4.0
693,14.1,11.0,5.3,4.0
694,14.1,11.0,5.3,4.0
695,14.1,11.0,5.3,4.0
696,14.1,11.0,5.3,4.0
697,11.7,11.2,4.4,4.7
698,11.7,11.2,4.4,4.7
699,11.7,11.2,4.4,4.7
700,11.7,11.2,4.4,4.7
701,11.7,11.2,4.4,4.7
702,11.7,11.2,4.4,4.7
703,11.7,11.2,4.4,4.7
704,11.7,11.2,4.4,4.7
705,11.7,11.2,4.4,4.7
706,11.7,11.2,4.4,4.7
707,11.7,11.2,4.4,4.7
708,11.7,11.2,4.4,4.7
709,11.7,11.2,4.4,4.7
710,11.7,11.2,4.4,4.7
711,11.7,11.2,4.4,4.7
712,11.7,11.2,4.4,4.7
713,11.7,11.2,4.4,4.7
714,11.7,11.2,4.4,4.7
715,11.7,11.2,4.4,4.7
716,11.7,11.2,4.4,4.7
717,11.7,11.2,4.4,4.7
718,11.7,11.2,4.4,4.7
719,11.7,11.2,4.4,4.7
720,11.7,11.2,4.4,4.7
721,11.7,11.2,4.4,4.7
722,11.7,11.2,4.4,4.7
723,11.7,11.2,4.4,4.7
724,11.7,11.2,4.4,4.7
725,11.7,11.2,4.4,4.7
726,11.7,11.2,4.4,4.7
727,11.7,11.2,4.4,4.7
728,11.7,11.2,4.4,4.7
729,11.7,11.2,4.4,4.7
730,11.7,11.2,4.4,4.7
731,11.7,11.2,4.4,4.7
732,11.7,11.2,4.4,4.7
733,11.7,11.2,4.4,4.7
734,11.7,11.2,4.4,4.7
735,11.7,11.2,4.4,4.7
736,11.7,11.2,4.4,4.7
737,11.7,11.2,4.4,4.7
738,11.7,11.2,4.4,4.7
739,11.7,11.2,4.4,4.7
740,11.7,11.2,4.4,4.7
741,11.7,11.2,4.4,4.7
742,11.7,11.2,4.4,4.7
743,11.7,11.2,4.4,4.7
744,11.7,11.2,4.4,4.7
745,11.7,11.2,4.4,4.7
746,11.7,11.2,4.4,4.7
747,11.7,11.2,4.4,4.7
748,11.7,11.2,4.4,4.7
749,11.7,11.2,4.4,4.7
750,11.7,11.2,4.4,4.7
751,11.7,11.2,4.4,4.7
752,11.7,11.2,4.4,4.7
753,11.7,11.2,4.4,4.7
754,11.7,11.2,4.4,4.7
755,11.7,11.2,4.4,4.7
756,11.7,11.2,4.4,4.7
757,11.7,11.2,4.4,4.7
758,11.7,11.2,4.4,4.7
759,11.7,11.2,4.4,4.7
760,11.7,11.2,4.4,4.7
761,11.7,11.2,4.4,4.7
762,11.7,11.2,4.4,4.7
763,11.7,11.2,4.4,4.7
764,11.7,11.2,4.4,4.7
765,11.7,11.2,4.4,4.7
766,11.7,11.2,4.4,4.7
767,11.7,11.2,4.4,4.7
768,11.7,11.2,4.4,4.7
769,11.7,11.2,4.4,4.7
770,11.7,11.2,4.4,4.7
771,11.7,11.2,4.4,4.7
772,11.7,11.2,4.4,4.7
773,11.7,11.2,4.4,4.7
774,11.7,11.2,4.4,4.7
775,11.7,11.2,4.4,4.7
776,11.7,11.2,4.4,4.7
777,11.7,11.2,4.4,4.7
778,11.7,11.2,4.4,4.7
779,11.7,11.2,4.4,4.7
780,11.7,11.2,4.4,4.7
781,11.7,11.2,4.4,4.7
782,11.7,11.2,4.4,4.7
783,11.7,11.2,4.4,4.7
784,11.7,11.2,4.4,4.7
785,11.7,11.2,4.4,4.7
786,11.7,11.2,4.4,4.7
787,11.7,11.2,4.4,4.7
788,11.7,11.2,4.4,4.7
789,14.6,13.6,6.4,5.7
790,14.6,13.6,6.4,5.7
791,14.6,13.6,6.4,5.7
792,14.6,13.6,6.4,5.7
793,14.6,13.6,6.4,5.7
794,14.6,13.6,6.4,5.7
795,14.6,13.6,6.4,5.7
796,14.6,13.6,6.4,5.7
797,14.6,13.6,6.4,5.7
798,14.6,13.6,6.4,5.7
799,14.6,13.6,6.4,5.7
800,14.6,13.6,6.4,5.7
801,14.6,13.6,6.4,5.7
802,14.6,13.6,6.4,5.7
803,14.6,13.6,6.4,5.7
804,14.6,13.6,6.4,5.7
805,14.6,13.6,6.4,5.7
806,14.6,13.6,6.4,5.7
807,14.6,13.6,6.4,5.7
808,14.6,13.6,6.4,5.7
809,14.6,13.6,6.4,5.7
810,14.6,13.6,6.4,5.7
811,14.6,13.6,6.4,5.7
812,14.6,13.6,6.4,5.7
813,14.6,13.6,6.4,5.7
814,14.6,13.6,6.4,5.7
815,14.6,13.6,6.4,5.7
816,14.6,13.6,6.4,5.7
817,14.6,13.6,6.4,5.7
818,14.6,13.6,6.4,5.7
819,14.6,13.6,6.4,5.7
820,14.6,13.6,6.4,5.7
821,14.6,13.6,6.4,5.7
822,14.6,13.6,6.4,5.7
823,14.6,13.6,6.4,5.7
824,14.6,13.6,6.4,5.7
825,14.6,13.6,6.4,5.7
826,14.6,13.6,6.4,5.7
827,14.6,13.6,6.4,5.7
828,14.6,13.6,6.4,5.7
829,14.6,13.6,6.4,5.7
830,14.6,13.6,6.4,5.7
831,14.6,13.6,6.4,5.7
832,14.6,13.6,6.4,5.7
833,14.6,13.6,6.4,5.7
834,14.6,13.6,6.4,5.7
835,14.6,13.6,6.4,5.7
836,14.6,13.6,6.4,5.7
837,14.6,13.6,6.4,5.7
838,14.6,13.6,6.4,5.7
839,14.6,13.6,6.4,5.7
840,14.6,13.6,6.4,5.7
841,14.6,13.6,6.4,5.7
842,14.6,13.6,6.4,5.7
843,14.6,13.6,6.4,5.7
844,14.6,13.6,6.4,5.7
845,14.6,13.6,6.4,5.7
846,14.6,13.6,6.4,5.7
847,14.6,13.6,6.4,5.7
848,14.6,13.6,6.4,5.7
849,14.6,13.6,6.4,5.7
850,14.6,13.6,6.4,5.7
851,14.6,13.6,6.4,5.7
852,14.6,13.6,6.4,5.7
853,14.6,13.6,6.4,5.7
854,14.6,13.6,6.4,5.7
855,14.6,13.6,6.4,5.7
856,14.6,13.6,6.4,5.7
857,14.6,13.6,6.4,5.7
858,14.6,13.6,6.4,5.7
859,14.6,13.6,6.4,5.7
860,14.6,13.6,6.4,5.7
861,14.6,13.6,6.4,5.7
862,14.6,13.6,6.4,5.7
863,14.6,13.6,6.4,5.7
864,14.6,13.6,6.4,5.7
865,14.6,13.6,6.4,5.7
866,14.6,13.6,6.4,5.7
867,14.6,13.6,6.4,5.7
868,14.6,13.6,6.4,5.7
869,14.6,13.6,6.4,5.7
870,14.6,13.6,6.4,5.7
871,14.6,13.6,6.4,5.7
872,14.6,13.6,6.4,5.7
873,14.6,13.6,6.4,5.7
874,14.6,13.6,6.4,5.7
875,14.6,13.6,6.4,5.7
876,14.6,13.6,6.4,5.7
877,14.6,13.6,6.4,5.7
878,14.6,13.6,6.4,5.7
879,14.6,13.6,6.4,5.7
880,14.6,13.6,6.4,5.7
881,14.6,13.6,6.4,5.7
882,14.6,13.6,6.4,5.7
883,14.6,13.6,6.4,5.7
884,14.6,13.6,6.4,5.7
885,14.6,13.6,6.4,5.7
886,14.6,13.6,6.4,5.7
887,14.6,13.6,6.4,5.7
888,15.9,13.3,6.4,5.6
889,15.9,13.3,6.4,5.6
890,15.9,13.3,6.4,5.6
891,15.9,13.3,6.4,5.6
892,15.9,13.3,6.4,5.6
893,15.9,13.3,6.4,5.6
894,15.9,13.3,6.4,5.6
895,15.9,13.3,6.4,5.6
896,15.9,13.3,6.4,5.6
897,15.9,13.3,6.4,5.6
898,15.9,13.3,6.4,5.6
899,15.9,13.3,6.4,5.6
900,15.9,13.3,6.4,5.6
901,15.9,13.3,6.4,5.6
902,15.9,13.3,6.4,5.6
903,15.9,13.3,6.4,5.6
904,15.9,13.3,6.4,5.6
905,15.9,13.3,6.4,5.6
906,15.9,13.3,6.4,5.6
907,15.9,13.3,6.4,5.6
908,15.9,13.3,6.4,5.6
909,15.9,13.3,6.4,5.6
910,15.9,13.3,6.4,5.6
911,15.9,13.3,6.4,5.6
912,15.9,13.3,6.4,5.6
913,15.9,13.3,6.4,5.6
914,15.9,13.3,6.4,5.6
915,15.9,13.3,6.4,5.6
916,15.9,13.3,6.4,5.6
917,15.9,13.3,6.4,5.6
918,15.9,13.3,6.4,5.6
919,15.9,13.3,6.4,5.6
920,15.9,13.3,6.4,5.6
921,15.9,13.3,6.4,5.6
922,15.9,13.3,6.4,5.6
923,15.9,13.3,6.4,5.6
924,15.9,13.3,6.4,5.6
925,15.9,13.3,6.4,5.6
926,15.9,13.3,6.4,5.6
927,15.9,13.3,6.4,5.6
928,15.9,13.3,6.4,5.6
929,15.9,13.3,6.4,5.6
930,15.9,13.3,6.4,5.6
931,15.9,13.3,6.4,5.6
932,15.9,13.3,6.4,5.6
933,15.9,13.3,6.4,5.6
934,15.9,13.3,6.4,5.6
935,15.9,13.3,6.4,5.6
936,15.9,13.3,6.4,5.6
937,15.9,13.3,6.4,5.6
938,15.9,13.3,6.4,5.6
939,15.9,13.3,6.4,5.6
940,15.9,13.3,6.4,5.6
941,15.9,13.3,6.4,5.6
942,15.9,13.3,6.4,5.6
943,15.9,13.3,6.4,5.6
944,15.9,13.3,6.4,5.6
945,15.9,13.3,6.4,5.6
946,15.9,13.3,6.4,5.6
947,15.9,13.3,6.4,5.6
948,15.9,13.3,6.4,5.6
949,15.9,13.3,6.4,5.6
950,15.9,13.3,6.4,5.6
951,15.9,13.3,6.4,5.6
952,15.9,13.3,6.4,5.6
953,15.9,13.3,6.4,5.6
954,15.9,13.3,6.4,5.6
955,15.9,13.3,6.4,5.6
956,15.9,13.3,6.4,5.6
957,15.9,13.3,6.4,5.6
958,15.9,13.3,6.4,5.6
959,15.9,13.3,6.4,5.6
960,15.9,13.3,6.4,5.6
961,15.9,13.3,6.4,5.6
962,15.9,13.3,6.4,5.6
963,15.9,13.3,6.4,5.6
964,15.9,13.3,6.4,5.6
965,15.9,13.3,6.4,5.6
966,15.9,13.3,6.4,5.6
967,15.9,13.3,6.4,5.6
968,15.9,13.3,6.4,5.6
969,15.9,13.3,6.4,5.6
970,15.9,13.3,6.4,5.6
971,15.9,13.3,6.4,5.6
972,15.9,13.3,6.4,5.6
973,15.9,13.3,6.4,5.6
974,15.9,13.3,6.4,5.6
975,15.9,13.3,6.4,5.6
976,15.9,13.3,6.4,5.6
977,15.9,13.3,6.4,5.6
978,15.9,13.3,6.4,5.6
979,15.9,13.3,6.4,5.6
980,15.9,13.3,6.4,5.6
981,15.9,13.3,6.4,5.6
982,15.9,13.3,6.4,5.6
983,15.9,13.3,6.4,5.6
984,15.9,13.3,6.4,5.6
985,15.9,13.3,6.4,5.6
986,15.9,13.3,6.4,5.6
987,15.9,13.3,6.4,5.6
988,15.9,13.3,6.4,5.6
989,15.9,13.3,6.4,5.6
990,15.9,13.3,6.4,5.6
991,15.9,13.3,6.4,5.6
992,15.9,13.3,6.4,5.6
993,17.5,14.7,7.0,6.1
994,17.5,14.7,7.0,6.1
995,17.5,14.7,7.0,6.1
996,17.5,14.7,7.0,6.1
997,17.5,14.7,7.0,6.1
998,17.5,14.7,7.0,6.1
999,17.5,14.7,7.0,6.1
1000,17.5,14.7,7.0,6.1
1001,17.5,14.7,7.0,6.1
1002,17.5,14.7,7.0,6.1
1003,17.5,14.7,7.0,6.1
1004,17.5,14.7,7.0,6.1
1005,17.5,14.7,7.0,6.1
1006,17.5,14.7,7.0,6.1
1007,17.5,14.7,7.0,6.1
1008,17.5,14.7,7.0,6.1
1009,17.5,14.7,7.0,6.1
1010,17.5,14.7,7.0,6.1
1011,17.5,14.7,7.0,6.1
1012,17.5,14.7,7.0,6.1
1013,17.5,14.7,7.0,6.1
1014,17.5,14.7,7.0,6.1
1015,17.5,14.7,7.0,6.1
1016,17.5,14.7,7.0,6.1
1017,17.5,14.7,7.0,6.1
1018,17.5,14.7,7.0,6.1
1019,17.5,14.7,7.0,6.1
1020,17.5,14.7,7.0,6.1
1021,17.5,14.7,7.0,6.1
1022,17.5,14.7,7.0,6.1
1023,17.5,14.7,7.0,6.1
1024,17.5,14.7,7.0,6.1
1025,17.5,14.7,7.0,6.1
1026,17.5,14.7,7.0,6.1
1027,17.5,14.7,7.0,6.1
1028,17.5,14.7,7.0,6.1
1029,17.5,14.7,7.0,6.1
1030,17.5,14.7,7.0,6.1
1031,17.5,14.7,7.0,6.1
1032,17.5,14.7,7.0,6.1
1033,17.5,14.7,7.0,6.1
1034,17.5,14.7,7.0,6.1
1035,17.5,14.7,7.0,6.1
1036,17.5,14.7,7.0,6.1
1037,17.5,14.7,7.0,6.1
1038,17.5,14.7,7.0,6.1
1039,17.5,14.7,7.0,6.1
1040,17.5,14.7,7.0,6.1
1041,17.5,14.7,7.0,6.1
1042,17.5,14.7,7.0,6.1
1043,17.5,14.7,7.0,6.1
1044,17.5,14.7,7.0,6.1
1045,17.5,14.7,7.0,6.1
1046,17.5,14.7,7.0,6.1
1047,17.5,14.7,7.0,6.1
1048,17.5,14.7,7.0,6.1
1049,17.5,14.7,7.0,6.1
1050,17.5,14.7,7.0,6.1
1051,17.5,14.7,7.0,6.1
1052,17.5,14.7,7.0,6.1
1053,17.5,14.7,7.0,6.1
1054,17.5,14.7,7.0,6.1
1055,17.5,14.7,7.0,6.1
1056,17.5,14.7,7.0,6.1
1057,17.5,14.7,7.0,6.1
1058,17.5,14.7,7.0,6.1
1059,17.5,14.7,7.0,6.1
1060,17.5,14.7,7.0,6.1
1061,17.5,14.7,7.0,6.1
1062,17.5,14.7,7.0,6.1
1063,17.5,14.7,7.0,6.1
1064,17.5,14.7,7.0,6.1
1065,17.5,14.7,7.0,6.1
1066,17.5,14.7,7.0,6.1
1067,17.5,14.7,7.0,6.1
1068,17.5,14.7,7.0,6.1
1069,17.5,14.7,7.0,6.1
1070,17.5,14.7,7.0,6.1
1071,17.5,14.7,7.0,6.1
1072,17.5,14.7,7.0,6.1
1073,17.5,14.7,7.0,6.1
1074,17.5,14.7,7.0,6.1
1075,17.5,14.7,7.0,6.1
1076,17.5,14.7,7.0,6.1
1077,17.5,14.7,7.0,6.1
1078,17.5,14.7,7.0,6.1
1079,17.5,14.7,7.0,6.1
1080,17.5,14.7,7.0,6.1
1081,17.5,14.7,7.0,6.1
1082,17.5,14.7,7.0,6.1
1083,17.5,14.7,7.0,6.1
1084,17.5,14.7,7.0,6.1
1085,17.5,14.7,7.0,6.1
1086,17.5,14.7,7.0,6.1
1087,17.5,14.7,7.0,6.1
1088,17.5,14.7,7.0,6.1
1089,17.5,14.7,7.0,6.1
1090,17.5,14.7,7.0,6.1
1091,17.5,14.7,7.0,6.1
1092,17.5,14.7,7.0,6.1
1093,17.5,14.7,7.0,6.1
1094,17.5,14.7,7.0,6.1
1095,17.5,14.7,7.0,6.1
1096,17.5,14.7,7.0,6.1
1097,17.5,14.7,7.0,6.1
1098,17.5,14.7,7.0,6.1
1099,17.5,14.7,7.0,6.1
1100,17.5,14.7,7.0,6.1
1101,17.5,14.7,7.0,6.1
1102,17.5,14.7,7.0,6.1
1103,17.5,14.7,7.0,6.1
1104,17.5,14.7,7.0,6.1
1105,17.5,14.7,7.0,6.1
1106,17.5,14.7,7.0,6.1
1107,17.5,14.7,7.0,6.1
1108,17.5,14.7,7.0,6.1
1109,17.5,14.7,7.0,6.1
1110,17.5,14.7,7.0,6.1
1111,17.5,14.7,7.0,6.1
1112,17.5,14.7,7.0,6.1
1113,17.6,17.3,7.1,7.1
1114,17.6,17.3,7.1,7.1
1115,17.6,17.3,7.1,7.1
1116,17.6,17.3,7.1,7.1
1117,17.6,17.3,7.1,7.1
1118,17.6,17.3,7.1,7.1
1119,17.6,17.3,7.1,7.1
1120,17.6,17.3,7.1,7.1
1121,17.6,17.3,7.1,7.1
1122,17.6,17.3,7.1,7.1
1123,17.6,17.3,7.1,7.1
1124,17.6,17.3,7.1,7.1
1125,17.6,17.3,7.1,7.1
1126,17.6,17.3,7.1,7.1
1127,17.6,17.3,7.1,7.1
1128,17.6,17.3,7.1,7.1
1129,17.6,17.3,7.1,7.1
1130,17.6,17.3,7.1,7.1
1131,17.6,17.3,7.1,7.1
1132,17.6,17.3,7.1,7.1
1133,17.6,17.3,7.1,7.1
1134,17.6,17.3,7.1,7.1
1135,17.6,17.3,7.1,7.1
1136,17.6,17.3,7.1,7.1
1137,17.6,17.3,7.1,7.1
1138,17.6,17.3,7.1,7.1
1139,17.6,17.3,7.1,7.1
1140,17.6,17.3,7.1,7.1
1141,17.6,17.3,7.1,7.1
1142,17.6,17.3,7.1,7.1
1143,17.6,17.3,7.1,7.1
1144,17.6,17.3,7.1,7.1
1145,17.6,17.3,7.1,7.1
1146,17.6,17.3,7.1,7.1
1147,17.6,17.3,7.1,7.1
1148,17.6,17.3,7.1,7.1
1149,17.6,17.3,7.1,7.1
1150,17.6,17.3,7.1,7.1
1151,17.6,17.3,7.1,7.1
1152,17.6,17.3,7.1,7.1
1153,17.6,17.3,7.1,7.1
1154,17.6,17.3,7.1,7.1
1155,17.6,17.3,7.1,7.1
1156,17.6,17.3,7.1,7.1
1157,17.6,17.3,7.1,7.1
1158,17.6,17.3,7.1,7.1
1159,17.6,17.3,7.1,7.1
1160,17.6,17.3,7.1,7.1
1161,17.6,17.3,7.1,7.1
1162,17.6,17.3,7.1,7.1
1163,17.6,17.3,7.1,7.1
1164,17.6,17.3,7.1,7.1
1165,17.6,17.3,7.1,7.1
1166,17.6,17.3,7.1,7.1
1167,17.6,17.3,7.1,7.1
1168,17.6,17.3,7.1,7.1
1169,17.6,17.3,7.1,7.1
1170,17.6,17.3,7.1,7.1
1171,17.6,17.3,7.1,7.1
1172,17.6,17.3,7.1,7.1
1173,17.6,17.3,7.1,7.1
1174,17.6,17.3,7.1,7.1
1175,17.6,17.3,7.1,7.1
1176,17.6,17.3,7.1,7.1
1177,9.6,10.2,4.1,3.8
1178,9.6,10.2,4.1,3.8
1179,9.6,10.2,4.1,3.8
1180,9.6,10.2,4.1,3.8
1181,9.6,10.2,4.1,3.8
1182,9.6,10.2,4.1,3.8
1183,9.6,10.2,4.1,3.8
1184,9.6,10.2,4.1,3.8
1185,9.6,10.2,4.1,3.8
1186,9.6,10.2,4.1,3.8
1187,9.6,10.2,4.1,3.8
1188,9.6,10.2,4.1,3.8
1189,9.6,10.2,4.1,3.8
1190,9.6,10.2,4.1,3.8
1191,9.6,10.2,4.1,3.8
1192,9.6,10.2,4.1,3.8
1193,12.5,10.4,4.8,4.3
1194,12.5,10.4,4.8,4.3
1195,12.5,10.4,4.8,4.3
1196,12.5,10.4,4.8,4.3
1197,12.5,10.4,4.8,4.3
1198,12.5,10.4,4.8,4.3
1199,12.5,10.4,4.8,4.3
1200,12.5,10.4,4.8,4.3
1201,12.5,10.4,4.8,4.3
1202,12.5,10.4,4.8,4.3
1203,12.5,10.4,4.8,4.3
1204,12.5,10.4,4.8,4.3
1205,12.5,10.4,4.8,4.3
1206,12.5,10.4,4.8,4.3
1207,12.5,10.4,4.8,4.3
1208,12.5,10.4,4.8,4.3
1209,12.5,10.4,4.8,4.3
1210,12.5,10.4,4.8,4.3
1211,12.5,10.4,4.8,4.3
1212,12.5,10.4,4.8,4.3
1213,12.5,10.4,4.8,4.3
1214,12.5,10.4,4.8,4.3
1215,12.5,10.4,4.8,4.3
1216,12.5,10.4,4.8,4.3
1217,16.2,14.4,7.5,6.4
1218,16.2,14.4,7.5,6.4
1219,16.2,14.4,7.5,6.4
1220,16.2,14.4,7.5,6.4
1221,16.2,14.4,7.5,6.4
1222,16.2,14.4,7.5,6.4
1223,16.2,14.4,7.5,6.4
1224,16.2,14.4,7.5,6.4
1225,16.2,14.4,7.5,6.4
1226,16.2,14.4,7.5,6.4
1227,16.2,14.4,7.5,6.4
1228,16.2,14.4,7.5,6.4
1229,16.2,14.4,7.5,6.4
1230,16.2,14.4,7.5,6.4
1231,14.7,13.6,6.3,6.0
1232,14.7,13.6,6.3,6.0
1233,14.7,13.6,6.3,6.0
1234,14.7,13.6,6.3,6.0
1235,14.7,13.6,6.3,6.0
1236,14.7,13.6,6.3,6.0
1237,14.7,13.6,6.3,6.0
1238,14.7,13.6,6.3,6.0
1239,14.7,13.6,6.3,6.0
1240,14.7,13.6,6.3,6.0
1241,14.7,13.6,6.3,6.0
1242,14.7,13.6,6.3,6.0
1243,14.7,13.6,6.3,6.0
1244,14.7,13.6,6.3,6.0
1245,14.7,13.6,6.3,6.0
1246,14.7,13.6,6.3,6.0
1247,14.7,13.6,6.3,6.0
1248,14.7,13.6,6.3,6.0
1249,14.7,13.6,6.3,6.0
1250,14.7,13.6,6.3,6.0
1251,14.7,13.6,6.3,6.0
1252,14.7,13.6,6.3,6.0
1253,14.7,13.6,6.3,6.0
1254,14.7,13.6,6.3,6.0
1255,14.7,13.6,6.3,6.0
1256,14.7,13.6,6.3,6.0
1257,14.7,13.6,6.3,6.0
1258,14.7,13.6,6.3,6.0
1259,14.7,13.6,6.3,6.0
1260,14.7,13.6,6.3,6.0
1261,14.7,13.6,6.3,6.0
1262,14.7,13.6,6.3,6.0
1263,14.7,13.6,6.3,6.0
1264,14.7,13.6,6.3,6.0
1265,14.7,13.6,6.3,6.0
1266,14.7,13.6,6.3,6.0
1267,14.7,13.6,6.3,6.0
1268,14.7,13.6,6.3,6.0
1269,14.7,13.6,6.3,6.0
1270,14.7,13.6,6.3,6.0
1271,14.7,13.6,6.3,6.0
1272,14.7,13.6,6.3,6.0
1273,14.7,13.6,6.3,6.0
1274,14.7,13.6,6.3,6.0
1275,14.7,13.6,6.3,6.0
1276,14.7,13.6,6.3,6.0
1277,14.7,13.6,6.3,6.0
1278,14.7,13.6,6.3,6.0
1279,14.7,13.6,6.3,6.0
1280,14.7,13.6,6.3,6.0
1281,14.7,13.6,6.3,6.0
1282,14.7,13.6,6.3,6.0
1283,14.7,13.6,6.3,6.0
1284,14.7,13.6,6.3,6.0
1285,14.7,13.6,6.3,6.0
1286,14.7,13.6,6.3,6.0
1287,14.7,13.6,6.3,6.0
1288,14.7,13.6,6.3,6.0
1289,14.7,13.6,6.3,6.0
1290,14.7,13.6,6.3,6.0
1291,14.7,13.6,6.3,6.0
1292,14.7,13.6,6.3,6.0
1293,14.7,13.6,6.3,6.0
1294,14.7,13.6,6.3,6.0
1295,14.7,13.6,6.3,6.0
1296,14.7,13.6,6.3,6.0
1297,14.7,13.6,6.3,6.0
1298,14.7,13.6,6.3,6.0
1299,14.7,13.6,6.3,6.0
1300,14.7,13.6,6.3,6.0
1301,14.7,13.6,6.3,6.0
1302,14.7,13.6,6.3,6.0
1303,14.7,13.6,6.3,6.0
1304,14.7,13.6,6.3,6.0
1305,14.7,13.6,6.3,6.0
1306,14.7,13.6,6.3,6.0
1307,14.7,13.6,6.3,6.0
1308,14.7,13.6,6.3,6.0
1309,14.7,13.6,6.3,6.0
1310,14.7,13.6,6.3,6.0
1311,14.7,13.6,6.3,6.0
1312,14.7,13.6,6.3,6.0
1313,14.7,13.6,6.3,6.0
1314,10.4,9.5,4.2,3.7
1315,10.4,9.5,4.2,3.7
1316,10.4,9.5,4.2,3.7
1317,10.4,9.5,4.2,3.7
1318,10.4,9.5,4.2,3.7
1319,10.4,9.5,4.2,3.7
1320,10.4,9.5,4.2,3.7
1321,10.4,9.5,4.2,3.7
1322,10.4,9.5,4.2,3.7
1323,10.4,9.5,4.2,3.7
1324,10.4,9.5,4.2,3.7
1325,10.4,9.5,4.2,3.7
1326,10.4,9.5,4.2,3.7
1327,10.4,9.5,4.2,3.7
1328,10.4,9.5,4.2,3.7
1329,10.4,9.5,4.2,3.7
1330,10.4,9.5,4.2,3.7
1331,10.4,9.5,4.2,3.7
1332,10.4,9.5,4.2,3.7
1333,10.4,9.5,4.2,3.7
1334,10.4,9.5,4.2,3.7
1335,10.4,9.5,4.2,3.7
1336,10.4,9.5,4.2,3.7
1337,10.4,9.5,4.2,3.7
1338,10.4,9.5,4.2,3.7
1339,10.4,9.5,4.2,3.7
1340,10.4,9.5,4.2,3.7
1341,10.4,9.5,4.2,3.7
1342,10.4,9.5,4.2,3.7
1343,10.4,9.5,4.2,3.7
1344,10.4,9.5,4.2,3.7
1345,10.4,9.5,4.2,3.7
1346,10.4,9.5,4.2,3.7
1347,10.4,9.5,4.2,3.7
1348,10.4,9.5,4.2,3.7
1349,10.4,9.5,4.2,3.7
1350,10.4,9.5,4.2,3.7
1351,10.4,9.5,4.2,3.7
1352,10.4,9.5,4.2,3.7
1353,10.4,9.5,4.2,3.7
1354,10.4,9.5,4.2,3.7
1355,10.4,9.5,4.2,3.7
1356,10.4,9.5,4.2,3.7
1357,10.4,9.5,4.2,3.7
1358,10.4,9.5,4.2,3.7
1359,10.4,9.5,4.2,3.7
1360,10.4,9.5,4.2,3.7
1361,10.4,9.5,4.2,3.7
1362,10.4,9.5,4.2,3.7
1363,10.4,9.5,4.2,3.7
1364,10.4,9.5,4.2,3.7
1365,10.4,9.5,4.2,3.7
1366,10.4,9.5,4.2,3.7
1367,10.4,9.5,4.2,3.7
1368,10.4,9.5,4.2,3.7
1369,10.4,9.5,4.2,3.7
1370,10.4,9.5,4.2,3.7
1371,10.4,9.5,4.2,3.7
1372,10.4,9.5,4.2,3.7
1373,10.4,9.5,4.2,3.7
1374,10.4,9.5,4.2,3.7
1375,10.4,9.5,4.2,3.7
1376,10.4,9.5,4.2,3.7
1377,10.4,9.5,4.2,3.7
1378,10.4,9.5,4.2,3.7
1379,10.4,9.5,4.2,3.7
1380,10.4,9.5,4.2,3.7
1381,10.4,9.5,4.2,3.7
1382,10.4,9.5,4.2,3.7
1383,10.4,9.5,4.2,3.7
1384,10.4,9.5,4.2,3.7
1385,10.4,9.5,4.2,3.7
1386,10.4,9.5,4.2,3.7
1387,10.4,9.5,4.2,3.7
1388,10.4,9.5,4.2,3.7
1389,10.4,9.5,4.2,3.7
1390,10.4,9.5,4.2,3.7
1391,10.4,9.5,4.2,3.7
1392,10.4,9.5,4.2,3.7
1393,10.4,9.5,4.2,3.7
1394,10.4,9.5,4.2,3.7
1395,10.4,9.5,4.2,3.7
1396,10.4,9.5,4.2,3.7
1397,10.4,9.5,4.2,3.7
1398,10.4,9.5,4.2,3.7
1399,10.4,9.5,4.2,3.7
1400,10.4,9.5,4.2,3.7
1401,16.8,12.8,7.9,4.8
1402,16.8,12.8,7.9,4.8
1403,16.8,12.8,7.9,4.8
1404,16.8,12.8,7.9,4.8
1405,16.8,12.8,7.9,4.8
1406,16.8,12.8,7.9,4.8
1407,16.8,12.8,7.9,4.8
1408,16.8,12.8,7.9,4.8
1409,16.8,12.8,7.9,4.8
1410,16.8,12.8,7.9,4.8
1411,16.8,12.8,7.9,4.8
1412,16.8,12.8,7.9,4.8
1413,16.8,12.8,7.9,4.8
1414,16.8,12.8,7.9,4.8
1415,16.8,12.8,7.9,4.8
1416,16.8,12.8,7.9,4.8
1417,16.8,12.8,7.9,4.8
1418,16.8,12.8,7.9,4.8
1419,16.8,12.8,7.9,4.8
1420,16.8,12.8,7.9,4.8
1421,16.8,12.8,7.9,4.8
1422,16.8,12.8,7.9,4.8
1423,16.8,12.8,7.9,4.8
1424,16.8,12.8,7.9,4.8
1425,16.8,12.8,7.9,4.8
1426,16.8,12.8,7.9,4.8
1427,16.8,12.8,7.9,4.8
1428,16.8,12.8,7.9,4.8
1429,16.8,12.8,7.9,4.8
1430,16.8,12.8,7.9,4.8
1431,16.8,12.8,7.9,4.8
1432,16.8,12.8,7.9,4.8
1433,16.8,12.8,7.9,4.8
1434,16.8,12.8,7.9,4.8
1435,16.8,12.8,7.9,4.8
1436,16.8,12.8,7.9,4.8
1437,16.8,12.8,7.9,4.8
1438,16.8,12.8,7.9,4.8
1439,16.8,12.8,7.9,4.8
1440,16.8,12.8,7.9,4.8
1441,16.8,12.8,7.9,4.8
1442,16.8,12.8,7.9,4.8
1443,16.8,12.8,7.9,4.8
1444,16.8,12.8,7.9,4.8
1445,16.8,12.8,7.9,4.8
1446,16.8,12.8,7.9,4.8
1447,16.8,12.8,7.9,4.8
1448,16.8,12.8,7.9,4.8
1449,16.8,12.8,7.9,4.8
1450,16.8,12.8,7.9,4.8
1451,16.8,12.8,7.9,4.8
1452,16.8,12.8,7.9,4.8
1453,16.8,12.8,7.9,4.8
1454,16.8,12.8,7.9,4.8
1455,16.8,12.8,7.9,4.8
1456,16.8,12.8,7.9,4.8
1457,16.8,12.8,7.9,4.8
1458,16.8,12.8,7.9,4.8
1459,16.8,12.8,7.9,4.8
1460,16.8,12.8,7.9,4.8
1461,16.8,12.8,7.9,4.8
1462,16.8,12.8,7.9,4.8
1463,16.8,12.8,7.9,4.8
1464,16.8,12.8,7.9,4.8
1465,16.8,12.8,7.9,4.8
1466,16.8,12.8,7.9,4.8
1467,16.8,12.8,7.9,4.8
1468,16.8,12.8,7.9,4.8
1469,16.8,12.8,7.9,4.8
1470,16.8,12.8,7.9,4.8
1471,16.8,12.8,7.9,4.8
1472,16.8,12.8,7.9,4.8
1473,16.8,12.8,7.9,4.8
1474,16.8,12.8,7.9,4.8
1475,16.8,12.8,7.9,4.8
1476,16.8,12.8,7.9,4.8
1477,16.8,12.8,7.9,4.8
1478,16.8,12.8,7.9,4.8
1479,16.8,12.8,7.9,4.8
1480,16.8,12.8,7.9,4.8
1481,16.8,12.8,7.9,4.8
1482,16.8,12.8,7.9,4.8
1483,22.0,17.2,7.3,6.6
1484,22.0,17.2,7.3,6.6
1485,22.0,17.2,7.3,6.6
1486,22.0,17.2,7.3,6.6
1487,22.0,17.2,7.3,6.6
1488,22.0,17.2,7.3,6.6
1489,22.0,17.2,7.3,6.6
1490,22.0,17.2,7.3,6.6
1491,22.0,17.2,7.3,6.6
1492,22.0,17.2,7.3,6.6
1493,22.0,17.2,7.3,6.6
1494,22.0,17.2,7.3,6.6
1495,22.0,17.2,7.3,6.6
1496,22.0,17.2,7.3,6.6
1497,22.0,17.2,7.3,6.6
1498,22.0,17.2,7.3,6.6
1499,22.0,17.2,7.3,6.6
1500,22.0,17.2,7.3,6.6
1501,22.0,17.2,7.3,6.6
1502,22.0,17.2,7.3,6.6
1503,22.0,17.2,7.3,6.6
1504,22.0,17.2,7.3,6.6
1505,22.0,17.2,7.3,6.6
1506,22.0,17.2,7.3,6.6
1507,22.0,17.2,7.3,6.6
1508,22.0,17.2,7.3,6.6
1509,22.0,17.2,7.3,6.6
1510,22.0,17.2,7.3,6.6
1511,22.0,17.2,7.3,6.6
1512,22.0,17.2,7.3,6.6
1513,22.0,17.2,7.3,6.6
1514,22.0,17.2,7.3,6.6
1515,22.0,17.2,7.3,6.6
1516,22.0,17.2,7.3,6.6
1517,22.0,17.2,7.3,6.6
1518,22.0,17.2,7.3,6.6
1519,22.0,17.2,7.3,6.6
1520,22.0,17.2,7.3,6.6
1521,22.0,17.2,7.3,6.6
1522,22.0,17.2,7.3,6.6
1523,22.0,17.2,7.3,6.6
1524,22.0,17.2,7.3,6.6
1525,22.0,17.2,7.3,6.6
1526,22.0,17.2,7.3,6.6
1527,22.0,17.2,7.3,6.6
1528,22.0,17.2,7.3,6.6
1529,22.0,17.2,7.3,6.6
1530,22.0,17.2,7.3,6.6
1531,22.0,17.2,7.3,6.6
1532,22.0,17.2,7.3,6.6
1533,22.0,17.2,7.3,6.6
1534,22.0,17.2,7.3,6.6
1535,22.0,17.2,7.3,6.6
1536,22.0,17.2,7.3,6.6
1537,22.0,17.2,7.3,6.6
1538,22.0,17.2,7.3,6.6
1539,22.0,17.2,7.3,6.6
1540,22.0,17.2,7.3,6.6
1541,22.0,17.2,7.3,6.6
1542,22.0,17.2,7.3,6.6
1543,22.0,17.2,7.3,6.6
1544,22.0,17.2,7.3,6.6
1545,22.0,17.2,7.3,6.6
1546,22.0,17.2,7.3,6.6
1547,22.0,17.2,7.3,6.6
1548,22.0,17.2,7.3,6.6
1549,22.0,17.2,7.3,6.6
1550,22.0,17.2,7.3,6.6
1551,22.0,17.2,7.3,6.6
1552,22.0,17.2,7.3,6.6
1553,22.0,17.2,7.3,6.6
1554,22.0,17.2,7.3,6.6
1555,22.0,17.2,7.3,6.6
1556,22.0,17.2,7.3,6.6
1557,22.0,17.2,7.3,6.6
1558,22.0,17.2,7.3,6.6
1559,22.0,17.2,7.3,6.6
1560,22.0,17.2,7.3,6.6
1561,22.0,17.2,7.3,6.6
1562,22.0,17.2,7.3,6.6
1563,22.0,17.2,7.3,6.6
1564,22.0,17.2,7.3,6.6
1565,22.0,17.2,7.3,6.6
1566,22.0,17.2,7.3,6.6
1567,22.0,17.2,7.3,6.6
1568,22.0,17.2,7.3,6.6
1569,22.0,17.2,7.3,6.6
1570,22.0,17.2,7.3,6.6
1571,22.0,17.2,7.3,6.6
1572,22.0,17.2,7.3,6.6
1573,22.0,17.2,7.3,6.6
1574,22.0,17.2,7.3,6.6
1575,22.0,17.2,7.3,6.6
1576,22.0,17.2,7.3,6.6
1577,22.0,17.2,7.3,6.6
1578,22.0,17.2,7.3,6.6
1579,22.0,17.2,7.3,6.6
1580,22.0,17.2,7.3,6.6
1581,22.0,17.2,7.3,6.6
1582,22.0,17.2,7.3,6.6
1583,22.0,17.2,7.3,6.6
1584,22.0,17.2,7.3,6.6
1585,22.0,17.2,7.3,6.6
1586,22.0,17.2,7.3,6.6
1587,22.0,17.2,7.3,6.6
1588,22.0,17.2,7.3,6.6
1589,22.0,17.2,7.3,6.6
1590,22.0,17.2,7.3,6.6
1591,22.0,17.2,7.3,6.6
1592,22.0,17.2,7.3,6.6
1593,22.0,17.2,7.3,6.6
1594,22.0,17.2,7.3,6.6
1595,22.0,17.2,7.3,6.6
1596,22.0,17.2,7.3,6.6
1597,22.0,17.2,7.3,6.6
1598,11.5,11.4,5.4,4.6
1599,11.5,11.4,5.4,4.6
1600,11.5,11.4,5.4,4.6
1601,11.5,11.4,5.4,4.6
1602,11.5,11.4,5.4,4.6
1603,11.5,11.4,5.4,4.6
1604,11.5,11.4,5.4,4.6
1605,11.5,11.4,5.4,4.6
1606,11.5,11.4,5.4,4.6
1607,11.5,11.4,5.4,4.6
1608,11.5,11.4,5.4,4.6
1609,11.5,11.4,5.4,4.6
1610,11.5,11.4,5.4,4.6
1611,11.5,11.4,5.4,4.6
1612,11.5,11.4,5.4,4.6
1613,11.5,11.4,5.4,4.6
1614,11.5,11.4,5.4,4.6
1615,11.5,11.4,5.4,4.6
1616,11.5,11.4,5.4,4.6
1617,11.5,11.4,5.4,4.6
1618,11.5,11.4,5.4,4.6
1619,11.5,11.4,5.4,4.6
1620,11.5,11.4,5.4,4.6
1621,11.5,11.4,5.4,4.6
1622,11.5,11.4,5.4,4.6
1623,11.5,11.4,5.4,4.6
1624,11.5,11.4,5.4,4.6
1625,11.5,11.4,5.4,4.6
1626,11.5,11.4,5.4,4.6
1627,11.5,11.4,5.4,4.6
1628,11.5,11.4,5.4,4.6
1629,11.5,11.4,5.4,4.6
1630,11.5,11.4,5.4,4.6
1631,11.5,11.4,5.4,4.6
1632,11.5,11.4,5.4,4.6
1633,11.5,11.4,5.4,4.6
1634,11.5,11.4,5.4,4.6
1635,11.5,11.4,5.4,4.6
1636,11.5,11.4,5.4,4.6
1637,11.5,11.4,5.4,4.6
1638,11.5,11.4,5.4,4.6
1639,11.5,11.4,5.4,4.6
1640,11.5,11.4,5.4,4.6
1641,11.5,11.4,5.4,4.6
1642,11.5,11.4,5.4,4.6
1643,11.5,11.4,5.4,4.6
1644,11.5,11.4,5.4,4.6
1645,11.5,11.4,5.4,4.6
1646,11.5,11.4,5.4,4.6
1647,11.5,11.4,5.4,4.6
1648,11.5,11.4,5.4,4.6
1649,11.5,11.4,5.4,4.6
1650,11.5,11.4,5.4,4.6
1651,11.5,11.4,5.4,4.6
1652,11.5,11.4,5.4,4.6
1653,11.5,11.4,5.4,4.6
1654,16.7,14.4,6.4,5.6
1655,16.7,14.4,6.4,5.6
1656,16.7,14.4,6.4,5.6
1657,16.7,14.4,6.4,5.6
1658,16.7,14.4,6.4,5.6
1659,16.7,14.4,6.4,5.6
1660,16.7,14.4,6.4,5.6
1661,16.7,14.4,6.4,5.6
1662,16.7,14.4,6.4,5.6
1663,16.7,14.4,6.4,5.6
1664,16.7,14.4,6.4,5.6
1665,16.7,14.4,6.4,5.6
1666,16.7,14.4,6.4,5.6
1667,16.7,14.4,6.4,5.6
1668,16.7,14.4,6.4,5.6
1669,16.7,14.4,6.4,5.6
1670,16.7,14.4,6.4,5.6
1671,16.7,14.4,6.4,5.6
1672,16.7,14.4,6.4,5.6
1673,16.7,14.4,6.4,5.6
1674,16.7,14.4,6.4,5.6
1675,16.7,14.4,6.4,5.6
1676,16.7,14.4,6.4,5.6
1677,16.7,14.4,6.4,5.6
1678,16.7,14.4,6.4,5.6
1679,16.7,14.4,6.4,5.6
1680,16.7,14.4,6.4,5.6
1681,16.7,14.4,6.4,5.6
1682,16.7,14.4,6.4,5.6
1683,16.7,14.4,6.4,5.6
1684,16.7,14.4,6.4,5.6
1685,16.7,14.4,6.4,5.6
1686,16.7,14.4,6.4,5.6
1687,16.7,14.4,6.4,5.6
1688,16.7,14.4,6.4,5.6
1689,16.7,14.4,6.4,5.6
1690,16.7,14.4,6.4,5.6
1691,16.7,14.4,6.4,5.6
1692,16.7,14.4,6.4,5.6
1693,16.7,14.4,6.4,5.6
1694,16.7,14.4,6.4,5.6
1695,16.7,14.4,6.4,5.6
1696,16.7,14.4,6.4,5.6
1697,16.7,14.4,6.4,5.6
1698,16.7,14.4,6.4,5.6
1699,16.7,14.4,6.4,5.6
1700,16.7,14.4,6.4,5.6
1701,16.7,14.4,6.4,5.6
1702,16.7,14.4,6.4,5.6
1703,16.7,14.4,6.4,5.6
1704,16.7,14.4,6.4,5.6
1705,16.7,14.4,6.4,5.6
1706,16.7,14.4,6.4,5.6
1707,16.7,14.4,6.4,5.6
1708,16.7,14.4,6.4,5.6
1709,16.7,14.4,6.4,5.6
1710,16.7,14.4,6.4,5.6
1711,16.7,14.4,6.4,5.6
1712,16.7,14.4,6.4,5.6
1713,16.7,14.4,6.4,5.6
1714,16.7,14.4,6.4,5.6
1715,16.7,14.4,6.4,5.6
1716,16.7,14.4,6.4,5.6
1717,16.7,14.4,6.4,5.6
1718,16.7,14.4,6.4,5.6
1719,16.7,14.4,6.4,5.6
1720,16.7,14.4,6.4,5.6
1721,16.7,14.4,6.4,5.6
1722,16.7,14.4,6.4,5.6
1723,16.7,14.4,6.4,5.6
1724,16.7,14.4,6.4,5.6
1725,16.7,14.4,6.4,5.6
1726,16.7,14.4,6.4,5.6
1727,16.7,14.4,6.4,5.6
1728,16.7,14.4,6.4,5.6
1729,16.7,14.4,6.4,5.6
1730,16.7,14.4,6.4,5.6
1731,16.7,14.4,6.4,5.6
1732,16.7,14.4,6.4,5.6
1733,16.7,14.4,6.4,5.6
1734,16.7,14.4,6.4,5.6
1735,16.7,14.4,6.4,5.6
1736,16.7,14.4,6.4,5.6
1737,16.7,14.4,6.4,5.6
1738,16.7,14.4,6.4,5.6
1739,16.7,14.4,6.4,5.6
1740,16.7,14.4,6.4,5.6
1741,16.7,14.4,6.4,5.6
1742,16.7,14.4,6.4,5.6
1743,16.7,14.4,6.4,5.6
1744,16.7,14.4,6.4,5.6
1745,16.7,14.4,6.4,5.6
1746,16.7,14.4,6.4,5.6
1747,8.4,9.0,2.9,3.5
1748,8.4,9.0,2.9,3.5
1749,8.4,9.0,2.9,3.5
1750,8.4,9.0,2.9,3.5
1751,8.4,9.0,2.9,3.5
1752,8.4,9.0,2.9,3.5
1753,8.4,9.0,2.9,3.5
1754,8.4,9.0,2.9,3.5
1755,8.4,9.0,2.9,3.5
1756,8.4,9.0,2.9,3.5
1757,8.4,9.0,2.9,3.5
1758,8.4,9.0,2.9,3.5
1759,8.4,9.0,2.9,3.5
1760,8.4,9.0,2.9,3.5
1761,8.4,9.0,2.9,3.5
1762,8.4,9.0,2.9,3.5
1763,8.4,9.0,2.9,3.5
1764,13.9,13.5,5.5,5.4
1765,13.9,13.5,5.5,5.4
1766,13.9,13.5,5.5,5.4
1767,13.9,13.5,5.5,5.4
1768,13.9,13.5,5.5,5.4
1769,13.9,13.5,5.5,5.4
1770,13.9,13.5,5.5,5.4
1771,13.9,13.5,5.5,5.4
1772,13.9,13.5,5.5,5.4
1773,13.9,13.5,5.5,5.4
1774,10.0,9.4,4.7,3.4
1775,10.0,9.4,4.7,3.4
1776,10.0,9.4,4.7,3.4
1777,10.0,9.4,4.7,3.4
1778,10.0,9.4,4.7,3.4
1779,10.0,9.4,4.7,3.4
1780,10.0,9.4,4.7,3.4
1781,10.0,9.4,4.7,3.4
1782,10.0,9.4,4.7,3.4
1783,10.0,9.4,4.7,3.4
1784,10.0,9.4,4.7,3.4
1785,10.0,9.4,4.7,3.4
1786,10.0,9.4,4.7,3.4
1787,10.0,9.4,4.7,3.4
1788,10.0,9.4,4.7,3.4
1789,10.0,9.4,4.7,3.4
1790,10.0,9.4,4.7,3.4
1791,10.0,9.4,4.7,3.4
1792,10.0,9.4,4.7,3.4
1793,10.0,9.4,4.7,3.4
1794,10.0,9.4,4.7,3.4
1795,11.7,8.6,4.9,3.0
1796,11.7,8.6,4.9,3.0
1797,11.7,8.6,4.9,3.0
1798,11.7,8.6,4.9,3.0
1799,11.7,8.6,4.9,3.0
1800,11.7,8.6,4.9,3.0
1801,11.7,8.6,4.9,3.0
1802,11.7,8.6,4.9,3.0
1803,11.7,8.6,4.9,3.0
1804,11.7,8.6,4.9,3.0
1805,11.7,8.6,4.9,3.0
1806,11.7,8.6,4.9,3.0
1807,11.7,8.6,4.9,3.0
1808,11.7,8.6,4.9,3.0
1809,11.7,8.6,4.9,3.0
1810,11.7,8.6,4.9,3.0
1811,11.7,8.6,4.9,3.0
1812,11.7,8.6,4.9,3.0
1813,11.7,8.6,4.9,3.0
1814,11.7,8.6,4.9,3.0
1815,11.7,8.6,4.9,3.0
1816,11.7,8.6,4.9,3.0
1817,11.7,8.6,4.9,3.0
1818,11.7,8.6,4.9,3.0
1819,11.7,8.6,4.9,3.0
1820,11.7,8.6,4.9,3.0
1821,11.7,8.6,4.9,3.0
1822,11.7,8.6,4.9,3.0
1823,11.7,8.6,4.9,3.0
1824,11.7,8.6,4.9,3.0
1825,11.7,8.6,4.9,3.0
1826,11.7,8.6,4.9,3.0
1827,11.7,8.6,4.9,3.0
1828,12.3,17.9,4.6,6.6
1829,12.3,17.9,4.6,6.6
1830,12.3,17.9,4.6,6.6
1831,12.3,17.9,4.6,6.6
1832,12.3,17.9,4.6,6.6
1833,12.3,17.9,4.6,6.6
1834,12.3,17.9,4.6,6.6
1835,12.3,17.9,4.6,6.6
1836,12.3,17.9,4.6,6.6
1837,12.3,17.9,4.6,6.6
1838,12.3,17.9,4.6,6.6
1839,12.3,17.9,4.6,6.6
1840,12.3,17.9,4.6,6.6
1841,12.3,17.9,4.6,6.6
1842,12.3,17.9,4.6,6.6
1843,12.3,17.9,4.6,6.6
1844,12.3,17.9,4.6,6.6
1845,12.3,17.9,4.6,6.6
1846,12.3,17.9,4.6,6.6
1847,12.3,17.9,4.6,6.6
1848,12.3,17.9,4.6,6.6
1849,12.3,17.9,4.6,6.6
1850,12.3,17.9,4.6,6.6
1851,12.3,17.9,4.6,6.6
1852,12.3,17.9,4.6,6.6
1853,12.3,17.9,4.6,6.6
1854,12.3,17.9,4.6,6.6
1855,12.3,17.9,4.6,6.6
1856,12.3,17.9,4.6,6.6
1857,12.3,17.9,4.6,6.6
1858,12.3,17.9,4.6,6.6
1859,12.3,17.9,4.6,6.6
1860,12.3,17.9,4.6,6.6
1861,12.3,17.9,4.6,6.6
1862,12.3,17.9,4.6,6.6
1863,12.3,17.9,4.6,6.6
1864,12.3,17.9,4.6,6.6
1865,12.3,17.9,4.6,6.6
1866,12.3,17.9,4.6,6.6
1867,12.3,17.9,4.6,6.6
1868,12.3,17.9,4.6,6.6
1869,12.3,17.9,4.6,6.6
1870,12.3,17.9,4.6,6.6
1871,12.3,17.9,4.6,6.6
1872,12.3,17.9,4.6,6.6
1873,12.3,17.9,4.6,6.6
1874,12.3,17.9,4.6,6.6
1875,12.3,17.9,4.6,6.6
1876,12.3,17.9,4.6,6.6
1877,12.3,17.9,4.6,6.6
1878,12.3,17.9,4.6,6.6
1879,12.3,17.9,4.6,6.6
1880,12.3,17.9,4.6,6.6
1881,12.3,17.9,4.6,6.6
1882,12.3,17.9,4.6,6.6
1883,12.3,17.9,4.6,6.6
1884,12.3,17.9,4.6,6.6
1885,12.3,17.9,4.6,6.6
1886,12.3,17.9,4.6,6.6
1887,12.3,17.9,4.6,6.6
1888,12.3,17.9,4.6,6.6
1889,12.3,17.9,4.6,6.6
1890,15.2,12.4,6.3,5.1
1891,15.2,12.4,6.3,5.1
1892,15.2,12.4,6.3,5.1
1893,15.2,12.4,6.3,5.1
1894,15.2,12.4,6.3,5.1
1895,15.2,12.4,6.3,5.1
1896,15.2,12.4,6.3,5.1
1897,15.2,12.4,6.3,5.1
1898,15.2,12.4,6.3,5.1
1899,15.2,12.4,6.3,5.1
1900,15.2,12.4,6.3,5.1
1901,15.2,12.4,6.3,5.1
1902,15.2,12.4,6.3,5.1
1903,15.2,12.4,6.3,5.1
1904,15.2,12.4,6.3,5.1
1905,15.2,12.4,6.3,5.1
1906,15.2,12.4,6.3,5.1
1907,15.2,12.4,6.3,5.1
1908,15.2,12.4,6.3,5.1
1909,15.2,12.4,6.3,5.1
1910,15.2,12.4,6.3,5.1
1911,15.2,12.4,6.3,5.1
1912,15.2,12.4,6.3,5.1
1913,15.2,12.4,6.3,5.1
1914,15.2,12.4,6.3,5.1
1915,15.2,12.4,6.3,5.1
1916,15.2,12.4,6.3,5.1
1917,15.2,12.4,6.3,5.1
1918,15.2,12.4,6.3,5.1
1919,15.2,12.4,6.3,5.1
1920,15.2,12.4,6.3,5.1
1921,15.2,12.4,6.3,5.1
1922,15.2,12.4,6.3,5.1
1923,15.2,12.4,6.3,5.1
1924,15.2,12.4,6.3,5.1
1925,15.2,12.4,6.3,5.1
1926,15.2,12.4,6.3,5.1
1927,15.2,12.4,6.3,5.1
1928,15.2,12.4,6.3,5.1
1929,15.2,12.4,6.3,5.1
1930,15.2,12.4,6.3,5.1
1931,15.2,12.4,6.3,5.1
1932,15.2,12.4,6.3,5.1
1933,15.2,12.4,6.3,5.1
1934,15.2,12.4,6.3,5.1
1935,15.2,12.4,6.3,5.1
1936,15.2,12.4,6.3,5.1
1937,15.2,12.4,6.3,5.1
1938,15.2,12.4,6.3,5.1
1939,15.2,12.4,6.3,5.1
1940,15.2,12.4,6.3,5.1
1941,15.2,12.4,6.3,5.1
1942,15.2,12.4,6.3,5.1
1943,15.2,12.4,6.3,5.1
1944,15.2,12.4,6.3,5.1
1945,15.2,12.4,6.3,5.1
1946,15.2,12.4,6.3,5.1
1947,15.2,12.4,6.3,5.1
1948,15.2,12.4,6.3,5.1
1949,15.2,12.4,6.3,5.1
1950,15.2,12.4,6.3,5.1
1951,15.2,12.4,6.3,5.1
1952,15.2,12.4,6.3,5.1
1953,15.2,12.4,6.3,5.1
1954,15.2,12.4,6.3,5.1
1955,15.2,12.4,6.3,5.1
1956,15.2,12.4,6.3,5.1
1957,15.2,12.4,6.3,5.1
1958,15.2,12.4,6.3,5.1
1959,15.2,12.4,6.3,5.1
1960,15.2,12.4,6.3,5.1
1961,15.2,12.4,6.3,5.1
1962,15.2,12.4,6.3,5.1
1963,15.2,12.4,6.3,5.1
1964,15.2,12.4,6.3,5.1
1965,15.2,12.4,6.3,5.1
1966,15.2,12.4,6.3,5.1
1967,15.2,12.4,6.3,5.1
1968,15.2,12.4,6.3,5.1
1969,15.2,12.4,6.3,5.1
1970,15.2,12.4,6.3,5.1
1971,15.2,12.4,6.3,5.1
1972,15.2,12.4,6.3,5.1
1973,15.2,12.4,6.3,5.1
1974,15.2,12.4,6.3,5.1
1975,15.2,12.4,6.3,5.1
1976,15.2,12.4,6.3,5.1
1977,15.2,12.4,6.3,5.1
1978,15.2,12.4,6.3,5.1
1979,15.2,12.4,6.3,5.1
1980,15.2,12.4,6.3,5.1
1981,15.2,12.4,6.3,5.1
1982,15.2,12.4,6.3,5.1
1983,15.2,12.4,6.3,5.1
1984,15.2,12.4,6.3,5.1
1985,15.2,12.4,6.3,5.1
1986,15.2,12.4,6.3,5.1
1987,15.2,12.4,6.3,5.1
1988,15.2,12.4,6.3,5.1
1989,15.2,12.4,6.3,5.1
1990,14.4,10.9,4.9,3.9
1991,14.4,10.9,4.9,3.9
1992,14.4,10.9,4.9,3.9
1993,14.4,10.9,4.9,3.9
1994,14.4,10.9,4.9,3.9
1995,14.4,10.9,4.9,3.9
1996,14.4,10.9,4.9,3.9
1997,14.4,10.9,4.9,3.9
1998,14.4,10.9,4.9,3.9
1999,14.4,10.9,4.9,3.9
2000,14.4,10.9,4.9,3.9
2001,14.4,10.9,4.9,3.9
2002,14.4,10.9,4.9,3.9
2003,14.4,10.9,4.9,3.9
2004,14.4,10.9,4.9,3.9
2005,14.4,10.9,4.9,3.9
2006,14.4,10.9,4.9,3.9
2007,14.4,10.9,4.9,3.9
2008,14.4,10.9,4.9,3.9
2009,14.4,10.9,4.9,3.9
2010,14.4,10.9,4.9,3.9
2011,14.4,10.9,4.9,3.9
2012,14.4,10.9,4.9,3.9
2013,14.4,10.9,4.9,3.9
2014,14.4,10.9,4.9,3.9
2015,14.4,10.9,4.9,3.9
2016,14.4,10.9,4.9,3.9
2017,14.4,10.9,4.9,3.9
2018,14.4,10.9,4.9,3.9
2019,14.4,10.9,4.9,3.9
2020,14.4,10.9,4.9,3.9
2021,14.4,10.9,4.9,3.9
2022,14.4,10.9,4.9,3.9
2023,14.4,10.9,4.9,3.9
2024,14.4,10.9,4.9,3.9
2025,14.4,10.9,4.9,3.9
2026,14.4,10.9,4.9,3.9
2027,14.4,10.9,4.9,3.9
2028,14.4,10.9,4.9,3.9
2029,14.4,10.9,4.9,3.9
2030,14.4,10.9,4.9,3.9
2031,14.4,10.9,4.9,3.9
2032,14.4,10.9,4.9,3.9
2033,14.4,10.9,4.9,3.9
2034,14.4,10.9,4.9,3.9
2035,14.4,10.9,4.9,3.9
2036,14.4,10.9,4.9,3.9
2037,14.4,10.9,4.9,3.9
2038,14.4,10.9,4.9,3.9
2039,14.4,10.9,4.9,3.9
2040,14.4,10.9,4.9,3.9
2041,14.4,10.9,4.9,3.9
2042,14.4,10.9,4.9,3.9
2043,16.9,13.7,7.5,6.1
2044,16.9,13.7,7.5,6.1
2045,16.9,13.7,7.5,6.1
2046,16.9,13.7,7.5,6.1
2047,16.9,13.7,7.5,6.1
2048,16.9,13.7,7.5,6.1
2049,16.9,13.7,7.5,6.1
2050,16.9,13.7,7.5,6.1
2051,16.9,13.7,7.5,6.1
2052,16.9,13.7,7.5,6.1
2053,16.9,13.7,7.5,6.1
2054,16.9,13.7,7.5,6.1
2055,16.9,13.7,7.5,6.1
2056,16.9,13.7,7.5,6.1
2057,16.9,13.7,7.5,6.1
2058,16.9,13.7,7.5,6.1
2059,16.9,13.7,7.5,6.1
2060,16.9,13.7,7.5,6.1
2061,16.9,13.7,7.5,6.1
2062,16.9,13.7,7.5,6.1
2063,16.9,13.7,7.5,6.1
2064,16.9,13.7,7.5,6.1
2065,16.9,13.7,7.5,6.1
2066,16.9,13.7,7.5,6.1
2067,16.9,13.7,7.5,6.1
2068,16.9,13.7,7.5,6.1
2069,16.9,13.7,7.5,6.1
2070,16.9,13.7,7.5,6.1
2071,16.9,13.7,7.5,6.1
2072,16.9,13.7,7.5,6.1
2073,16.9,13.7,7.5,6.1
2074,16.9,13.7,7.5,6.1
2075,16.9,13.7,7.5,6.1
2076,16.9,13.7,7.5,6.1
2077,16.9,13.7,7.5,6.1
2078,16.9,13.7,7.5,6.1
2079,16.9,13.7,7.5,6.1
2080,16.9,13.7,7.5,6.1
2081,16.9,13.7,7.5,6.1
2082,16.9,13.7,7.5,6.1
2083,16.9,13.7,7.5,6.1
2084,16.9,13.7,7.5,6.1
2085,16.9,13.7,7.5,6.1
2086,16.9,13.7,7.5,6.1
2087,16.9,13.7,7.5,6.1
2088,16.9,13.7,7.5,6.1
2089,16.9,13.7,7.5,6.1
2090,16.9,13.7,7.5,6.1
2091,16.9,13.7,7.5,6.1
2092,16.9,13.7,7.5,6.1
2093,16.9,13.7,7.5,6.1
2094,16.9,13.7,7.5,6.1
2095,16.9,13.7,7.5,6.1
2096,16.9,13.7,7.5,6.1
2097,16.9,13.7,7.5,6.1
2098,16.9,13.7,7.5,6.1
2099,16.9,13.7,7.5,6.1
2100,16.9,13.7,7.5,6.1
2101,16.9,13.7,7.5,6.1
2102,16.9,13.7,7.5,6.1
2103,16.9,13.7,7.5,6.1
2104,16.9,13.7,7.5,6.1
2105,16.9,13.7,7.5,6.1
2106,16.9,13.7,7.5,6.1
2107,16.9,13.7,7.5,6.1
2108,16.9,13.7,7.5,6.1
2109,16.9,13.7,7.5,6.1
2110,16.9,13.7,7.5,6.1
2111,16.9,13.7,7.5,6.1
2112,16.9,13.7,7.5,6.1
2113,16.9,13.7,7.5,6.1
2114,16.9,13.7,7.5,6.1
2115,16.9,13.7,7.5,6.1
2116,16.9,13.7,7.5,6.1
2117,16.9,13.7,7.5,6.1
2118,16.9,13.7,7.5,6.1
2119,16.9,13.7,7.5,6.1
2120,16.9,13.7,7.5,6.1
2121,16.9,13.7,7.5,6.1
2122,16.9,13.7,7.5,6.1
2123,16.9,13.7,7.5,6.1
2124,16.9,13.7,7.5,6.1
2125,16.9,13.7,7.5,6.1
2126,16.9,13.7,7.5,6.1
2127,16.9,13.7,7.5,6.1
2128,16.9,13.7,7.5,6.1
2129,16.9,13.7,7.5,6.1
2130,16.9,13.7,7.5,6.1
2131,16.5,15.0,6.6,6.4
2132,16.5,15.0,6.6,6.4
2133,16.5,15.0,6.6,6.4
2134,16.5,15.0,6.6,6.4
2135,16.5,15.0,6.6,6.4
2136,16.5,15.0,6.6,6.4
2137,16.5,15.0,6.6,6.4
2138,16.5,15.0,6.6,6.4
2139,16.5,15.0,6.6,6.4
2140,16.5,15.0,6.6,6.4
2141,16.5,15.0,6.6,6.4
2142,16.5,15.0,6.6,6.4
2143,16.5,15.0,6.6,6.4
2144,16.5,15.0,6.6,6.4
2145,16.5,15.0,6.6,6.4
2146,16.5,15.0,6.6,6.4
2147,16.5,15.0,6.6,6.4
2148,16.5,15.0,6.6,6.4
2149,16.5,15.0,6.6,6.4
2150,16.5,15.0,6.6,6.4
2151,16.5,15.0,6.6,6.4
2152,16.5,15.0,6.6,6.4
2153,16.5,15.0,6.6,6.4
2154,16.5,15.0,6.6,6.4
2155,16.5,15.0,6.6,6.4
2156,16.5,15.0,6.6,6.4
2157,16.5,15.0,6.6,6.4
2158,16.5,15.0,6.6,6.4
2159,16.5,15.0,6.6,6.4
2160,16.5,15.0,6.6,6.4
2161,16.5,15.0,6.6,6.4
2162,16.5,15.0,6.6,6.4
2163,16.5,15.0,6.6,6.4
2164,16.5,15.0,6.6,6.4
2165,16.5,15.0,6.6,6.4
2166,16.5,15.0,6.6,6.4
2167,16.5,15.0,6.6,6.4
2168,16.5,15.0,6.6,6.4
2169,16.5,15.0,6.6,6.4
2170,16.5,15.0,6.6,6.4
2171,16.5,15.0,6.6,6.4
2172,16.5,15.0,6.6,6.4
2173,16.5,15.0,6.6,6.4
2174,16.5,15.0,6.6,6.4
2175,16.5,15.0,6.6,6.4
2176,16.5,15.0,6.6,6.4
2177,16.5,15.0,6.6,6.4
2178,16.5,15.0,6.6,6.4
2179,16.5,15.0,6.6,6.4
2180,16.5,15.0,6.6,6.4
2181,16.5,15.0,6.6,6.4
2182,16.5,15.0,6.6,6.4
2183,16.5,15.0,6.6,6.4
2184,16.5,15.0,6.6,6.4
2185,16.5,15.0,6.6,6.4
2186,16.5,15.0,6.6,6.4
2187,16.5,15.0,6.6,6.4
2188,16.5,15.0,6.6,6.4
2189,16.5,15.0,6.6,6.4
2190,16.5,15.0,6.6,6.4
2191,16.5,15.0,6.6,6.4
2192,16.5,15.0,6.6,6.4
2193,16.5,15.0,6.6,6.4
2194,16.5,15.0,6.6,6.4
2195,16.5,15.0,6.6,6.4
2196,16.5,15.0,6.6,6.4
2197,16.5,15.0,6.6,6.4
2198,16.5,15.0,6.6,6.4
2199,16.5,15.0,6.6,6.4
2200,16.5,15.0,6.6,6.4
2201,16.5,15.0,6.6,6.4
2202,16.5,15.0,6.6,6.4
2203,16.5,15.0,6.6,6.4
2204,16.5,15.0,6.6,6.4
2205,16.5,15.0,6.6,6.4
2206,16.5,15.0,6.6,6.4
2207,16.5,15.0,6.6,6.4
2208,16.1,12.9,6.3,5.4
2209,16.1,12.9,6.3,5.4
2210,16.1,12.9,6.3,5.4
2211,16.1,12.9,6.3,5.4
2212,16.1,12.9,6.3,5.4
2213,16.1,12.9,6.3,5.4
2214,16.1,12.9,6.3,5.4
2215,16.1,12.9,6.3,5.4
2216,16.1,12.9,6.3,5.4
2217,16.1,12.9,6.3,5.4
2218,16.1,12.9,6.3,5.4
2219,16.1,12.9,6.3,5.4
2220,16.1,12.9,6.3,5.4
2221,16.1,12.9,6.3,5.4
2222,16.1,12.9,6.3,5.4
2223,16.1,12.9,6.3,5.4
2224,16.1,12.9,6.3,5.4
2225,16.1,12.9,6.3,5.4
2226,16.1,12.9,6.3,5.4
2227,16.1,12.9,6.3,5.4
2228,16.1,12.9,6.3,5.4
2229,16.1,12.9,6.3,5.4
2230,16.1,12.9,6.3,5.4
2231,16.1,12.9,6.3,5.4
2232,16.1,12.9,6.3,5.4
2233,16.1,12.9,6.3,5.4
2234,16.1,12.9,6.3,5.4
2235,16.1,12.9,6.3,5.4
2236,16.1,12.9,6.3,5.4
2237,16.1,12.9,6.3,5.4
2238,16.1,12.9,6.3,5.4
2239,16.1,12.9,6.3,5.4
2240,16.1,12.9,6.3,5.4
2241,16.1,12.9,6.3,5.4
2242,16.1,12.9,6.3,5.4
2243,16.1,12.9,6.3,5.4
2244,11.3,12.1,4.6,4.0
2245,11.3,12.1,4.6,4.0
2246,11.3,12.1,4.6,4.0
2247,11.3,12.1,4.6,4.0
2248,11.3,12.1,4.6,4.0
2249,11.3,12.1,4.6,4.0
2250,11.3,12.1,4.6,4.0
2251,11.3,12.1,4.6,4.0
2252,11.3,12.1,4.6,4.0
2253,11.3,12.1,4.6,4.0
2254,11.3,12.1,4.6,4.0
2255,11.3,12.1,4.6,4.0
2256,11.3,12.1,4.6,4.0
2257,11.3,12.1,4.6,4.0
2258,11.3,12.1,4.6,4.0
2259,11.3,12.1,4.6,4.0
2260,11.3,12.1,4.6,4.0
2261,11.3,12.1,4.6,4.0
2262,11.3,12.1,4.6,4.0
2263,11.3,12.1,4.6,4.0
2264,11.3,12.1,4.6,4.0
2265,11.3,12.1,4.6,4.0
2266,11.3,12.1,4.6,4.0
2267,11.3,12.1,4.6,4.0
2268,11.3,12.1,4.6,4.0
2269,11.3,12.1,4.6,4.0
2270,11.3,12.1,4.6,4.0
2271,11.3,12.1,4.6,4.0
2272,11.3,12.1,4.6,4.0
2273,11.3,12.1,4.6,4.0
2274,11.3,12.1,4.6,4.0
2275,11.3,12.1,4.6,4.0
2276,11.3,12.1,4.6,4.0
2277,11.3,12.1,4.6,4.0
2278,11.3,12.1,4.6,4.0
2279,11.3,12.1,4.6,4.0
2280,11.3,12.1,4.6,4.0
2281,11.3,12.1,4.6,4.0
2282,11.3,12.1,4.6,4.0
2283,11.3,12.1,4.6,4.0
2284,11.3,12.1,4.6,4.0
2285,11.3,12.1,4.6,4.0
2286,11.3,12.1,4.6,4.0
2287,11.3,12.1,4.6,4.0
2288,11.3,12.1,4.6,4.0
2289,11.3,12.1,4.6,4.0
2290,11.3,12.1,4.6,4.0
2291,11.3,12.1,4.6,4.0
2292,11.3,12.1,4.6,4.0
2293,11.3,12.1,4.6,4.0
2294,11.3,12.1,4.6,4.0
2295,11.3,12.1,4.6,4.0
2296,11.3,12.1,4.6,4.0
2297,11.3,12.1,4.6,4.0
2298,11.3,12.1,4.6,4.0
2299,11.3,12.1,4.6,4.0
2300,11.3,12.1,4.6,4.0
2301,11.3,12.1,4.6,4.0
2302,11.3,12.1,4.6,4.0
2303,11.3,12.1,4.6,4.0
2304,11.3,12.1,4.6,4.0
2305,11.3,12.1,4.6,4.0
2306,11.3,12.1,4.6,4.0
2307,11.3,12.1,4.6,4.0
2308,11.3,12.1,4.6,4.0
2309,11.3,12.1,4.6,4.0
2310,11.3,12.1,4.6,4.0
2311,12.7,12.4,4.7,5.6
2312,12.7,12.4,4.7,5.6
2313,12.7,12.4,4.7,5.6
2314,12.7,12.4,4.7,5.6
2315,12.7,12.4,4.7,5.6
2316,13.9,11.7,5.3,4.2
2317,13.9,11.7,5.3,4.2
2318,13.9,11.7,5.3,4.2
2319,13.9,11.7,5.3,4.2
2320,13.9,11.7,5.3,4.2
2321,13.9,11.7,5.3,4.2
2322,13.9,11.7,5.3,4.2
2323,13.9,11.7,5.3,4.2
2324,13.9,11.7,5.3,4.2
2325,13.9,11.7,5.3,4.2
2326,13.9,11.7,5.3,4.2
2327,13.9,11.7,5.3,4.2
2328,13.9,11.7,5.3,4.2
2329,13.9,11.7,5.3,4.2
2330,13.9,11.7,5.3,4.2
2331,13.9,11.7,5.3,4.2
2332,13.9,11.7,5.3,4.2
2333,13.9,11.7,5.3,4.2
2334,13.9,11.7,5.3,4.2
2335,13.9,11.7,5.3,4.2
2336,13.9,11.7,5.3,4.2
2337,13.9,11.7,5.3,4.2
2338,13.9,11.7,5.3,4.2
2339,13.9,11.7,5.3,4.2
2340,13.9,11.7,5.3,4.2
2341,13.9,11.7,5.3,4.2
2342,13.9,11.7,5.3,4.2
2343,13.9,11.7,5.3,4.2
2344,13.9,11.7,5.3,4.2
2345,13.9,11.7,5.3,4.2
2346,13.9,11.7,5.3,4.2
2347,13.9,11.7,5.3,4.2
2348,13.9,11.7,5.3,4.2
2349,13.9,11.7,5.3,4.2
2350,13.9,11.7,5.3,4.2
2351,13.9,11.7,5.3,4.2
2352,13.9,11.7,5.3,4.2
2353,13.9,11.7,5.3,4.2
2354,13.9,11.7,5.3,4.2
2355,13.9,11.7,5.3,4.2
2356,13.9,11.7,5.3,4.2
2357,13.9,11.7,5.3,4.2
2358,13.9,11.7,5.3,4.2
2359,13.9,11.7,5.3,4.2
2360,13.9,11.7,5.3,4.2
2361,13.9,11.7,5.3,4.2
2362,11.9,11.4,4.8,4.3
2363,11.9,11.4,4.8,4.3
2364,11.9,11.4,4.8,4.3
2365,11.9,11.4,4.8,4.3
2366,11.9,11.4,4.8,4.3
2367,11.9,11.4,4.8,4.3
2368,11.9,11.4,4.8,4.3
2369,11.9,11.4,4.8,4.3
2370,11.9,11.4,4.8,4.3
2371,11.9,11.4,4.8,4.3
2372,11.9,11.4,4.8,4.3
2373,11.9,11.4,4.8,4.3
2374,11.9,11.4,4.8,4.3
2375,11.9,11.4,4.8,4.3
2376,11.9,11.4,4.8,4.3
2377,11.9,11.4,4.8,4.3
2378,11.9,11.4,4.8,4.3
2379,11.9,11.4,4.8,4.3
2380,11.9,11.4,4.8,4.3
2381,11.9,11.4,4.8,4.3
2382,11.9,11.4,4.8,4.3
2383,11.9,11.4,4.8,4.3
2384,11.9,11.4,4.8,4.3
2385,11.9,11.4,4.8,4.3
2386,11.9,11.4,4.8,4.3
2387,11.9,11.4,4.8,4.3
2388,11.9,11.4,4.8,4.3
2389,11.9,11.4,4.8,4.3
2390,11.9,11.4,4.8,4.3
2391,11.9,11.4,4.8,4.3
2392,11.9,11.4,4.8,4.3
2393,11.9,11.4,4.8,4.3
2394,11.9,11.4,4.8,4.3
2395,11.9,11.4,4.8,4.3
2396,11.9,11.4,4.8,4.3
2397,11.9,11.4,4.8,4.3
2398,11.9,11.4,4.8,4.3
2399,11.9,11.4,4.8,4.3
2400,11.9,11.4,4.8,4.3
2401,11.9,11.4,4.8,4.3
2402,11.9,11.4,4.8,4.3
2403,11.9,11.4,4.8,4.3
2404,11.9,11.4,4.8,4.3
2405,11.9,11.4,4.8,4.3
2406,11.9,11.4,4.8,4.3
2407,11.9,11.4,4.8,4.3
2408,11.9,11.4,4.8,4.3
2409,11.9,11.4,4.8,4.3
2410,11.9,11.4,4.8,4.3
2411,11.9,11.4,4.8,4.3
2412,11.9,11.4,4.8,4.3
2413,11.9,11.4,4.8,4.3
2414,11.9,11.4,4.8,4.3
2415,11.9,11.4,4.8,4.3
2416,11.9,11.4,4.8,4.3
2417,11.9,11.4,4.8,4.3
2418,11.9,11.4,4.8,4.3
2419,11.9,11.4,4.8,4.3
2420,11.9,11.4,4.8,4.3
2421,11.9,11.4,4.8,4.3
2422,11.9,11.4,4.8,4.3
2423,11.9,11.4,4.8,4.3
2424,11.9,11.4,4.8,4.3
2425,11.9,11.4,4.8,4.3
2426,11.9,11.4,4.8,4.3
2427,11.9,11.4,4.8,4.3
2428,16.3,12.9,6.2,5.7
2429,16.3,12.9,6.2,5.7
2430,16.3,12.9,6.2,5.7
2431,16.3,12.9,6.2,5.7
2432,16.3,12.9,6.2,5.7
2433,16.3,12.9,6.2,5.7
2434,16.3,12.9,6.2,5.7
2435,16.3,12.9,6.2,5.7
2436,16.3,12.9,6.2,5.7
2437,16.3,12.9,6.2,5.7
2438,16.3,12.9,6.2,5.7
2439,16.3,12.9,6.2,5.7
2440,16.3,12.9,6.2,5.7
2441,16.3,12.9,6.2,5.7
2442,16.3,12.9,6.2,5.7
2443,16.3,12.9,6.2,5.7
2444,16.3,12.9,6.2,5.7
2445,16.3,12.9,6.2,5.7
2446,16.3,12.9,6.2,5.7
2447,16.3,12.9,6.2,5.7
2448,16.3,12.9,6.2,5.7
2449,16.3,12.9,6.2,5.7
2450,16.3,12.9,6.2,5.7
2451,16.3,12.9,6.2,5.7
2452,16.3,12.9,6.2,5.7
2453,16.3,12.9,6.2,5.7
2454,16.3,12.9,6.2,5.7
2455,16.3,12.9,6.2,5.7
2456,16.3,12.9,6.2,5.7
2457,16.3,12.9,6.2,5.7
2458,16.3,12.9,6.2,5.7
2459,16.3,12.9,6.2,5.7
2460,16.3,12.9,6.2,5.7
2461,16.3,12.9,6.2,5.7
2462,16.3,12.9,6.2,5.7
2463,16.3,12.9,6.2,5.7
2464,16.3,12.9,6.2,5.7
2465,16.3,12.9,6.2,5.7
2466,16.3,12.9,6.2,5.7
2467,16.3,12.9,6.2,5.7
2468,16.3,12.9,6.2,5.7
2469,16.3,12.9,6.2,5.7
2470,16.3,12.9,6.2,5.7
2471,16.3,12.9,6.2,5.7
2472,16.3,12.9,6.2,5.7
2473,16.3,12.9,6.2,5.7
2474,16.3,12.9,6.2,5.7
2475,16.3,12.9,6.2,5.7
2476,16.3,12.9,6.2,5.7
2477,16.3,12.9,6.2,5.7
2478,16.3,12.9,6.2,5.7
2479,16.3,12.9,6.2,5.7
2480,16.3,12.9,6.2,5.7
2481,16.3,12.9,6.2,5.7
2482,16.3,12.9,6.2,5.7
2483,16.3,12.9,6.2,5.7
2484,16.3,12.9,6.2,5.7
2485,16.3,12.9,6.2,5.7
2486,16.3,12.9,6.2,5.7
2487,16.3,12.9,6.2,5.7
2488,16.3,12.9,6.2,5.7
2489,16.3,12.9,6.2,5.7
2490,16.3,12.9,6.2,5.7
2491,16.3,12.9,6.2,5.7
2492,16.3,12.9,6.2,5.7
2493,16.3,12.9,6.2,5.7
2494,16.3,12.9,6.2,5.7
2495,16.3,12.9,6.2,5.7
2496,16.3,12.9,6.2,5.7
2497,16.3,12.9,6.2,5.7
2498,16.3,12.9,6.2,5.7
2499,16.3,12.9,6.2,5.7
2500,16.3,12.9,6.2,5.7
2501,16.3,12.9,6.2,5.7
2502,16.3,12.9,6.2,5.7
2503,16.3,12.9,6.2,5.7
2504,16.3,12.9,6.2,5.7
2505,16.3,12.9,6.2,5.7
2506,16.3,12.9,6.2,5.7
2507,16.3,12.9,6.2,5.7
2508,16.3,12.9,6.2,5.7
2509,16.3,12.9,6.2,5.7
2510,16.3,12.9,6.2,5.7
2511,16.3,12.9,6.2,5.7
2512,16.3,12.9,6.2,5.7
2513,16.3,12.9,6.2,5.7
2514,16.3,12.9,6.2,5.7
2515,16.3,12.9,6.2,5.7
2516,16.3,12.9,6.2,5.7
2517,16.3,12.9,6.2,5.7
2518,16.3,12.9,6.2,5.7
2519,16.3,12.9,6.2,5.7
2520,16.3,12.9,6.2,5.7
2521,16.3,12.9,6.2,5.7
2522,16.3,12.9,6.2,5.7
2523,17.2,14.0,6.2,5.8
2524,17.2,14.0,6.2,5.8
2525,17.2,14.0,6.2,5.8
2526,17.2,14.0,6.2,5.8
2527,17.2,14.0,6.2,5.8
2528,17.2,14.0,6.2,5.8
2529,17.2,14.0,6.2,5.8
2530,17.2,14.0,6.2,5.8
2531,17.2,14.0,6.2,5.8
2532,17.2,14.0,6.2,5.8
2533,17.2,14.0,6.2,5.8
2534,17.2,14.0,6.2,5.8
2535,17.2,14.0,6.2,5.8
2536,17.2,14.0,6.2,5.8
2537,17.2,14.0,6.2,5.8
2538,17.2,14.0,6.2,5.8
2539,17.2,14.0,6.2,5.8
2540,17.2,14.0,6.2,5.8
2541,17.2,14.0,6.2,5.8
2542,17.2,14.0,6.2,5.8
2543,17.2,14.0,6.2,5.8
2544,17.2,14.0,6.2,5.8
2545,17.2,14.0,6.2,5.8
2546,17.2,14.0,6.2,5.8
2547,17.2,14.0,6.2,5.8
2548,17.2,14.0,6.2,5.8
2549,17.2,14.0,6.2,5.8
2550,17.2,14.0,6.2,5.8
2551,17.2,14.0,6.2,5.8
2552,17.2,14.0,6.2,5.8
2553,17.2,14.0,6.2,5.8
2554,17.2,14.0,6.2,5.8
2555,17.2,14.0,6.2,5.8
2556,17.2,14.0,6.2,5.8
2557,17.2,14.0,6.2,5.8
2558,17.2,14.0,6.2,5.8
2559,17.2,14.0,6.2,5.8
2560,17.2,14.0,6.2,5.8
2561,17.2,14.0,6.2,5.8
2562,17.2,14.0,6.2,5.8
2563,17.2,14.0,6.2,5.8
2564,17.2,14.0,6.2,5.8
2565,17.2,14.0,6.2,5.8
2566,17.2,14.0,6.2,5.8
2567,17.2,14.0,6.2,5.8
2568,17.2,14.0,6.2,5.8
2569,17.2,14.0,6.2,5.8
2570,17.2,14.0,6.2,5.8
2571,17.2,14.0,6.2,5.8
2572,17.2,14.0,6.2,5.8
2573,17.2,14.0,6.2,5.8
2574,17.2,14.0,6.2,5.8
2575,17.2,14.0,6.2,5.8
2576,17.2,14.0,6.2,5.8
2577,17.2,14.0,6.2,5.8
2578,17.2,14.0,6.2,5.8
2579,17.2,14.0,6.2,5.8
2580,17.2,14.0,6.2,5.8
2581,17.2,14.0,6.2,5.8
2582,17.2,14.0,6.2,5.8
2583,17.2,14.0,6.2,5.8
2584,17.2,14.0,6.2,5.8
2585,17.2,14.0,6.2,5.8
2586,17.2,14.0,6.2,5.8
2587,17.2,14.0,6.2,5.8
2588,17.2,14.0,6.2,5.8
2589,17.2,14.0,6.2,5.8
2590,17.2,14.0,6.2,5.8
2591,17.2,14.0,6.2,5.8
2592,17.2,14.0,6.2,5.8
2593,17.2,14.0,6.2,5.8
2594,17.2,14.0,6.2,5.8
2595,17.2,14.0,6.2,5.8
2596,17.2,14.0,6.2,5.8
2597,17.2,14.0,6.2,5.8
2598,17.2,14.0,6.2,5.8
2599,17.2,14.0,6.2,5.8
2600,17.2,14.0,6.2,5.8
2601,17.2,14.0,6.2,5.8
2602,17.2,14.0,6.2,5.8
2603,17.2,14.0,6.2,5.8
2604,17.2,14.0,6.2,5.8
2605,17.2,14.0,6.2,5.8
2606,17.2,14.0,6.2,5.8
2607,17.2,14.0,6.2,5.8
2608,17.2,14.0,6.2,5.8
2609,17.2,14.0,6.2,5.8
2610,17.2,14.0,6.2,5.8
2611,17.2,14.0,6.2,5.8
2612,17.2,14.0,6.2,5.8
2613,17.2,14.0,6.2,5.8
2614,17.2,14.0,6.2,5.8
2615,17.2,14.0,6.2,5.8
2616,17.2,14.0,6.2,5.8
2617,17.2,14.0,6.2,5.8
2618,17.2,14.0,6.2,5.8
2619,17.2,14.0,6.2,5.8
2620,17.2,14.0,6.2,5.8
2621,17.2,14.0,6.2,5.8
2622,17.2,14.0,6.2,5.8
2623,17.2,14.0,6.2,5.8
2624,17.2,14.0,6.2,5.8
2625,17.2,14.0,6.2,5.8
2626,17.2,14.0,6.2,5.8
2627,17.2,14.0,6.2,5.8
2628,17.2,14.0,6.2,5.8
2629,17.2,14.0,6.2,5.8
2630,17.2,14.0,6.2,5.8
2631,17.2,14.0,6.2,5.8
2632,17.2,14.0,6.2,5.8
2633,17.2,14.0,6.2,5.8
2634,17.2,14.0,6.2,5.8
2635,17.2,14.0,6.2,5.8
2636,17.2,14.0,6.2,5.8
2637,17.2,14.0,6.2,5.8
2638,17.2,14.0,6.2,5.8
2639,17.2,14.0,6.2,5.8
2640,17.2,14.0,6.2,5.8
2641,17.2,14.0,6.2,5.8
2642,17.2,14.0,6.2,5.8
2643,17.2,14.0,6.2,5.8
2644,17.2,14.0,6.2,5.8
2645,17.2,14.0,6.2,5.8
2646,17.2,14.0,6.2,5.8
2647,17.2,14.0,6.2,5.8
2648,17.2,14.0,6.2,5.8
2649,17.2,14.0,6.2,5.8
2650,17.2,14.0,6.2,5.8
2651,17.2,14.0,6.2,5.8
2652,17.2,14.0,6.2,5.8
2653,17.2,14.0,6.2,5.8
2654,17.2,14.0,6.2,5.8
2655,17.2,14.0,6.2,5.8
2656,17.2,14.0,6.2,5.8
2657,17.2,14.0,6.2,5.8
2658,17.2,14.0,6.2,5.8
2659,17.2,14.0,6.2,5.8
2660,17.2,14.0,6.2,5.8
2661,17.2,14.0,6.2,5.8
2662,17.2,14.0,6.2,5.8
2663,17.2,14.0,6.2,5.8
2664,17.2,14.0,6.2,5.8
2665,17.2,14.0,6.2,5.8
2666,17.2,14.0,6.2,5.8
2667,17.2,14.0,6.2,5.8
2668,17.2,14.0,6.2,5.8
2669,17.2,14.0,6.2,5.8
2670,17.2,14.0,6.2,5.8
2671,17.2,14.0,6.2,5.8
2672,17.2,14.0,6.2,5.8
2673,17.2,14.0,6.2,5.8
2674,17.2,14.0,6.2,5.8
2675,17.2,14.0,6.2,5.8
2676,17.2,14.0,6.2,5.8
2677,17.2,14.0,6.2,5.8
2678,17.2,14.0,6.2,5.8
2679,17.2,14.0,6.2,5.8
2680,17.2,14.0,6.2,5.8
2681,17.2,14.0,6.2,5.8
2682,17.2,14.0,6.2,5.8
2683,17.2,14.0,6.2,5.8
2684,17.2,14.0,6.2,5.8
2685,17.2,14.0,6.2,5.8
2686,17.2,14.0,6.2,5.8
2687,17.2,14.0,6.2,5.8
2688,17.2,14.0,6.2,5.8
2689,17.2,14.0,6.2,5.8
2690,17.2,14.0,6.2,5.8
2691,17.2,14.0,6.2,5.8
2692,17.2,14.0,6.2,5.8
2693,17.2,14.0,6.2,5.8
2694,17.2,14.0,6.2,5.8
2695,17.2,14.0,6.2,5.8
2696,17.2,14.0,6.2,5.8
2697,17.2,14.0,6.2,5.8
2698,17.2,14.0,6.2,5.8
2699,17.2,14.0,6.2,5.8
2700,17.2,14.0,6.2,5.8
2701,17.2,14.0,6.2,5.8
2702,17.2,14.0,6.2,5.8
2703,17.2,14.0,6.2,5.8
2704,17.2,14.0,6.2,5.8
2705,17.2,14.0,6.2,5.8
2706,17.2,14.0,6.2,5.8
2707,17.2,14.0,6.2,5.8
2708,17.2,14.0,6.2,5.8
2709,17.2,14.0,6.2,5.8
2710,17.2,14.0,6.2,5.8
2711,17.2,14.0,6.2,5.8
2712,17.2,14.0,6.2,5.8
2713,17.2,14.0,6.2,5.8
2714,17.2,14.0,6.2,5.8
2715,17.2,14.0,6.2,5.8
2716,17.2,14.0,6.2,5.8
2717,17.2,14.0,6.2,5.8
2718,17.2,14.0,6.2,5.8
2719,17.2,14.0,6.2,5.8
2720,17.2,14.0,6.2,5.8
2721,17.2,14.0,6.2,5.8
2722,17.2,14.0,6.2,5.8
2723,17.2,14.0,6.2,5.8
2724,17.2,14.0,6.2,5.8
2725,17.2,14.0,6.2,5.8
2726,17.2,14.0,6.2,5.8
2727,17.2,14.0,6.2,5.8
2728,17.2,14.0,6.2,5.8
2729,17.2,14.0,6.2,5.8
2730,17.2,14.0,6.2,5.8
2731,17.2,14.0,6.2,5.8
2732,17.2,14.0,6.2,5.8
2733,17.2,14.0,6.2,5.8
2734,17.2,14.0,6.2,5.8
2735,17.2,14.0,6.2,5.8
2736,17.2,14.0,6.2,5.8
2737,17.2,14.0,6.2,5.8
2738,17.2,14.0,6.2,5.8
2739,17.2,14.0,6.2,5.8
2740,17.2,14.0,6.2,5.8
2741,17.2,14.0,6.2,5.8
2742,17.2,14.0,6.2,5.8
2743,17.2,14.0,6.2,5.8
2744,17.2,14.0,6.2,5.8
2745,17.2,14.0,6.2,5.8
2746,17.2,14.0,6.2,5.8
2747,17.2,14.0,6.2,5.8
2748,17.2,14.0,6.2,5.8
2749,17.2,14.0,6.2,5.8
2750,17.2,14.0,6.2,5.8
2751,17.2,14.0,6.2,5.8
2752,17.2,14.0,6.2,5.8
2753,17.2,14.0,6.2,5.8
2754,17.2,14.0,6.2,5.8
2755,17.2,14.0,6.2,5.8
2756,17.2,14.0,6.2,5.8
2757,17.2,14.0,6.2,5.8
2758,17.2,14.0,6.2,5.8
2759,17.2,14.0,6.2,5.8
2760,17.2,14.0,6.2,5.8
2761,17.2,14.0,6.2,5.8
2762,17.2,14.0,6.2,5.8
2763,17.2,14.0,6.2,5.8
2764,17.2,14.0,6.2,5.8
2765,17.2,14.0,6.2,5.8
2766,17.2,14.0,6.2,5.8
2767,17.2,14.0,6.2,5.8
2768,17.2,14.0,6.2,5.8
2769,17.2,14.0,6.2,5.8
2770,17.2,14.0,6.2,5.8
2771,17.2,14.0,6.2,5.8
2772,17.2,14.0,6.2,5.8
2773,17.2,14.0,6.2,5.8
2774,17.2,14.0,6.2,5.8
2775,17.2,14.0,6.2,5.8
2776,17.2,14.0,6.2,5.8
2777,13.3,10.7,4.7,3.9
2778,13.3,10.7,4.7,3.9
2779,13.3,10.7,4.7,3.9
2780,13.3,10.7,4.7,3.9
2781,13.3,10.7,4.7,3.9
2782,13.3,10.7,4.7,3.9
2783,13.3,10.7,4.7,3.9
2784,13.3,10.7,4.7,3.9
2785,13.3,10.7,4.7,3.9
2786,13.3,10.7,4.7,3.9
2787,13.3,10.7,4.7,3.9
2788,13.3,10.7,4.7,3.9
2789,13.3,10.7,4.7,3.9
2790,13.3,10.7,4.7,3.9
2791,13.3,10.7,4.7,3.9
2792,13.3,10.7,4.7,3.9
2793,13.3,10.7,4.7,3.9
2794,13.3,10.7,4.7,3.9
2795,13.3,10.7,4.7,3.9
2796,13.3,10.7,4.7,3.9
2797,13.3,10.7,4.7,3.9
2798,13.3,10.7,4.7,3.9
2799,13.3,10.7,4.7,3.9
2800,13.3,10.7,4.7,3.9
2801,13.3,10.7,4.7,3.9
2802,13.3,10.7,4.7,3.9
2803,13.3,10.7,4.7,3.9
2804,13.3,10.7,4.7,3.9
2805,13.3,10.7,4.7,3.9
2806,10.1,10.1,4.3,4.4
2807,10.1,10.1,4.3,4.4
2808,10.1,10.1,4.3,4.4
2809,10.1,10.1,4.3,4.4
2810,10.1,10.1,4.3,4.4
2811,10.1,10.1,4.3,4.4
2812,10.1,10.1,4.3,4.4
2813,10.1,10.1,4.3,4.4
2814,10.1,10.1,4.3,4.4
2815,10.1,10.1,4.3,4.4
2816,10.1,10.1,4.3,4.4
2817,10.1,10.1,4.3,4.4
2818,10.1,10.1,4.3,4.4
2819,10.1,10.1,4.3,4.4
2820,12.6,9.8,6.0,3.6
2821,12.6,9.8,6.0,3.6
2822,12.6,9.8,6.0,3.6
2823,12.6,9.8,6.0,3.6
2824,12.6,9.8,6.0,3.6
2825,12.6,9.8,6.0,3.6
2826,12.6,9.8,6.0,3.6
2827,12.6,9.8,6.0,3.6
2828,12.6,9.8,6.0,3.6
2829,12.6,9.8,6.0,3.6
2830,12.6,9.8,6.0,3.6
2831,12.6,9.8,6.0,3.6
2832,12.6,9.8,6.0,3.6
2833,12.6,9.8,6.0,3.6
2834,12.6,9.8,6.0,3.6
2835,12.6,9.8,6.0,3.6
2836,12.6,9.8,6.0,3.6
2837,12.6,9.8,6.0,3.6
2838,12.6,9.8,6.0,3.6
2839,12.6,9.8,6.0,3.6
2840,12.6,9.8,6.0,3.6
2841,12.6,9.8,6.0,3.6
2842,12.6,9.8,6.0,3.6
2843,12.6,9.8,6.0,3.6
2844,12.6,9.8,6.0,3.6
2845,12.6,9.8,6.0,3.6
2846,12.6,9.8,6.0,3.6
2847,12.6,9.8,6.0,3.6
2848,12.6,9.8,6.0,3.6
2849,12.6,9.8,6.0,3.6
2850,12.6,9.8,6.0,3.6
2851,12.6,9.8,6.0,3.6
2852,12.6,9.8,6.0,3.6
2853,12.6,9.8,6.0,3.6
2854,12.6,9.8,6.0,3.6
2855,12.6,9.8,6.0,3.6
2856,12.6,9.8,6.0,3.6
2857,12.6,9.8,6.0,3.6
2858,12.6,9.8,6.0,3.6
2859,12.6,9.8,6.0,3.6
2860,12.6,9.8,6.0,3.6
2861,12.6,9.8,6.0,3.6
2862,12.6,9.8,6.0,3.6
2863,12.6,9.8,6.0,3.6
2864,12.6,9.8,6.0,3.6
2865,12.6,9.8,6.0,3.6
2866,12.6,9.8,6.0,3.6
2867,12.6,9.8,6.0,3.6
2868,12.6,9.8,6.0,3.6
2869,12.6,9.8,6.0,3.6
2870,12.6,9.8,6.0,3.6
2871,12.6,9.8,6.0,3.6
2872,12.6,9.8,6.0,3.6
2873,12.6,9.8,6.0,3.6
2874,12.6,9.8,6.0,3.6
2875,12.6,9.8,6.0,3.6
2876,12.6,9.8,6.0,3.6
2877,12.6,9.8,6.0,3.6
2878,12.6,9.8,6.0,3.6
2879,12.6,9.8,6.0,3.6
2880,12.6,9.8,6.0,3.6
2881,12.6,9.8,6.0,3.6
2882,12.6,9.8,6.0,3.6
2883,12.6,9.8,6.0,3.6
2884,12.6,9.8,6.0,3.6
2885,12.6,9.8,6.0,3.6
2886,12.6,9.8,6.0,3.6
2887,12.6,9.8,6.0,3.6
2888,12.6,9.8,6.0,3.6
2889,12.6,9.8,6.0,3.6
2890,12.6,9.8,6.0,3.6
2891,12.6,9.8,6.0,3.6
2892,12.6,9.8,6.0,3.6
2893,12.6,9.8,6.0,3.6
2894,12.6,9.8,6.0,3.6
2895,12.6,9.8,6.0,3.6
2896,12.6,9.8,6.0,3.6
2897,12.6,9.8,6.0,3.6
2898,12.6,9.8,6.0,3.6
2899,12.6,9.8,6.0,3.6
2900,12.6,9.8,6.0,3.6
2901,12.6,9.8,6.0,3.6
2902,12.6,9.8,6.0,3.6
2903,12.6,9.8,6.0,3.6
2904,12.6,9.8,6.0,3.6
2905,12.6,9.8,6.0,3.6
2906,12.6,9.8,6.0,3.6
2907,12.6,9.8,6.0,3.6
2908,12.6,9.8,6.0,3.6
2909,12.6,9.8,6.0,3.6
2910,12.6,9.8,6.0,3.6
2911,12.6,9.8,6.0,3.6
2912,12.6,9.8,6.0,3.6
2913,12.6,9.8,6.0,3.6
2914,12.6,9.8,6.0,3.6
2915,12.6,9.8,6.0,3.6
2916,12.6,9.8,6.0,3.6
2917,12.6,9.8,6.0,3.6
2918,12.6,9.8,6.0,3.6
2919,12.6,9.8,6.0,3.6
2920,12.6,9.8,6.0,3.6
2921,12.6,9.8,6.0,3.6
2922,12.6,9.8,6.0,3.6
2923,12.6,9.8,6.0,3.6
2924,12.6,9.8,6.0,3.6
2925,12.6,9.8,6.0,3.6
2926,12.6,9.8,6.0,3.6
2927,12.6,9.8,6.0,3.6
2928,12.6,9.8,6.0,3.6
2929,12.6,9.8,6.0,3.6
2930,12.6,9.8,6.0,3.6
2931,12.6,9.8,6.0,3.6
2932,12.6,9.8,6.0,3.6
2933,12.6,9.8,6.0,3.6
2934,12.6,9.8,6.0,3.6
2935,12.6,9.8,6.0,3.6
2936,12.6,9.8,6.0,3.6
2937,12.6,9.8,6.0,3.6
2938,12.6,9.8,6.0,3.6
2939,12.6,9.8,6.0,3.6
2940,12.6,9.8,6.0,3.6
2941,12.6,9.8,6.0,3.6
2942,12.6,9.8,6.0,3.6
2943,12.6,9.8,6.0,3.6
2944,12.6,9.8,6.0,3.6
2945,12.6,9.8,6.0,3.6
2946,12.6,9.8,6.0,3.6
2947,12.6,9.8,6.0,3.6
2948,12.6,9.8,6.0,3.6
2949,12.6,9.8,6.0,3.6
2950,12.6,9.8,6.0,3.6
2951,12.6,9.8,6.0,3.6
2952,12.6,9.8,6.0,3.6
2953,12.6,9.8,6.0,3.6
2954,13.7,10.8,5.5,4.1
2955,13.7,10.8,5.5,4.1
2956,13.7,10.8,5.5,4.1
2957,13.7,10.8,5.5,4.1
2958,13.7,10.8,5.5,4.1
2959,13.7,10.8,5.5,4.1
2960,13.7,10.8,5.5,4.1
2961,13.7,10.8,5.5,4.1
2962,13.7,10.8,5.5,4.1
2963,13.7,10.8,5.5,4.1
2964,13.7,10.8,5.5,4.1
2965,13.7,10.8,5.5,4.1
2966,13.7,10.8,5.5,4.1
2967,13.7,10.8,5.5,4.1
2968,13.7,10.8,5.5,4.1
2969,13.7,10.8,5.5,4.1
2970,13.7,10.8,5.5,4.1
2971,13.7,10.8,5.5,4.1
2972,13.7,10.8,5.5,4.1
2973,13.7,10.8,5.5,4.1
2974,13.7,10.8,5.5,4.1
2975,13.7,10.8,5.5,4.1
2976,13.7,10.8,5.5,4.1
2977,13.7,10.8,5.5,4.1
2978,13.7,10.8,5.5,4.1
2979,13.7,10.8,5.5,4.1
2980,13.7,10.8,5.5,4.1
2981,13.7,10.8,5.5,4.1
2982,13.7,10.8,5.5,4.1
2983,13.7,10.8,5.5,4.1
2984,13.7,10.8,5.5,4.1
2985,13.7,10.8,5.5,4.1
2986,13.7,10.8,5.5,4.1
2987,13.7,10.8,5.5,4.1
2988,13.7,10.8,5.5,4.1
2989,13.7,10.8,5.5,4.1
2990,13.7,10.8,5.5,4.1
2991,13.7,10.8,5.5,4.1
2992,13.7,10.8,5.5,4.1
2993,11.4,10.0,4.9,3.8
2994,11.4,10.0,4.9,3.8
2995,11.4,10.0,4.9,3.8
2996,11.4,10.0,4.9,3.8
2997,11.4,10.0,4.9,3.8
2998,11.4,10.0,4.9,3.8
2999,11.4,10.0,4.9,3.8
3000,11.4,10.0,4.9,3.8
3001,11.4,10.0,4.9,3.8
3002,11.4,10.0,4.9,3.8
3003,11.4,10.0,4.9,3.8
3004,11.4,10.0,4.9,3.8
3005,11.4,10.0,4.9,3.8
3006,11.4,10.0,4.9,3.8
3007,11.4,10.0,4.9,3.8
3008,11.4,10.0,4.9,3.8
3009,11.4,10.0,4.9,3.8
3010,11.4,10.0,4.9,3.8
3011,11.4,10.0,4.9,3.8
3012,11.4,10.0,4.9,3.8
3013,11.4,10.0,4.9,3.8
3014,11.4,10.0,4.9,3.8
3015,11.4,10.0,4.9,3.8
3016,11.4,10.0,4.9,3.8
3017,11.4,10.0,4.9,3.8
3018,11.4,10.0,4.9,3.8
3019,11.4,10.0,4.9,3.8
3020,11.4,10.0,4.9,3.8
3021,11.4,10.0,4.9,3.8
3022,11.4,10.0,4.9,3.8
3023,11.4,10.0,4.9,3.8
3024,11.4,10.0,4.9,3.8
3025,11.4,10.0,4.9,3.8
3026,11.4,10.0,4.9,3.8
3027,11.4,10.0,4.9,3.8
3028,11.4,10.0,4.9,3.8
3029,11.4,10.0,4.9,3.8
3030,11.4,10.0,4.9,3.8
3031,11.4,10.0,4.9,3.8
3032,11.4,10.0,4.9,3.8
3033,11.4,10.0,4.9,3.8
3034,11.4,10.0,4.9,3.8
3035,11.4,10.0,4.9,3.8
3036,11.4,10.0,4.9,3.8
3037,11.4,10.0,4.9,3.8
3038,11.4,10.0,4.9,3.8
3039,11.4,10.0,4.9,3.8
3040,11.4,10.0,4.9,3.8
3041,11.4,10.0,4.9,3.8
3042,11.4,10.0,4.9,3.8
3043,11.4,10.0,4.9,3.8
3044,11.4,10.0,4.9,3.8
3045,11.4,10.0,4.9,3.8
3046,11.4,10.0,4.9,3.8
3047,11.4,10.0,4.9,3.8
3048,15.3,14.9,5.9,6.2
3049,15.3,14.9,5.9,6.2
3050,15.3,14.9,5.9,6.2
3051,15.3,14.9,5.9,6.2
3052,15.3,14.9,5.9,6.2
3053,15.3,14.9,5.9,6.2
3054,15.3,14.9,5.9,6.2
3055,15.3,14.9,5.9,6.2
3056,15.3,14.9,5.9,6.2
3057,15.3,14.9,5.9,6.2
3058,15.3,14.9,5.9,6.2
3059,15.3,14.9,5.9,6.2
3060,15.3,14.9,5.9,6.2
3061,15.3,14.9,5.9,6.2
3062,15.3,14.9,5.9,6.2
3063,15.3,14.9,5.9,6.2
3064,15.3,14.9,5.9,6.2
3065,15.3,14.9,5.9,6.2
3066,15.3,14.9,5.9,6.2
3067,15.3,14.9,5.9,6.2
3068,15.3,14.9,5.9,6.2
3069,15.3,14.9,5.9,6.2
3070,15.3,14.9,5.9,6.2
3071,15.3,14.9,5.9,6.2
3072,15.3,14.9,5.9,6.2
3073,15.3,14.9,5.9,6.2
3074,15.3,14.9,5.9,6.2
3075,15.3,14.9,5.9,6.2
3076,15.3,14.9,5.9,6.2
3077,15.3,14.9,5.9,6.2
3078,15.3,14.9,5.9,6.2
3079,15.3,14.9,5.9,6.2
3080,15.3,14.9,5.9,6.2
3081,15.3,14.9,5.9,6.2
3082,15.3,14.9,5.9,6.2
3083,15.3,14.9,5.9,6.2
3084,15.3,14.9,5.9,6.2
3085,15.3,14.9,5.9,6.2
3086,15.3,14.9,5.9,6.2
3087,15.3,14.9,5.9,6.2
3088,15.3,14.9,5.9,6.2
3089,15.3,14.9,5.9,6.2
3090,15.3,14.9,5.9,6.2
3091,15.3,14.9,5.9,6.2
3092,15.3,14.9,5.9,6.2
3093,15.3,14.9,5.9,6.2
3094,15.3,14.9,5.9,6.2
3095,15.3,14.9,5.9,6.2
3096,15.3,14.9,5.9,6.2
3097,15.3,14.9,5.9,6.2
3098,15.3,14.9,5.9,6.2
3099,15.3,14.9,5.9,6.2
3100,15.3,14.9,5.9,6.2
3101,15.3,14.9,5.9,6.2
3102,15.3,14.9,5.9,6.2
3103,15.3,14.9,5.9,6.2
3104,15.3,14.9,5.9,6.2
3105,15.3,14.9,5.9,6.2
3106,15.3,14.9,5.9,6.2
3107,15.3,14.9,5.9,6.2
3108,15.3,14.9,5.9,6.2
3109,15.3,14.9,5.9,6.2
3110,15.3,14.9,5.9,6.2
3111,15.3,14.9,5.9,6.2
3112,15.3,14.9,5.9,6.2
3113,15.3,14.9,5.9,6.2
3114,15.3,14.9,5.9,6.2
3115,15.3,14.9,5.9,6.2
3116,15.3,14.9,5.9,6.2
3117,15.3,14.9,5.9,6.2
3118,15.3,14.9,5.9,6.2
3119,15.3,14.9,5.9,6.2
3120,14.0,13.2,5.3,5.1
3121,14.0,13.2,5.3,5.1
3122,14.0,13.2,5.3,5.1
3123,14.0,13.2,5.3,5.1
3124,14.0,13.2,5.3,5.1
3125,14.0,13.2,5.3,5.1
3126,14.0,13.2,5.3,5.1
3127,14.0,13.2,5.3,5.1
3128,14.0,13.2,5.3,5.1
3129,14.0,13.2,5.3,5.1
3130,14.0,13.2,5.3,5.1
3131,14.0,13.2,5.3,5.1
3132,14.0,13.2,5.3,5.1
3133,14.0,13.2,5.3,5.1
3134,14.0,13.2,5.3,5.1
3135,14.0,13.2,5.3,5.1
3136,14.0,13.2,5.3,5.1
3137,14.0,13.2,5.3,5.1
3138,14.0,13.2,5.3,5.1
3139,14.0,13.2,5.3,5.1
3140,14.0,13.2,5.3,5.1
3141,14.0,13.2,5.3,5.1
3142,14.0,13.2,5.3,5.1
