,MEDHHINC15,POVRATE15,PERPOV10,CHILDPOVRATE15,PERCHLDPOV10,METRO13
0,56580.0,12.7,0,18.8,0,1
1,52387.0,12.9,0,19.6,0,1
2,31433.0,32.0,1,45.2,1,0
3,40767.0,22.2,0,29.3,1,1
4,50487.0,14.7,0,22.2,0,1
5,28251.0,39.6,1,51.2,1,0
6,33868.0,25.8,1,36.0,1,0
7,42091.0,20.0,0,30.7,0,1
8,35560.0,22.4,0,34.4,1,0
9,39144.0,19.4,0,30.2,0,0
10,42767.0,20.2,0,28.1,0,1
11,35089.0,24.4,1,33.5,1,0
12,37317.0,22.2,1,30.9,1,0
13,38908.0,18.4,0,27.3,0,0
14,42136.0,18.9,0,27.7,0,0
15,46858.0,16.2,0,23.7,0,0
16,41171.0,18.1,0,26.9,0,1
17,29981.0,28.3,1,41.0,1,0
18,36078.0,20.3,0,32.2,0,0
19,36355.0,22.3,0,34.1,1,0
20,36759.0,19.9,0,29.6,1,0
21,39290.0,19.4,0,24.7,0,0
22,45294.0,18.5,0,29.0,0,0
23,29682.0,34.6,1,50.1,1,0
24,37305.0,20.6,0,28.9,0,0
25,53548.0,14.0,0,19.9,0,1
26,36840.0,24.4,1,32.0,1,0
27,42145.0,19.0,0,30.7,0,1
28,37085.0,20.4,0,29.4,0,0
29,38535.0,21.1,0,32.4,0,0
30,36289.0,22.4,0,34.8,1,1
31,25398.0,37.7,1,54.7,1,0
32,35470.0,28.5,1,38.6,1,1
33,42501.0,17.0,0,27.5,1,1
34,43568.0,18.3,0,29.5,1,1
35,40201.0,18.4,0,26.9,0,0
36,48415.0,18.0,0,26.2,1,1
37,36520.0,24.7,0,33.8,0,0
38,43008.0,17.3,0,23.9,0,1
39,41771.0,18.7,0,26.4,0,1
40,46442.0,21.0,0,20.7,0,1
41,55060.0,14.3,0,18.8,0,1
42,31117.0,35.2,1,46.7,1,1
43,29522.0,32.2,1,46.1,1,0
44,59117.0,13.3,0,19.1,0,1
45,35389.0,23.3,1,34.8,1,0
46,34977.0,19.8,0,30.4,0,0
47,40599.0,20.1,0,32.7,0,0
48,42530.0,18.4,0,26.9,1,1
49,35163.0,28.6,1,35.7,1,0
50,42666.0,22.8,0,33.8,1,1
51,47234.0,16.4,0,24.0,0,1
52,26218.0,40.0,1,54.4,1,0
53,33160.0,24.3,1,35.3,1,1
54,34442.0,25.9,1,36.0,1,0
55,37333.0,18.7,0,31.7,1,0
56,36124.0,23.0,0,36.3,1,1
57,53558.0,12.4,0,17.5,0,1
58,70879.0,8.5,0,10.2,0,1
59,25931.0,33.2,1,44.2,1,0
60,37911.0,22.4,0,31.1,1,0
61,39051.0,21.7,0,34.5,0,0
62,47868.0,20.0,0,25.1,0,1
63,37305.0,20.6,0,31.1,0,1
64,42658.0,22.4,0,31.5,1,0
65,23014.0,33.2,1,49.2,1,0
66,36497.0,18.9,0,29.3,0,0
67,57015.0,17.4,0,15.5,0,0
68,80695.0,8.5,0,8.5,0,0
69,77791.0,8.7,0,12.4,0,1
70,44849.0,24.2,0,31.5,1,0
71,66373.0,9.0,0,8.6,0,0
72,73000.0,6.6,0,10.2,0,0
73,50753.0,20.0,0,30.4,1,0
74,70881.0,8.1,0,10.1,0,1
75,57876.0,10.9,0,20.2,0,0
76,53726.0,16.2,0,29.2,0,0
77,82892.0,8.0,0,10.1,0,0
78,62025.0,11.4,0,14.0,0,0
79,65314.0,10.3,0,14.4,0,0
80,67515.0,7.5,0,9.3,0,0
81,42120.0,19.3,0,31.4,1,0
82,76601.0,9.8,0,11.8,0,1
83,52952.0,21.4,0,27.6,0,0
84,70834.0,12.6,0,17.6,0,0
85,53774.0,26.3,0,34.9,0,0
86,63098.0,7.9,0,10.3,0,0
87,45305.0,15.6,0,23.8,0,0
88,68472.0,9.2,0,10.4,0,0
89,65878.0,3.7,0,6.3,0,0
90,60203.0,13.5,0,21.4,0,0
91,70101.0,9.5,0,12.2,0,0
92,,,1,,1,0
93,54500.0,12.0,0,16.0,0,0
94,53795.0,15.4,0,26.1,0,0
95,37755.0,23.4,1,34.4,1,0
96,31072.0,38.0,1,44.7,1,0
97,43451.0,16.9,0,25.7,0,1
98,51955.0,19.5,0,20.7,1,1
99,41346.0,21.3,0,36.6,0,0
100,44169.0,22.9,0,26.9,1,0
101,58854.0,10.1,0,11.3,0,0
102,34835.0,22.2,0,36.9,1,0
103,56017.0,16.3,0,23.0,0,1
104,40360.0,17.4,0,29.8,0,1
105,37658.0,28.1,1,36.7,1,0
106,47107.0,18.7,0,27.7,0,1
107,50888.0,15.8,0,21.6,0,1
108,34893.0,24.4,0,36.7,1,0
109,47220.0,15.1,0,23.4,0,1
110,40426.0,21.1,0,30.8,1,1
111,41179.0,20.7,0,30.5,1,0
112,39871.0,19.6,0,31.2,1,0
113,36902.0,16.4,0,28.5,0,0
114,60294.0,10.8,0,15.3,0,1
115,40909.0,16.5,0,25.1,0,0
116,37331.0,28.0,1,40.2,1,0
117,40526.0,16.7,0,23.1,0,0
118,37587.0,16.6,0,27.7,1,0
119,29968.0,31.4,1,43.2,1,0
120,37856.0,22.5,0,28.2,1,0
121,35324.0,20.8,0,27.9,1,0
122,43913.0,15.6,0,24.7,0,0
123,44123.0,18.1,0,25.9,0,1
124,38057.0,23.8,1,32.8,1,0
125,43702.0,17.8,0,29.1,0,0
126,42460.0,17.3,0,24.3,0,1
127,46545.0,14.4,0,22.5,0,1
128,37371.0,25.9,1,37.3,1,1
129,39132.0,21.5,0,31.8,1,0
130,33352.0,21.3,0,35.9,0,0
131,30987.0,30.9,1,45.7,1,0
132,39339.0,21.2,0,29.3,0,0
133,51157.0,14.8,0,17.0,0,1
134,41933.0,18.2,0,26.9,0,0
135,34717.0,19.4,0,34.2,1,0
136,37723.0,19.3,0,28.2,0,1
137,47652.0,13.2,0,18.8,0,1
138,43996.0,17.1,0,24.9,0,0
139,34560.0,24.1,0,34.1,1,0
140,39851.0,20.8,0,28.1,0,0
141,33199.0,18.7,0,30.7,0,0
142,38241.0,18.0,0,26.8,0,0
143,35355.0,19.8,0,31.4,1,0
144,32571.0,27.5,0,39.7,1,0
145,36990.0,26.5,1,37.8,1,1
146,35877.0,21.8,0,29.1,0,0
147,33864.0,22.7,1,36.3,1,0
148,34808.0,23.7,0,33.5,1,0
149,28481.0,35.9,1,48.7,1,0
150,40216.0,25.1,0,27.4,1,1
151,39265.0,19.9,0,28.2,0,1
152,37924.0,20.5,0,30.5,0,0
153,56240.0,11.9,0,16.7,0,1
154,41007.0,18.8,0,29.1,1,1
155,34946.0,18.8,0,34.7,0,0
156,39005.0,22.3,0,31.5,1,1
157,34888.0,26.3,1,37.6,1,0
158,30801.0,30.9,1,46.7,1,0
159,37813.0,21.8,0,34.8,1,0
160,35914.0,24.0,1,35.6,1,0
161,33679.0,24.2,1,37.1,1,0
162,37987.0,22.8,0,35.1,1,0
163,43020.0,16.8,0,25.9,0,1
164,28224.0,37.3,1,56.4,1,0
165,36266.0,18.5,0,30.2,0,0
166,32756.0,23.9,1,36.6,1,1
167,34723.0,24.4,0,32.4,1,0
168,41074.0,20.8,0,24.6,0,0
169,39518.0,19.6,0,28.5,0,0
170,46473.0,19.4,0,27.7,0,1
171,34730.0,17.6,0,27.4,0,0
172,31625.0,30.7,1,44.3,1,0
173,56926.0,10.7,0,15.3,0,1
174,36028.0,20.8,0,34.7,1,0
175,30427.0,22.2,1,39.1,1,0
176,41452.0,22.1,0,29.9,0,1
177,41848.0,20.8,0,32.2,0,0
178,32095.0,24.6,0,39.2,1,0
179,32023.0,21.5,0,36.3,1,0
180,42195.0,19.7,0,27.0,1,0
181,38306.0,19.0,0,29.6,1,0
182,46418.0,16.9,0,21.3,0,1
183,42508.0,19.7,0,24.2,0,0
184,31013.0,25.8,1,39.3,1,0
185,37415.0,17.8,0,27.6,0,0
186,81462.0,11.5,0,13.8,0,1
187,50882.0,19.0,0,35.7,0,0
188,55879.0,13.1,0,19.5,0,0
189,45369.0,21.4,0,23.8,0,1
190,52471.0,13.0,0,21.2,0,0
191,51118.0,13.2,0,19.4,0,0
192,83036.0,10.2,0,12.7,0,1
193,38963.0,23.3,0,33.8,0,0
194,75575.0,9.1,0,11.6,0,1
195,46608.0,25.2,0,36.3,1,1
196,43584.0,18.5,0,25.7,0,0
197,40739.0,20.9,0,23.0,0,0
198,39925.0,24.3,0,31.4,1,1
199,51697.0,12.4,0,19.9,0,0
200,51150.0,21.9,0,31.3,0,1
201,46440.0,22.4,0,28.4,0,1
202,37993.0,20.5,0,30.2,0,0
203,54670.0,17.1,0,19.7,0,0
204,59045.0,16.7,0,23.5,0,1
205,46593.0,22.6,0,32.3,1,1
206,99868.0,7.5,0,8.8,0,1
207,44595.0,15.2,0,24.1,0,0
208,43237.0,20.3,0,27.3,0,0
209,42879.0,25.9,0,35.9,0,1
210,38402.0,20.3,0,31.1,0,0
211,53992.0,11.2,0,17.3,0,0
212,60047.0,15.3,0,22.3,0,1
213,72683.0,10.1,0,12.1,0,1
214,57627.0,12.4,0,16.4,0,0
215,78002.0,12.7,0,16.8,0,1
216,76203.0,8.6,0,9.0,0,1
217,46813.0,13.8,0,22.5,0,0
218,57895.0,16.2,0,22.6,0,1
219,58735.0,16.9,0,22.7,0,1
220,76521.0,9.3,0,14.0,0,1
221,53526.0,18.9,0,27.3,0,1
222,67053.0,13.9,0,17.8,0,1
223,90527.0,12.4,0,13.5,0,1
224,53341.0,17.5,0,23.7,0,1
225,61761.0,14.4,0,14.6,0,1
226,101133.0,8.4,0,9.7,0,1
227,63049.0,15.6,0,20.0,0,1
228,102191.0,8.3,0,9.0,0,1
229,64841.0,15.4,0,17.6,0,1
230,45943.0,19.0,0,26.5,0,1
231,47535.0,13.8,0,17.4,0,0
232,37447.0,22.6,0,31.4,0,0
233,67202.0,12.0,0,15.8,0,1
234,66463.0,11.0,0,14.0,0,1
235,51949.0,19.5,0,26.6,0,1
236,50810.0,17.5,0,24.4,0,1
237,40292.0,22.5,0,32.1,0,0
238,37669.0,19.7,0,32.1,0,0
239,42637.0,27.2,0,36.3,1,1
240,53136.0,14.5,0,21.6,0,0
241,79285.0,9.9,0,14.3,0,1
242,58766.0,17.5,0,16.8,0,1
243,46500.0,21.6,0,31.7,1,1
244,62991.0,12.8,0,17.3,0,1
245,40067.0,24.0,1,30.2,1,0
246,67062.0,9.2,0,12.2,0,1
247,50361.0,13.1,0,25.4,0,0
248,35405.0,20.8,0,32.1,1,0
249,36630.0,36.7,0,40.3,0,0
250,72392.0,12.3,0,10.9,0,1
251,86548.0,4.9,0,5.8,0,1
252,50947.0,11.7,0,17.5,0,0
253,50620.0,11.7,0,17.3,0,0
254,67262.0,9.6,0,14.3,0,1
255,37102.0,20.2,0,29.9,0,0
256,27944.0,28.2,1,43.3,1,0
257,35405.0,44.3,0,38.5,1,0
258,43995.0,15.1,0,32.8,1,0
259,42586.0,15.8,0,23.7,0,0
260,57886.0,15.7,0,23.1,1,1
261,44829.0,14.9,0,22.4,0,0
262,109926.0,3.4,0,3.3,0,1
263,75191.0,7.6,0,10.6,0,0
264,90270.0,5.9,0,8.0,0,1
265,60050.0,11.0,0,14.9,0,1
266,41967.0,17.2,0,24.8,0,0
267,64487.0,10.3,0,14.6,0,0
268,67389.0,8.0,0,12.0,0,1
269,59885.0,8.3,0,13.5,0,0
270,47619.0,12.5,0,14.3,0,0
271,58613.0,10.9,0,30.8,0,0
272,33098.0,23.2,0,41.6,1,0
273,46905.0,13.9,0,25.3,0,0
274,71209.0,7.9,0,9.7,0,1
275,42108.0,13.9,0,22.1,0,0
276,44090.0,12.2,0,20.0,0,0
277,45913.0,15.7,0,25.5,0,0
278,60732.0,9.4,0,11.5,0,0
279,64935.0,12.2,0,10.7,0,1
280,38858.0,19.3,0,28.1,0,0
281,43188.0,19.4,0,25.0,0,0
282,46306.0,15.5,0,17.9,0,0
283,51449.0,14.1,0,17.8,0,1
284,50481.0,9.4,0,19.0,0,0
285,59173.0,11.7,0,17.4,0,0
286,42975.0,19.3,0,28.7,0,0
287,46860.0,17.7,0,25.2,0,0
288,49087.0,12.1,0,16.9,0,0
289,34970.0,20.6,0,30.6,1,0
290,60402.0,9.4,0,15.2,0,0
291,63319.0,9.2,0,14.7,0,1
292,48562.0,11.1,0,16.7,0,0
293,76663.0,7.0,0,7.6,0,0
294,41348.0,19.6,0,27.9,1,0
295,40540.0,19.8,0,27.1,0,1
296,61426.0,9.7,0,11.2,0,0
297,40259.0,17.2,0,28.7,0,0
298,70989.0,8.9,0,10.9,0,0
299,34209.0,29.6,1,49.3,1,0
300,43489.0,15.6,0,33.7,0,0
301,62793.0,11.0,0,13.3,0,0
302,40325.0,13.6,0,23.8,0,0
303,69633.0,8.7,0,10.3,0,0
304,66191.0,8.8,0,15.3,0,1
305,47592.0,11.4,0,15.6,0,0
306,69434.0,11.3,0,13.5,0,1
307,48934.0,14.1,0,18.6,0,0
308,86297.0,9.0,0,11.2,0,1
309,69260.0,11.1,0,15.7,0,1
310,70847.0,7.4,0,9.4,0,0
311,82878.0,6.7,0,7.4,0,1
312,61758.0,13.6,0,20.0,0,1
313,65602.0,11.1,0,17.4,0,1
314,81616.0,7.1,0,7.2,0,1
315,61303.0,10.9,0,16.8,0,1
316,55678.0,14.2,0,21.3,0,1
317,66179.0,12.1,0,17.6,0,1
318,54309.0,12.3,0,21.4,0,1
319,73115.0,17.7,0,28.3,1,1
320,47023.0,21.1,1,21.6,0,1
321,50883.0,16.8,0,24.2,0,1
322,47745.0,16.5,0,25.8,0,1
323,40879.0,21.3,0,31.0,0,0
324,50352.0,13.4,0,21.3,0,1
325,53624.0,14.0,0,20.3,0,1
326,36062.0,22.2,0,32.8,0,0
327,45495.0,12.4,0,23.3,0,1
328,39982.0,17.5,0,31.4,0,1
329,59244.0,11.6,0,15.7,0,1
330,62385.0,13.6,0,22.9,0,1
331,43303.0,19.7,0,30.4,0,0
332,34380.0,30.5,0,41.3,1,0
333,35749.0,29.3,0,38.2,0,0
334,49565.0,16.0,0,25.4,0,1
335,45735.0,15.4,0,27.4,1,1
336,50347.0,11.7,0,20.9,0,1
337,38220.0,23.7,0,38.5,1,0
338,36637.0,24.5,0,38.4,1,1
339,39342.0,19.2,0,29.5,0,1
340,40215.0,22.1,0,33.1,0,0
341,41320.0,21.9,0,29.2,1,1
342,33497.0,31.8,1,44.6,1,0
343,35850.0,25.9,1,36.5,1,0
344,39320.0,25.8,0,36.4,1,0
345,43103.0,14.3,0,24.5,0,1
346,34691.0,22.9,0,38.1,1,1
347,51710.0,15.8,0,21.4,0,1
348,35202.0,25.9,0,34.9,1,0
349,49887.0,13.0,0,22.5,0,1
350,36751.0,22.5,0,31.8,0,0
351,42210.0,19.4,0,30.9,0,1
352,40345.0,23.8,0,29.5,1,0
353,49711.0,12.8,0,20.9,0,1
354,50713.0,15.9,0,25.2,0,1
355,46405.0,21.8,0,22.3,0,1
356,36005.0,22.1,0,35.3,1,0
357,39623.0,22.6,0,29.9,0,0
358,34360.0,27.0,1,36.9,1,0
359,50728.0,14.8,0,24.2,0,1
360,40053.0,18.7,0,31.9,1,1
361,53459.0,11.2,0,18.1,0,1
362,43687.0,20.0,0,27.3,0,1
363,58332.0,11.3,0,18.8,0,0
364,55707.0,10.8,0,16.0,0,1
365,55391.0,11.3,0,18.7,0,1
366,35787.0,23.2,0,34.6,0,0
367,50593.0,15.6,0,22.6,0,1
368,45127.0,18.5,0,27.5,0,1
369,56638.0,13.5,0,20.8,0,1
370,46080.0,14.6,0,19.5,0,1
371,47591.0,13.6,0,20.6,0,1
372,44024.0,17.3,0,26.7,0,1
373,32351.0,27.3,0,41.1,1,0
374,71896.0,9.8,0,10.1,0,1
375,45918.0,16.4,0,25.3,1,1
376,59289.0,12.3,0,16.9,0,1
377,55882.0,9.7,0,17.6,0,1
378,57357.0,11.5,0,16.1,0,1
379,54592.0,10.1,0,30.6,1,1
380,37368.0,23.6,0,35.2,1,0
381,39116.0,21.2,0,30.0,1,0
382,41078.0,26.2,0,26.4,0,0
383,42334.0,16.3,0,25.1,0,1
384,48703.0,16.5,0,21.3,0,1
385,47875.0,14.8,0,26.1,1,1
386,36328.0,24.8,0,34.2,1,0
387,39588.0,22.5,0,34.2,1,0
388,32398.0,26.9,1,40.5,1,0
389,35431.0,23.9,1,36.8,1,0
390,34455.0,28.7,1,41.9,1,1
391,38015.0,26.0,0,35.5,1,0
392,44146.0,15.8,0,24.4,0,0
393,53789.0,15.6,0,21.3,0,1
394,50900.0,13.6,0,21.5,0,1
395,30776.0,32.5,1,46.9,1,0
396,35518.0,25.5,0,36.9,1,0
397,38870.0,26.7,0,41.6,1,1
398,42716.0,19.3,0,31.7,1,0
399,37709.0,21.6,0,34.3,0,1
400,36820.0,25.4,1,38.9,1,1
401,69650.0,13.1,0,16.2,0,1
402,36544.0,29.9,1,31.3,1,0
403,36977.0,25.1,1,37.9,1,1
404,44166.0,19.0,0,26.9,0,1
405,30972.0,37.5,1,42.4,1,0
406,52706.0,13.6,0,20.4,0,0
407,32806.0,28.1,0,43.3,1,0
408,45453.0,20.4,0,26.4,0,1
409,50979.0,13.1,0,19.6,0,1
410,37037.0,32.5,0,37.7,0,0
411,48885.0,17.8,0,25.3,1,1
412,41066.0,21.0,0,24.5,0,1
413,38063.0,20.4,0,28.8,0,0
414,74885.0,9.4,0,12.3,0,1
415,33302.0,38.1,1,41.6,0,1
416,25941.0,34.3,1,52.0,1,0
417,41731.0,23.3,0,35.4,0,1
418,31848.0,28.2,1,39.6,1,0
419,70097.0,11.4,0,16.4,0,1
420,34775.0,22.6,0,34.0,1,0
421,34151.0,24.1,0,35.5,1,0
422,75232.0,9.3,0,11.3,0,1
423,34505.0,24.1,0,35.7,1,0
424,67268.0,10.9,0,16.4,0,1
425,43559.0,20.6,0,28.9,0,1
426,31095.0,32.3,1,47.4,1,0
427,43632.0,16.2,0,21.8,0,1
428,60195.0,12.1,0,18.0,0,1
429,37661.0,27.3,1,39.9,1,0
430,53994.0,17.8,0,27.7,0,1
431,34611.0,24.8,0,38.1,0,0
432,32323.0,33.8,1,45.4,1,0
433,34799.0,29.4,1,42.1,1,1
434,58443.0,14.1,0,21.6,0,1
435,31935.0,26.5,1,41.6,1,0
436,34414.0,25.9,0,39.3,0,1
437,63255.0,11.4,0,15.3,0,1
438,35814.0,23.7,0,35.3,1,0
439,31772.0,27.0,1,40.2,1,0
440,34085.0,27.4,1,41.8,1,0
441,39796.0,17.4,0,29.8,0,0
442,80588.0,7.0,0,10.0,0,1
443,41130.0,19.6,0,28.7,0,1
444,97886.0,6.3,0,6.9,0,1
445,40156.0,21.9,0,31.3,0,0
446,59911.0,16.0,0,23.8,1,1
447,43907.0,16.9,0,30.6,0,0
448,40732.0,17.8,0,24.4,0,0
449,46377.0,18.2,0,30.0,1,1
450,44580.0,18.1,0,26.4,0,0
451,36486.0,29.3,1,41.1,1,0
452,43326.0,21.2,1,37.9,1,0
453,61797.0,12.6,0,17.9,0,1
454,44400.0,16.6,0,23.5,0,0
455,54578.0,16.9,0,24.3,0,1
456,28328.0,34.7,1,43.7,1,0
457,41167.0,19.2,0,27.0,0,1
458,65887.0,9.9,0,13.6,0,1
459,39567.0,18.6,0,28.7,0,0
460,41514.0,19.1,0,30.7,0,1
461,65437.0,9.9,0,15.8,0,1
462,55860.0,15.2,0,22.6,0,1
463,35284.0,24.7,0,37.1,1,0
464,56102.0,13.0,0,17.8,0,0
465,46398.0,17.4,0,28.9,0,1
466,36186.0,21.7,0,34.1,1,0
467,32023.0,27.7,1,39.7,1,0
468,29924.0,35.9,1,47.3,1,0
469,30794.0,30.2,1,37.1,1,0
470,52777.0,14.2,0,20.7,0,1
471,42177.0,21.0,0,29.3,0,1
472,37616.0,21.8,0,35.9,1,1
473,36960.0,25.5,0,36.0,1,0
474,68636.0,10.7,0,16.1,0,1
475,39612.0,20.3,0,27.3,0,1
476,39089.0,21.4,0,31.9,0,1
477,42542.0,19.1,0,27.7,1,1
478,37699.0,26.5,0,32.4,1,1
479,48101.0,16.5,0,22.4,0,0
480,36346.0,27.4,0,40.5,1,1
481,38770.0,24.0,0,39.3,0,1
482,30696.0,33.5,1,43.6,1,0
483,40735.0,15.1,0,23.0,0,1
484,35265.0,25.5,1,40.1,1,1
485,37866.0,22.1,0,33.7,1,1
486,35357.0,25.1,0,37.8,1,0
487,34139.0,28.0,1,38.1,1,0
488,53070.0,14.2,0,19.5,0,1
489,36821.0,24.3,0,32.2,1,0
490,51081.0,14.3,0,22.8,0,1
491,43142.0,17.8,0,26.7,0,1
492,41828.0,22.2,0,31.1,1,1
493,51177.0,14.9,0,23.3,0,1
494,76371.0,6.8,0,8.6,0,1
495,43428.0,16.9,0,25.2,0,1
496,62658.0,8.8,0,12.7,0,1
497,41725.0,22.0,1,33.4,1,1
498,56289.0,12.6,0,22.2,0,1
499,39648.0,22.1,0,31.1,1,0
500,56233.0,11.7,0,16.9,0,1
501,39402.0,20.8,0,32.3,0,0
502,39209.0,24.4,0,34.5,0,1
503,44323.0,18.1,0,33.1,0,0
504,29921.0,28.9,1,47.9,1,0
505,40834.0,16.1,0,28.1,0,0
506,30505.0,26.9,1,44.1,1,0
507,40821.0,24.3,0,37.7,1,1
508,51510.0,15.9,0,26.0,0,1
509,41737.0,19.5,0,29.0,1,0
510,35911.0,27.0,1,40.0,1,0
511,31615.0,25.8,1,42.7,1,0
512,41250.0,22.2,0,35.5,1,1
513,38503.0,21.2,0,31.0,0,0
514,28977.0,42.0,1,48.4,1,0
515,33802.0,30.8,1,48.1,1,0
516,33510.0,25.6,1,41.8,1,0
517,28952.0,33.5,1,54.4,1,0
518,37163.0,27.5,1,36.1,1,0
519,32041.0,27.3,1,41.1,1,0
520,31149.0,34.7,1,42.2,1,0
521,32342.0,36.5,1,55.7,1,1
522,40449.0,21.7,0,32.4,1,0
523,39988.0,27.1,0,39.8,1,0
524,34953.0,25.1,1,39.0,1,0
525,39782.0,16.7,0,26.6,0,0
526,32086.0,28.7,1,41.6,1,0
527,41289.0,19.3,0,28.4,1,0
528,35117.0,28.4,1,44.8,1,0
529,36086.0,26.3,0,35.1,1,1
530,42782.0,14.3,0,26.7,0,0
531,37864.0,22.7,0,33.7,0,0
532,42249.0,18.8,0,26.5,0,1
533,57312.0,12.7,0,19.3,0,1
534,35270.0,28.4,1,45.6,1,0
535,32350.0,27.7,1,43.9,1,0
536,36499.0,26.3,1,36.5,1,0
537,41466.0,20.8,0,32.8,1,0
538,35770.0,23.6,0,36.1,1,0
539,30926.0,39.3,1,39.2,1,0
540,43598.0,15.2,0,24.9,0,0
541,45921.0,15.3,0,22.1,0,1
542,32480.0,30.4,1,40.4,1,0
543,34031.0,22.9,0,34.7,1,0
544,38103.0,20.9,0,34.2,1,0
545,39560.0,21.7,0,34.3,1,1
546,54914.0,18.3,0,28.5,0,0
547,76544.0,9.2,0,11.5,0,1
548,,,0,,0,1
549,70122.0,11.2,0,15.9,0,0
550,68684.0,10.7,0,15.3,0,1
551,58431.0,11.7,0,12.2,0,1
552,39943.0,15.8,0,26.5,0,0
553,43298.0,22.3,0,22.2,0,1
554,48309.0,13.7,0,19.7,0,0
555,41368.0,18.0,0,25.5,0,0
556,49644.0,14.0,0,18.2,0,0
557,65272.0,8.9,0,12.0,0,0
558,52728.0,14.4,0,23.0,0,1
559,44072.0,15.8,0,23.6,0,0
560,54008.0,13.2,0,16.7,0,1
561,41803.0,15.8,0,24.3,0,0
562,43780.0,15.9,0,20.2,0,1
563,46203.0,10.7,0,15.4,0,0
564,44585.0,15.9,0,19.1,0,1
565,57017.0,10.8,0,14.0,0,0
566,47932.0,16.7,0,20.5,0,0
567,40098.0,15.3,0,16.5,0,0
568,42630.0,15.3,0,24.0,0,0
569,45801.0,14.0,0,19.5,0,0
570,44509.0,15.0,0,21.7,0,0
571,53901.0,9.7,0,13.0,0,1
572,49555.0,15.0,0,24.1,0,0
573,44017.0,15.8,0,24.2,0,1
574,48950.0,13.9,0,21.3,0,0
575,41157.0,16.3,0,23.0,0,0
576,53555.0,10.5,0,13.9,0,1
577,47034.0,15.8,0,21.7,0,0
578,48864.0,14.7,0,19.2,0,1
579,46360.0,19.6,0,14.5,0,0
580,40087.0,17.6,0,26.8,0,0
581,41688.0,16.3,0,26.8,0,0
582,46168.0,14.5,0,23.6,0,0
583,38065.0,28.1,1,18.6,0,0
584,45429.0,17.0,0,20.7,0,0
585,50939.0,13.5,0,18.5,0,1
586,47037.0,12.2,0,18.1,0,0
587,39738.0,19.9,0,30.2,1,1
588,44499.0,15.7,0,22.0,0,0
589,44004.0,14.1,0,20.8,0,0
590,37497.0,21.1,0,30.3,0,0
591,58013.0,9.8,0,15.9,0,0
592,45799.0,14.6,0,19.3,0,0
593,51774.0,10.7,0,18.1,0,0
594,38592.0,17.1,0,25.0,0,0
595,47264.0,13.4,0,18.9,0,0
596,32922.0,28.6,1,52.2,1,1
597,50206.0,14.8,0,19.1,0,1
598,62382.0,10.3,0,14.5,0,1
599,53516.0,16.7,0,15.8,0,0
600,51275.0,12.6,0,19.3,0,0
601,51109.0,11.6,0,15.5,0,1
602,50432.0,10.7,0,19.3,0,0
603,46647.0,12.2,0,18.1,0,0
604,50813.0,20.1,0,18.3,0,1
605,49041.0,12.7,0,19.2,0,0
606,50700.0,13.8,0,21.5,0,0
607,43577.0,14.5,0,21.1,0,0
608,64030.0,8.5,0,12.0,0,1
609,42613.0,21.8,0,24.5,0,0
610,56841.0,16.2,0,23.5,0,1
611,49856.0,13.4,0,20.2,0,0
612,51505.0,12.0,0,17.5,0,0
613,56874.0,16.2,0,16.3,0,1
614,54796.0,11.6,0,19.3,0,1
615,53213.0,10.2,0,16.3,0,0
616,81616.0,7.1,0,9.2,0,1
617,50306.0,13.9,0,22.6,0,0
618,48329.0,11.3,0,15.9,0,0
619,53077.0,9.8,0,14.1,0,0
620,41838.0,18.5,0,29.8,0,0
621,53151.0,11.3,0,18.1,0,1
622,43428.0,18.7,0,28.2,0,0
623,44649.0,14.9,0,21.0,0,0
624,40817.0,17.9,0,27.7,0,0
625,43943.0,16.6,0,23.4,0,0
626,71928.0,7.7,0,10.2,0,1
627,45926.0,13.0,0,22.4,0,0
628,48213.0,12.7,0,19.0,0,0
629,39128.0,20.6,0,35.6,1,0
630,47354.0,11.5,0,18.8,0,0
631,58983.0,10.7,0,14.7,0,1
632,49836.0,13.3,0,20.1,0,0
633,36613.0,23.5,1,29.7,0,1
634,52608.0,12.0,0,16.7,0,0
635,46460.0,16.7,0,26.5,0,0
636,53864.0,11.4,0,16.4,0,1
637,51201.0,9.4,0,13.5,0,0
638,46838.0,14.3,0,19.5,0,0
639,70502.0,10.8,0,16.1,0,1
640,53227.0,15.2,0,22.3,0,1
641,88773.0,4.8,0,6.6,0,1
642,43796.0,17.2,0,26.8,0,0
643,82160.0,9.0,0,12.3,0,1
644,52316.0,12.9,0,19.6,0,0
645,43268.0,17.7,0,23.4,0,0
646,52581.0,12.7,0,18.1,0,0
647,55474.0,12.8,0,18.2,0,0
648,58191.0,13.7,0,20.1,0,0
649,42453.0,22.8,0,26.0,0,0
650,80513.0,8.1,0,10.7,0,1
651,65766.0,11.7,0,11.6,0,1
652,48302.0,18.2,0,27.7,0,1
653,50460.0,13.7,0,21.1,0,1
654,52969.0,12.9,0,17.7,0,1
655,43018.0,18.0,0,29.5,0,0
656,53610.0,10.6,0,16.3,0,1
657,43743.0,13.9,0,23.3,0,0
658,41548.0,16.8,0,26.5,0,0
659,64706.0,10.3,0,16.6,0,1
660,57934.0,10.1,0,13.8,0,1
661,79686.0,5.0,0,5.5,0,1
662,46006.0,16.6,0,24.2,0,0
663,45259.0,14.8,0,22.3,0,0
664,58975.0,8.6,0,15.6,0,0
665,57268.0,10.4,0,14.5,0,0
666,53781.0,15.6,0,23.0,0,1
667,46598.0,16.8,0,23.6,0,0
668,65122.0,6.5,0,9.2,0,1
669,45106.0,15.0,0,22.9,0,0
670,41150.0,18.1,0,30.6,0,0
671,35135.0,24.7,1,39.9,1,0
672,60590.0,8.8,0,16.0,0,0
673,50129.0,14.3,0,19.7,0,0
674,43332.0,14.9,0,20.3,0,0
675,50419.0,13.2,0,20.8,0,1
676,50416.0,16.4,0,25.6,1,1
677,40873.0,23.2,0,35.2,0,0
678,57591.0,15.3,0,22.8,0,1
679,50720.0,12.9,0,19.6,0,0
680,50474.0,11.3,0,18.0,0,0
681,49633.0,11.6,0,17.1,0,0
682,50083.0,12.7,0,17.7,0,1
683,46430.0,13.0,0,22.5,0,0
684,57747.0,8.4,0,12.2,0,1
685,44221.0,15.3,0,25.6,0,0
686,44705.0,18.4,0,29.1,0,1
687,51224.0,12.2,0,19.6,0,0
688,46189.0,14.3,0,20.8,0,0
689,57019.0,8.8,0,13.7,0,0
690,47995.0,12.8,0,21.7,0,0
691,46588.0,14.9,0,23.0,0,0
692,45463.0,12.8,0,19.6,0,0
693,76293.0,8.0,0,11.3,0,1
694,47678.0,16.2,0,25.0,0,1
695,50024.0,14.7,0,22.5,0,1
696,68233.0,7.0,0,9.0,0,1
697,49251.0,12.8,0,25.3,0,0
698,50017.0,14.6,0,20.8,0,1
699,55580.0,11.9,0,15.5,0,1
700,50754.0,11.1,0,18.2,0,1
701,39611.0,14.5,0,24.0,0,0
702,75163.0,6.0,0,7.4,0,1
703,53801.0,11.4,0,19.9,0,1
704,52550.0,9.4,0,13.7,0,1
705,45575.0,13.1,0,20.0,0,0
706,51614.0,10.4,0,16.2,0,1
707,48947.0,12.9,0,20.4,0,1
708,50342.0,11.9,0,18.5,0,0
709,41331.0,18.7,0,28.5,1,0
710,47019.0,14.6,0,21.9,0,0
711,64093.0,8.9,0,12.7,0,1
712,51625.0,13.0,0,18.6,0,0
713,52382.0,10.5,0,14.9,0,0
714,40633.0,23.0,0,31.2,0,1
715,57336.0,7.6,0,9.0,0,0
716,50117.0,14.0,0,19.4,0,1
717,42538.0,16.2,0,23.8,0,0
718,57367.0,11.3,0,17.5,0,1
719,51108.0,12.1,0,18.9,0,0
720,53263.0,9.9,0,13.7,0,0
721,51660.0,11.7,0,19.7,0,0
722,53483.0,11.0,0,14.6,0,0
723,39984.0,18.0,0,26.9,0,0
724,47952.0,14.7,0,21.6,0,0
725,91844.0,4.7,0,5.2,0,1
726,70277.0,6.0,0,8.1,0,1
727,53719.0,11.2,0,15.3,0,1
728,73478.0,5.5,0,6.7,0,1
729,47954.0,14.7,0,20.6,0,0
730,47390.0,16.9,0,24.8,0,1
731,49103.0,10.9,0,16.2,0,0
732,45504.0,12.1,0,16.8,0,0
733,60195.0,9.3,0,13.2,0,1
734,42646.0,15.2,0,24.9,0,0
735,47841.0,13.4,0,20.2,0,0
736,46047.0,13.1,0,21.1,0,0
737,68256.0,8.0,0,10.7,0,1
738,42818.0,19.1,0,24.1,0,0
739,54147.0,10.0,0,13.8,0,0
740,56662.0,8.6,0,13.6,0,0
741,50613.0,16.6,0,26.5,0,1
742,47401.0,15.7,0,24.7,0,1
743,46890.0,13.9,0,21.0,0,0
744,45065.0,16.7,0,25.2,0,1
745,41407.0,20.6,0,31.0,0,1
746,49714.0,10.6,0,15.0,0,0
747,47717.0,13.8,0,19.5,0,0
748,46968.0,14.8,0,22.6,0,0
749,45341.0,23.5,0,18.2,0,1
750,49425.0,12.3,0,18.7,0,0
751,58376.0,11.4,0,16.2,0,1
752,48316.0,12.2,0,17.6,0,1
753,51876.0,9.8,0,14.2,0,0
754,53177.0,10.2,0,15.6,0,1
755,40918.0,15.7,0,24.3,0,0
756,43731.0,15.8,0,24.8,0,1
757,43637.0,17.2,0,25.0,0,0
758,47192.0,13.2,0,18.0,0,0
759,47324.0,11.1,0,16.2,0,0
760,66070.0,11.6,0,14.8,0,1
761,58298.0,9.7,0,12.9,0,1
762,47455.0,14.2,0,21.1,0,0
763,53910.0,13.6,0,17.6,0,1
764,41315.0,18.0,0,27.1,0,0
765,51553.0,10.6,0,15.4,0,0
766,48970.0,13.9,0,20.4,0,0
767,46881.0,16.7,0,24.5,0,1
768,43104.0,15.6,0,24.0,0,1
769,54639.0,11.9,0,17.2,0,1
770,56451.0,9.4,0,12.0,0,0
771,48106.0,14.8,0,23.0,0,0
772,53191.0,10.1,0,16.0,0,0
773,44939.0,16.4,0,20.9,0,1
774,46344.0,15.9,0,28.3,0,0
775,50170.0,18.9,0,17.8,0,1
776,56292.0,8.7,0,12.9,0,0
777,45050.0,12.4,0,20.3,0,1
778,43823.0,17.2,0,24.8,0,1
779,44376.0,12.9,0,18.5,0,1
780,39635.0,20.4,0,25.2,0,1
781,48223.0,12.0,0,18.1,0,0
782,57768.0,10.2,0,16.3,0,0
783,66461.0,7.5,0,9.8,0,1
784,43498.0,14.4,0,22.9,0,1
785,41849.0,18.0,0,28.4,0,0
786,55987.0,9.5,0,13.8,0,1
787,50370.0,10.9,0,17.9,0,0
788,56142.0,7.9,0,11.3,0,1
789,51531.0,11.9,0,16.5,0,0
790,48162.0,12.5,0,20.2,0,0
791,47756.0,10.8,0,17.0,0,0
792,41018.0,16.5,0,25.2,0,0
793,50948.0,10.3,0,15.3,0,0
794,65127.0,8.3,0,10.3,0,1
795,50335.0,14.2,0,16.8,0,1
796,58010.0,8.8,0,11.4,0,0
797,65295.0,7.8,0,7.1,0,1
798,55848.0,10.3,0,14.4,0,0
799,51991.0,13.7,0,19.1,0,0
800,54947.0,9.2,0,11.8,0,0
801,49206.0,12.5,0,16.5,0,0
802,58575.0,8.7,0,10.5,0,0
803,45915.0,13.9,0,19.7,0,0
804,60120.0,7.3,0,9.7,0,0
805,50208.0,12.3,0,14.7,0,0
806,52879.0,10.3,0,14.2,0,0
807,57559.0,8.5,0,13.6,0,0
808,49424.0,11.8,0,18.2,0,0
809,52584.0,11.6,0,15.7,0,0
810,48598.0,11.2,0,16.6,0,0
811,52945.0,13.4,0,18.2,0,0
812,51834.0,15.1,0,18.4,0,0
813,81381.0,5.3,0,6.0,0,1
814,49851.0,12.7,0,21.0,0,0
815,39424.0,21.7,0,27.1,0,0
816,59260.0,10.2,0,12.9,0,0
817,50125.0,14.7,0,22.6,0,0
818,56869.0,8.6,0,10.7,0,0
819,57862.0,12.0,0,13.9,0,1
820,46092.0,13.8,0,19.0,0,0
821,47615.0,12.9,0,18.1,0,0
822,49111.0,14.5,0,18.1,0,0
823,52975.0,11.9,0,17.3,0,0
824,55421.0,12.1,0,17.0,0,0
825,51002.0,11.1,0,16.5,0,0
826,62423.0,6.3,0,8.6,0,1
827,54719.0,10.4,0,13.6,0,1
828,54042.0,11.0,0,15.6,0,0
829,56746.0,9.2,0,12.2,0,0
830,50947.0,9.6,0,16.5,0,0
831,57244.0,9.9,0,13.2,0,1
832,50241.0,12.0,0,16.4,0,0
833,50602.0,11.0,0,15.7,0,0
834,52702.0,10.8,0,14.5,0,0
835,53804.0,10.6,0,13.1,0,0
836,63185.0,6.9,0,8.2,0,0
837,49956.0,12.9,0,17.6,0,0
838,53765.0,9.3,0,12.9,0,0
839,43495.0,15.3,0,20.0,0,0
840,57706.0,18.3,0,12.7,0,1
841,55789.0,11.1,0,14.3,0,1
842,50054.0,12.1,0,18.1,0,0
843,52433.0,11.6,0,15.1,0,0
844,45428.0,15.9,0,22.9,0,0
845,58142.0,11.0,0,12.2,0,1
846,53197.0,10.8,0,15.8,0,0
847,46933.0,14.7,0,24.1,0,0
848,64057.0,7.4,0,9.1,0,0
849,65294.0,8.2,0,10.3,0,1
850,50335.0,14.4,0,16.7,0,0
851,57411.0,9.2,0,10.6,0,0
852,53980.0,11.3,0,17.3,0,0
853,62507.0,10.3,0,13.5,0,1
854,61352.0,9.3,0,14.7,0,0
855,43991.0,13.2,0,18.0,0,0
856,48181.0,12.1,0,16.0,0,0
857,43210.0,13.4,0,19.6,0,0
858,53401.0,11.5,0,16.2,0,0
859,53907.0,9.2,0,12.3,0,0
860,54415.0,9.6,0,14.7,0,0
861,46870.0,15.7,0,24.0,0,0
862,48992.0,11.6,0,15.6,0,0
863,61929.0,8.3,0,10.2,0,1
864,47872.0,13.1,0,20.8,0,0
865,60436.0,11.9,0,14.7,0,1
866,52927.0,13.5,0,18.7,0,1
867,52861.0,10.9,0,12.6,0,0
868,45870.0,14.1,0,24.9,1,0
869,52506.0,10.9,0,14.3,0,0
870,58160.0,12.4,0,16.7,0,1
871,54614.0,9.2,0,11.3,0,0
872,62875.0,7.6,0,8.0,0,0
873,51706.0,18.6,0,9.5,0,1
874,59226.0,11.2,0,16.5,0,0
875,46466.0,14.7,0,20.3,0,0
876,45010.0,14.3,0,19.6,0,0
877,43653.0,15.8,0,24.7,0,0
878,44738.0,16.0,0,22.1,0,0
879,67728.0,7.8,0,8.9,0,1
880,55283.0,10.9,0,14.9,0,1
881,44381.0,16.4,0,26.2,0,0
882,44922.0,14.6,0,19.6,0,0
883,48408.0,10.8,0,15.0,0,0
884,59096.0,9.5,0,9.5,0,0
885,50774.0,14.0,0,19.6,0,1
886,50761.0,10.9,0,15.1,0,0
887,49882.0,12.6,0,18.2,0,0
888,41604.0,18.9,0,26.0,0,0
889,47267.0,14.0,0,19.9,0,0
890,46110.0,16.6,0,21.5,0,0
891,54176.0,11.1,0,17.3,0,0
892,50558.0,14.4,0,20.1,0,0
893,39609.0,18.2,0,26.5,0,0
894,46884.0,14.9,0,23.0,0,0
895,61473.0,10.6,0,12.8,0,1
896,48911.0,12.7,0,16.5,0,0
897,42324.0,16.8,0,25.6,0,0
898,39842.0,18.0,0,27.8,0,0
899,44111.0,12.3,0,19.2,0,0
900,50392.0,12.0,0,15.6,0,0
901,51351.0,11.1,0,16.9,0,0
902,42730.0,12.8,0,18.1,0,0
903,57160.0,9.9,0,12.4,0,0
904,43809.0,11.4,0,15.1,0,0
905,47851.0,15.3,0,21.4,0,0
906,38139.0,19.1,0,24.5,0,0
907,43919.0,12.3,0,19.6,0,0
908,47570.0,12.2,0,16.1,0,0
909,47000.0,13.2,0,19.3,0,1
910,52447.0,19.4,0,13.2,0,1
911,46380.0,10.6,0,14.0,0,0
912,39147.0,17.6,0,30.7,0,0
913,49192.0,12.0,0,12.2,0,0
914,49986.0,10.6,0,13.1,0,0
915,53245.0,14.6,0,20.5,0,0
916,47915.0,13.2,0,18.9,0,0
917,51484.0,11.7,0,17.3,0,0
918,45590.0,11.9,0,20.1,0,0
919,46580.0,9.9,0,14.9,0,0
920,45018.0,12.2,0,16.9,0,0
921,59218.0,10.2,0,15.8,0,0
922,64284.0,8.3,0,11.0,0,0
923,44667.0,11.4,0,18.4,0,0
924,41168.0,15.8,0,24.6,0,0
925,50056.0,13.1,0,19.8,0,0
926,46869.0,13.7,0,19.6,0,0
927,55470.0,9.4,0,13.5,0,1
928,59356.0,11.2,0,16.0,0,0
929,54513.0,9.6,0,12.2,0,0
930,51662.0,11.3,0,14.2,0,1
931,59080.0,9.1,0,13.9,0,1
932,43201.0,13.5,0,21.6,0,0
933,83007.0,5.5,0,6.5,0,1
934,59134.0,11.5,0,16.6,0,0
935,52907.0,11.5,0,16.9,0,1
936,46381.0,12.6,0,16.8,0,0
937,42323.0,18.2,0,27.3,0,0
938,57388.0,9.6,0,14.8,0,0
939,61465.0,10.7,0,13.1,0,1
940,42277.0,12.5,0,19.5,0,0
941,46065.0,14.0,0,21.2,0,1
942,48399.0,9.4,0,13.1,0,0
943,39562.0,17.5,0,18.9,0,0
944,61356.0,7.6,0,10.0,0,0
945,51196.0,10.9,0,14.4,0,0
946,49270.0,10.7,0,14.1,0,0
947,56325.0,9.5,0,12.3,0,0
948,62375.0,8.8,0,11.4,0,1
949,48310.0,10.5,0,14.8,0,0
950,43289.0,19.9,0,27.6,0,0
951,49720.0,10.8,0,16.9,0,0
952,53443.0,10.3,0,15.3,0,0
953,54486.0,8.8,0,10.0,0,0
954,40744.0,18.9,0,28.1,0,0
955,53456.0,9.4,0,13.6,0,0
956,45096.0,12.7,0,15.2,0,0
957,48364.0,12.7,0,17.1,0,1
958,43518.0,13.1,0,20.1,0,0
959,50302.0,10.0,0,13.8,0,0
960,47359.0,14.5,0,17.4,0,0
961,46984.0,11.1,0,17.0,0,0
962,60601.0,8.1,0,10.6,0,1
963,52634.0,10.8,0,15.6,0,0
964,47448.0,11.7,0,19.1,0,0
965,47178.0,13.1,0,17.9,0,0
966,44593.0,11.2,0,17.3,0,0
967,52400.0,13.8,0,18.1,0,0
968,46690.0,23.4,0,15.5,0,1
969,45309.0,11.7,0,15.5,0,0
970,43895.0,11.5,0,17.1,0,0
971,42625.0,13.2,0,20.7,0,0
972,47052.0,14.3,0,21.7,0,0
973,56267.0,7.7,0,12.0,0,0
974,50995.0,15.2,0,20.7,0,1
975,45807.0,15.0,0,18.2,0,0
976,51316.0,14.2,0,19.9,0,1
977,51221.0,10.9,0,17.3,0,0
978,42491.0,16.5,0,24.4,0,0
979,43872.0,12.2,0,16.5,0,0
980,47129.0,12.8,0,20.8,0,0
981,55341.0,10.9,0,16.6,0,0
982,59735.0,11.3,0,15.5,0,0
983,51451.0,11.7,0,17.6,0,1
984,50574.0,10.9,0,12.0,0,0
985,48576.0,10.4,0,14.6,0,0
986,57339.0,8.3,0,12.5,0,1
987,48426.0,12.4,0,15.9,0,0
988,46153.0,10.7,0,13.2,0,0
989,52917.0,10.9,0,16.5,0,0
990,41461.0,15.6,0,24.0,0,0
991,37394.0,19.5,0,29.6,0,0
992,41746.0,21.9,0,32.1,0,1
993,32007.0,27.2,0,41.0,0,0
994,42287.0,19.8,0,30.2,0,1
995,55523.0,10.7,0,16.8,0,0
996,44352.0,15.1,0,24.5,0,0
997,40017.0,19.3,0,28.7,1,0
998,35143.0,24.9,1,37.8,1,0
999,23968.0,44.7,1,56.8,1,0
1000,68804.0,8.2,0,10.5,0,1
1001,46370.0,14.8,0,24.4,0,1
1002,43406.0,20.5,0,29.4,0,1
1003,40459.0,17.2,0,24.9,0,0
1004,44846.0,15.7,0,24.7,0,1
1005,28196.0,32.9,1,42.9,1,0
1006,42347.0,19.0,0,25.6,0,0
1007,54755.0,9.6,0,14.5,0,1
1008,39545.0,21.6,0,31.3,0,1
1009,39355.0,18.8,0,29.4,0,0
1010,40585.0,21.1,0,24.1,0,0
1011,51694.0,14.4,0,17.8,0,1
1012,43144.0,14.8,0,25.2,0,0
1013,46499.0,17.6,0,28.7,0,0
1014,37204.0,19.7,0,29.4,1,0
1015,33576.0,25.1,1,38.2,1,0
1016,39840.0,20.3,0,28.9,0,1
1017,54812.0,15.4,0,23.9,0,1
1018,24001.0,46.8,1,53.0,1,0
1019,29178.0,26.4,1,39.6,1,0
1020,40202.0,19.2,0,31.3,1,0
1021,30989.0,24.8,1,36.2,1,0
1022,48724.0,14.9,0,20.9,0,1
1023,38673.0,20.0,0,28.6,0,1
1024,30299.0,34.4,1,40.3,1,0
1025,32541.0,28.2,1,38.8,1,0
1026,51963.0,19.1,0,22.6,0,1
1027,47030.0,20.0,0,31.8,0,0
1028,30888.0,29.5,1,43.1,1,0
1029,50471.0,13.7,0,22.5,0,0
1030,30798.0,30.4,1,47.6,1,0
1031,47679.0,15.0,0,23.8,0,1
1032,45018.0,17.0,0,24.3,0,0
1033,45307.0,16.4,0,27.0,0,1
1034,39515.0,16.3,0,27.4,0,0
1035,37057.0,22.9,0,32.5,1,0
1036,36226.0,20.5,0,29.1,1,0
1037,45690.0,16.8,0,23.5,0,1
1038,52929.0,13.8,0,20.0,0,1
1039,49637.0,15.0,0,21.6,0,1
1040,27425.0,35.5,1,47.7,1,0
1041,47040.0,16.2,0,24.4,0,0
1042,34764.0,22.0,1,31.1,1,0
1043,45718.0,17.0,0,24.2,0,1
1044,47802.0,17.7,0,26.5,0,1
1045,40890.0,17.6,0,29.9,1,0
1046,44750.0,18.4,0,26.6,0,0
1047,30565.0,31.2,1,41.0,1,0
1048,51230.0,15.4,0,22.4,0,1
1049,49839.0,18.3,0,23.8,0,1
1050,36051.0,25.9,1,34.4,1,0
1051,52631.0,12.8,0,18.2,0,1
1052,30138.0,33.8,1,46.4,1,0
1053,28578.0,32.0,1,45.2,1,0
1054,40202.0,18.1,0,27.7,0,1
1055,37737.0,23.0,1,33.1,1,0
1056,36276.0,25.0,1,34.3,1,0
1057,26201.0,34.7,1,50.2,1,0
1058,28722.0,33.7,1,39.4,0,0
1059,31079.0,33.2,1,41.9,1,0
1060,33867.0,24.7,1,35.6,1,0
1061,37220.0,21.2,1,31.4,1,0
1062,44551.0,15.3,0,25.0,0,0
1063,43795.0,15.5,0,24.3,0,0
1064,48189.0,16.9,0,22.4,0,0
1065,47184.0,15.2,0,24.6,0,0
1066,25655.0,41.5,1,51.9,1,0
1067,44007.0,17.3,0,26.0,0,1
1068,46342.0,18.2,0,20.1,0,0
1069,29921.0,32.6,1,45.1,1,0
1070,41189.0,20.5,0,27.6,1,0
1071,49771.0,12.1,0,19.5,0,0
1072,29198.0,40.0,1,45.3,1,0
1073,37071.0,19.5,0,29.3,1,0
1074,51111.0,13.5,0,20.3,0,1
1075,34299.0,26.8,1,43.5,1,0
1076,46346.0,15.1,0,21.9,0,0
1077,32654.0,22.9,0,38.4,1,0
1078,31603.0,25.3,1,37.8,1,0
1079,42468.0,21.5,0,29.9,0,0
1080,31489.0,31.3,1,40.9,1,0
1081,40272.0,19.4,0,26.2,0,0
1082,51843.0,12.5,0,18.8,0,0
1083,37267.0,21.5,0,34.3,0,0
1084,40661.0,19.9,0,27.5,0,0
1085,84415.0,6.2,0,6.7,0,1
1086,43686.0,16.9,0,25.4,0,0
1087,23341.0,42.4,1,61.6,1,0
1088,49345.0,16.4,0,23.5,0,1
1089,31740.0,28.5,1,37.2,1,0
1090,34315.0,25.0,0,32.0,1,0
1091,34510.0,26.0,1,39.3,1,0
1092,40702.0,23.0,0,31.7,1,0
1093,40027.0,22.5,1,36.7,1,0
1094,33293.0,22.9,1,32.4,1,0
1095,36597.0,27.2,1,32.4,1,0
1096,31968.0,24.6,1,35.8,1,0
1097,63775.0,13.1,0,18.1,0,1
1098,60189.0,11.5,0,17.1,0,1
1099,45496.0,16.0,0,26.2,0,0
1100,68147.0,9.0,0,11.9,0,1
1101,35700.0,23.0,0,33.8,1,0
1102,40963.0,19.3,0,28.1,0,0
1103,45106.0,15.1,0,26.5,0,1
1104,48392.0,15.7,0,22.3,0,1
1105,45239.0,20.7,0,20.7,0,0
1106,45964.0,18.0,0,22.9,0,1
1107,45143.0,17.1,0,23.6,0,0
1108,29826.0,28.0,1,40.3,1,0
1109,44245.0,18.1,0,24.9,0,0
1110,31903.0,29.2,1,38.9,1,0
1111,27196.0,30.7,1,50.4,1,0
1112,57862.0,11.6,0,17.0,0,1
1113,42033.0,23.7,1,32.5,1,1
1114,42120.0,20.4,0,24.3,1,0
1115,74852.0,10.7,0,14.8,0,1
1116,48516.0,16.8,0,25.2,1,0
1117,34803.0,25.3,1,34.7,1,0
1118,48206.0,19.5,0,24.8,0,0
1119,34565.0,25.4,1,37.4,1,0
1120,55403.0,14.5,0,20.4,0,1
1121,41081.0,22.2,0,34.8,1,1
1122,46523.0,17.5,0,26.0,0,1
1123,38564.0,22.9,0,32.8,1,0
1124,56259.0,12.7,0,17.6,0,1
1125,33958.0,27.2,1,37.0,1,0
1126,33740.0,30.9,1,37.1,1,0
1127,33068.0,29.5,1,41.6,1,0
1128,41691.0,24.9,0,38.7,1,1
1129,50389.0,18.5,0,26.5,0,1
1130,26325.0,43.5,1,56.1,1,0
1131,43105.0,21.8,1,27.6,1,1
1132,33407.0,25.7,1,32.1,1,0
1133,33845.0,25.4,1,40.7,1,0
1134,43437.0,21.3,0,28.1,1,1
1135,45039.0,20.8,0,32.7,0,1
1136,42000.0,22.3,0,30.7,1,1
1137,41029.0,21.1,0,30.8,0,0
1138,49503.0,16.3,0,27.1,0,1
1139,43677.0,20.3,0,27.2,1,0
1140,52411.0,17.0,0,20.7,0,1
1141,53482.0,14.1,0,20.0,0,1
1142,46258.0,18.5,0,21.8,0,0
1143,38118.0,25.5,1,29.8,1,0
1144,58774.0,13.5,0,17.6,0,1
1145,27225.0,37.6,1,52.7,1,0
1146,31777.0,31.1,1,50.0,1,0
1147,33786.0,29.6,1,36.2,1,0
1148,38640.0,24.0,1,38.2,1,1
1149,38453.0,23.0,1,33.1,1,1
1150,49122.0,17.3,0,19.7,0,1
1151,42919.0,19.3,0,29.2,1,1
1152,42758.0,21.6,0,31.7,1,1
1153,41742.0,25.7,1,37.9,1,0
1154,34588.0,24.7,1,37.3,1,0
1155,42196.0,18.1,1,25.9,1,0
1156,41540.0,20.4,0,30.3,0,1
1157,61601.0,11.8,0,17.4,0,1
1158,36602.0,19.9,1,34.0,1,1
1159,52258.0,18.3,0,26.6,1,1
1160,50596.0,20.5,0,29.9,0,1
1161,33503.0,27.0,1,37.2,1,0
1162,45435.0,18.3,0,27.9,1,1
1163,40945.0,19.7,0,28.3,1,0
1164,63499.0,12.5,0,17.3,0,1
1165,41768.0,24.0,1,35.0,1,1
1166,27077.0,35.1,1,52.6,1,0
1167,44450.0,20.1,0,24.9,0,1
1168,38741.0,21.9,0,34.3,1,1
1169,46807.0,18.1,0,23.6,0,1
1170,44733.0,17.5,0,23.3,0,0
1171,33453.0,26.2,1,36.9,1,0
1172,34566.0,25.9,0,40.0,1,1
1173,55074.0,15.1,0,22.1,1,1
1174,35484.0,22.7,1,32.1,1,0
1175,56680.0,23.9,0,21.7,0,1
1176,36173.0,24.0,1,30.4,1,0
1177,48930.0,15.0,0,21.8,0,1
1178,37104.0,18.4,0,21.8,0,0
1179,63191.0,10.7,0,12.2,0,1
1180,42859.0,14.6,0,21.4,0,0
1181,48601.0,11.5,0,16.2,0,0
1182,50408.0,13.1,0,18.0,0,0
1183,47489.0,11.4,0,17.9,0,0
1184,50152.0,14.1,0,20.2,0,0
1185,42674.0,17.0,0,25.6,0,0
1186,44647.0,17.1,0,19.1,0,1
1187,36463.0,19.1,0,30.5,0,0
1188,55645.0,11.2,0,17.2,0,1
1189,40165.0,18.7,0,25.9,0,0
1190,43198.0,14.4,0,21.3,0,0
1191,35576.0,18.8,0,28.8,1,0
1192,61340.0,8.3,0,11.4,0,1
1193,39859.0,20.0,0,27.1,0,1
1194,90825.0,6.0,0,8.1,0,1
1195,68317.0,9.1,0,11.9,0,1
1196,98937.0,5.9,0,8.1,0,1
1197,51294.0,14.4,0,22.9,0,0
1198,84506.0,6.2,0,7.2,0,1
1199,68972.0,10.0,0,14.8,0,1
1200,87941.0,7.1,0,10.4,0,1
1201,44664.0,18.1,0,29.8,0,0
1202,83746.0,7.4,0,9.0,0,1
1203,46469.0,13.6,0,19.3,0,0
1204,77992.0,7.8,0,10.3,0,1
1205,110224.0,5.2,0,6.5,0,1
1206,52274.0,14.8,0,21.6,0,0
1207,98314.0,7.5,0,10.5,0,1
1208,76366.0,9.5,0,14.2,0,1
1209,83914.0,7.2,0,10.5,0,1
1210,83148.0,8.7,0,12.7,0,1
1211,38692.0,25.8,0,35.9,0,1
1212,62018.0,10.4,0,15.9,0,0
1213,55270.0,12.0,0,17.8,0,1
1214,52153.0,14.7,0,21.7,0,1
1215,53366.0,11.3,0,20.7,0,1
1216,43192.0,22.7,1,33.9,1,1
1217,65735.0,7.6,0,11.5,0,1
1218,50646.0,14.3,0,19.6,0,1
1219,59839.0,12.6,0,17.3,0,1
1220,64456.0,8.5,0,13.4,0,0
1221,68237.0,11.5,0,16.6,0,1
1222,57325.0,11.8,0,16.9,0,0
1223,51415.0,17.1,0,27.4,0,1
1224,60853.0,15.3,0,11.6,0,1
1225,90025.0,7.6,0,8.2,0,1
1226,86014.0,7.3,0,8.5,0,0
1227,93187.0,7.1,0,6.4,0,1
1228,74736.0,9.7,0,12.4,0,1
1229,56530.0,19.8,0,29.3,1,1
1230,65621.0,12.1,0,15.2,0,1
1231,37618.0,15.8,0,30.8,0,0
1232,43341.0,14.6,0,21.0,0,0
1233,55611.0,11.2,0,15.1,0,0
1234,40665.0,16.2,0,24.6,0,0
1235,49118.0,14.2,0,24.1,0,0
1236,37120.0,20.1,0,30.5,0,0
1237,42389.0,17.3,0,24.3,0,0
1238,57665.0,9.3,0,14.0,0,1
1239,46256.0,14.5,0,20.8,0,1
1240,48127.0,10.5,0,19.1,0,0
1241,46588.0,17.1,0,26.2,0,1
1242,47146.0,14.9,0,23.7,0,0
1243,43864.0,16.1,0,24.0,0,1
1244,49889.0,14.8,0,22.5,0,1
1245,48267.0,11.6,0,18.3,0,0
1246,41036.0,17.6,0,28.4,0,0
1247,42473.0,19.7,0,27.4,0,0
1248,33250.0,24.7,0,38.8,1,0
1249,65051.0,10.0,0,10.8,0,1
1250,40907.0,17.2,0,31.2,0,0
1251,43020.0,14.8,0,20.8,0,0
1252,47616.0,12.3,0,17.8,0,0
1253,56760.0,10.9,0,15.7,0,1
1254,49774.0,11.0,0,15.7,0,0
1255,44181.0,20.5,0,30.2,0,1
1256,40746.0,19.8,0,32.2,0,0
1257,38416.0,18.6,0,27.5,0,0
1258,54874.0,8.5,0,12.3,0,0
1259,42800.0,16.5,0,20.6,0,0
1260,46786.0,16.6,0,24.6,0,0
1261,41775.0,17.4,0,18.4,0,0
1262,45917.0,11.7,0,18.9,0,0
1263,47470.0,21.0,0,24.1,0,1
1264,51013.0,14.2,0,17.7,0,0
1265,39874.0,16.1,0,32.3,0,0
1266,36570.0,14.6,0,25.5,0,0
1267,41957.0,26.1,0,20.0,0,0
1268,50683.0,16.2,0,25.2,0,1
1269,52252.0,16.0,0,19.0,0,1
1270,42829.0,16.5,0,27.5,0,0
1271,54550.0,14.5,0,19.1,0,1
1272,40862.0,13.4,0,21.4,0,0
1273,32971.0,24.8,0,45.2,1,0
1274,57774.0,10.0,0,14.7,0,1
1275,61397.0,7.9,0,13.4,0,0
1276,49013.0,14.3,0,20.9,0,0
1277,76934.0,6.5,0,7.8,0,1
1278,41870.0,19.6,0,29.7,0,0
1279,40091.0,16.1,0,26.1,0,0
1280,54939.0,11.7,0,16.8,0,1
1281,41811.0,15.0,0,25.8,0,0
1282,48108.0,15.0,0,17.9,0,0
1283,43620.0,16.8,0,26.9,0,0
1284,41755.0,21.3,0,29.6,0,0
1285,42591.0,16.9,0,26.8,0,0
1286,59248.0,11.5,0,15.0,0,1
1287,42836.0,17.5,0,26.2,0,0
1288,56161.0,10.6,0,14.6,0,1
1289,41728.0,17.9,0,26.9,0,1
1290,37153.0,18.2,0,33.9,1,0
1291,46709.0,16.1,0,23.4,0,1
1292,45086.0,16.3,0,23.1,0,0
1293,70150.0,9.3,0,11.7,0,1
1294,43211.0,17.2,0,28.9,0,0
1295,37057.0,19.4,0,34.2,0,0
1296,37508.0,14.6,0,30.3,0,0
1297,41782.0,18.7,0,29.9,0,0
1298,36724.0,20.5,0,32.8,0,0
1299,50420.0,12.1,0,19.2,0,0
1300,61429.0,8.6,0,9.2,0,1
1301,41658.0,13.6,0,25.0,0,0
1302,38516.0,19.2,0,40.3,0,0
1303,43344.0,18.6,0,27.7,0,1
1304,51183.0,12.8,0,18.9,0,1
1305,46667.0,14.7,0,22.3,0,0
1306,41861.0,16.7,0,24.8,0,0
1307,36741.0,15.9,0,24.8,0,0
1308,50807.0,12.4,0,19.6,0,0
1309,45800.0,15.5,0,25.1,0,0
1310,47806.0,15.7,0,22.8,0,1
1311,62401.0,14.2,0,13.4,0,1
1312,41585.0,24.8,0,37.0,1,1
1313,42922.0,14.8,0,25.2,0,0
1314,43817.0,14.2,0,22.4,0,0
1315,73276.0,7.1,0,9.2,0,1
1316,54304.0,11.3,0,16.5,0,0
1317,46031.0,16.2,0,23.5,1,0
1318,52513.0,11.4,0,13.5,0,1
1319,47583.0,11.5,0,15.9,0,0
1320,49664.0,17.2,0,14.0,0,1
1321,56330.0,8.3,0,10.6,0,0
1322,54945.0,10.8,0,12.2,0,1
1323,93857.0,4.5,0,4.7,0,1
1324,47645.0,15.0,0,26.0,0,0
1325,50896.0,11.1,0,15.3,0,0
1326,70036.0,6.3,0,7.9,0,1
1327,60417.0,12.1,0,12.5,0,1
1328,42689.0,14.6,0,23.3,0,0
1329,50350.0,11.1,0,17.8,0,0
1330,49448.0,13.7,0,19.1,0,0
1331,50755.0,10.4,0,14.9,0,0
1332,77576.0,7.1,0,9.1,0,1
1333,65494.0,6.9,0,8.6,0,1
1334,56819.0,8.8,0,11.4,0,0
1335,52169.0,11.3,0,18.1,0,0
1336,52170.0,10.8,0,17.1,0,1
1337,47418.0,13.4,0,19.7,0,0
1338,60285.0,8.9,0,10.8,0,0
1339,50570.0,10.6,0,15.1,0,0
1340,68902.0,10.9,0,13.9,0,1
1341,56276.0,8.2,0,10.2,0,1
1342,52841.0,10.6,0,18.3,0,0
1343,63134.0,7.7,0,10.1,0,1
1344,52064.0,12.7,0,17.7,0,0
1345,54001.0,9.2,0,13.0,0,0
1346,48907.0,11.7,0,18.2,0,0
1347,52597.0,10.9,0,16.8,0,0
1348,55545.0,10.2,0,14.1,0,0
1349,46807.0,14.3,0,22.0,0,0
1350,50764.0,8.4,0,13.5,0,0
1351,53093.0,9.8,0,14.6,0,0
1352,46128.0,11.7,0,16.2,0,0
1353,62672.0,8.5,0,10.9,0,1
1354,52164.0,9.3,0,13.1,0,0
1355,55051.0,12.2,0,16.7,0,0
1356,60549.0,8.6,0,11.0,0,0
1357,40849.0,21.5,0,34.3,1,0
1358,55889.0,8.3,0,11.6,0,0
1359,48478.0,13.6,0,19.5,0,0
1360,58607.0,7.9,0,10.5,0,0
1361,50633.0,12.4,0,18.5,0,1
1362,54245.0,10.9,0,15.0,0,0
1363,50878.0,10.8,0,16.1,0,0
1364,50378.0,9.0,0,12.7,0,0
1365,58839.0,10.7,0,11.6,0,1
1366,50100.0,12.9,0,17.2,0,0
1367,50775.0,11.7,0,17.6,0,0
1368,70063.0,8.9,0,11.1,0,1
1369,55357.0,9.7,0,14.1,0,0
1370,51341.0,10.4,0,12.0,0,0
1371,46332.0,13.9,0,18.6,0,0
1372,51939.0,11.0,0,15.7,0,0
1373,54270.0,11.8,0,16.2,0,1
1374,53267.0,8.4,0,13.0,0,0
1375,57299.0,15.1,0,22.5,0,1
1376,52244.0,9.7,0,12.0,0,0
1377,48520.0,11.0,0,15.4,0,0
1378,56835.0,9.5,0,15.2,0,0
1379,59863.0,9.2,0,11.2,0,0
1380,55462.0,9.7,0,12.6,0,0
1381,54416.0,9.4,0,12.0,0,0
1382,50141.0,13.4,0,15.2,0,1
1383,92898.0,5.1,0,6.0,0,1
1384,79495.0,7.5,0,8.1,0,1
1385,57052.0,8.9,0,12.3,0,1
1386,55244.0,13.5,0,14.3,0,1
1387,60970.0,9.4,0,13.2,0,0
1388,54323.0,10.9,0,8.6,0,0
1389,47130.0,11.9,0,15.2,0,0
1390,48840.0,12.8,0,19.3,0,0
1391,46764.0,14.4,0,22.7,0,0
1392,57873.0,6.9,0,9.7,0,1
1393,45597.0,15.0,0,19.6,0,0
1394,54495.0,9.9,0,13.6,0,0
1395,88329.0,5.1,0,6.0,0,1
1396,48044.0,11.3,0,16.7,0,0
1397,56583.0,9.8,0,13.2,0,0
1398,54367.0,12.7,0,12.7,0,0
1399,76407.0,5.1,0,6.1,0,1
1400,51569.0,12.5,0,15.0,0,0
1401,32673.0,29.6,1,43.8,1,0
1402,41383.0,19.6,0,29.5,0,0
1403,37085.0,22.2,1,33.7,1,0
1404,32988.0,22.9,1,34.1,1,0
1405,32467.0,25.3,1,38.3,1,1
1406,30311.0,36.1,1,47.8,1,0
1407,33906.0,23.0,0,33.7,1,0
1408,39439.0,19.0,0,27.1,0,0
1409,31937.0,26.6,1,38.8,1,0
1410,35370.0,24.5,1,36.7,1,0
1411,26959.0,46.3,1,54.0,1,0
1412,38362.0,21.8,1,33.4,1,0
1413,32360.0,27.6,1,42.1,1,0
1414,25948.0,35.0,1,49.3,1,0
1415,34723.0,26.1,1,39.1,1,1
1416,36206.0,22.4,1,35.0,1,0
1417,60610.0,10.0,0,13.0,0,1
1418,35198.0,26.6,1,32.2,1,1
1419,36391.0,20.6,1,30.8,1,0
1420,48212.0,17.1,0,24.6,0,0
1421,42699.0,22.6,0,26.4,1,0
1422,35163.0,21.3,1,32.4,1,0
1423,45911.0,20.8,0,30.1,0,1
1424,42370.0,22.0,0,33.6,1,1
1425,39158.0,27.1,0,38.7,1,1
1426,24065.0,43.3,1,53.6,1,0
1427,25625.0,41.5,1,60.2,1,0
1428,28859.0,40.4,1,46.0,1,0
1429,39296.0,18.1,0,25.4,0,0
1430,46339.0,16.1,0,23.0,0,1
1431,35092.0,22.8,1,31.8,1,0
1432,26405.0,39.3,1,44.6,1,0
1433,28845.0,30.5,1,44.2,1,0
1434,36413.0,23.2,0,32.3,1,0
1435,30381.0,31.9,1,43.1,1,0
1436,43435.0,21.0,1,20.2,0,0
1437,53205.0,16.4,0,21.3,0,1
1438,38334.0,22.0,1,33.2,1,0
1439,39460.0,20.9,0,31.8,1,0
1440,35804.0,24.3,1,38.9,1,0
1441,43098.0,17.4,0,25.2,0,0
1442,26520.0,42.3,1,55.3,1,0
1443,40627.0,20.0,0,27.8,1,0
1444,41880.0,23.5,1,36.3,1,0
1445,67482.0,12.7,0,18.5,0,1
1446,34742.0,24.2,1,36.5,1,0
1447,38006.0,23.3,1,37.3,1,1
1448,38893.0,20.7,0,30.6,1,0
1449,34264.0,25.8,1,38.3,1,0
1450,38068.0,25.5,1,34.7,1,0
1451,36991.0,22.7,0,31.4,1,0
1452,28041.0,34.3,1,46.9,1,0
1453,38011.0,27.1,1,30.8,1,0
1454,35517.0,24.8,1,38.5,1,0
1455,43420.0,21.0,0,30.6,1,0
1456,37777.0,21.0,0,32.8,0,1
1457,31976.0,30.1,1,43.1,1,0
1458,39977.0,15.6,0,25.6,0,0
1459,38550.0,19.5,0,28.2,0,0
1460,26467.0,38.2,1,56.8,1,0
1461,58426.0,9.7,0,14.2,0,1
1462,34469.0,21.7,1,31.5,1,0
1463,27589.0,34.3,1,53.7,1,0
1464,37742.0,24.5,1,35.3,1,1
1465,40637.0,19.5,0,27.1,1,0
1466,42295.0,20.5,0,30.0,1,0
1467,28184.0,39.3,1,50.6,1,0
1468,29474.0,32.9,1,45.2,1,0
1469,43376.0,19.2,0,29.1,0,1
1470,38297.0,18.2,0,27.2,0,0
1471,37740.0,17.1,0,24.9,0,0
1472,30970.0,28.9,1,46.2,1,1
1473,42120.0,17.0,0,25.1,0,0
1474,31202.0,27.6,1,42.1,1,0
1475,40465.0,21.6,0,32.8,1,0
1476,27539.0,36.2,1,51.4,1,0
1477,35989.0,24.5,1,35.8,1,0
1478,40214.0,20.5,0,30.2,1,0
1479,28535.0,34.5,1,42.4,1,0
1480,35216.0,26.6,1,38.9,1,0
1481,36062.0,22.4,1,33.4,1,0
1482,34218.0,34.2,1,43.4,1,1
1483,40222.0,21.9,0,23.3,0,0
1484,58675.0,9.5,0,12.9,0,1
1485,46339.0,13.0,0,17.3,0,0
1486,42480.0,18.7,0,26.9,0,0
1487,37467.0,20.7,0,29.7,0,0
1488,39633.0,18.0,0,26.9,0,0
1489,45887.0,14.1,0,22.5,0,1
1490,34156.0,18.7,0,31.8,0,0
1491,41623.0,18.3,0,27.0,0,1
1492,50865.0,17.7,0,14.6,0,1
1493,48294.0,17.3,0,23.7,0,1
1494,35509.0,23.4,0,36.7,1,0
1495,44470.0,12.7,0,19.7,0,1
1496,50514.0,13.9,0,21.2,0,1
1497,49393.0,14.9,0,26.1,0,0
1498,49615.0,16.4,0,19.4,0,1
1499,43638.0,15.7,0,22.7,0,0
1500,32269.0,21.4,1,36.3,1,0
1501,62996.0,9.2,0,12.3,0,1
1502,37654.0,19.9,0,33.7,0,0
1503,46230.0,13.3,0,18.8,0,0
1504,54044.0,10.4,0,14.3,0,1
1505,43225.0,14.7,0,22.5,0,0
1506,65106.0,7.8,0,9.7,0,1
1507,59655.0,10.4,0,15.1,0,1
1508,56393.0,11.9,0,16.2,0,1
1509,46632.0,14.4,0,19.9,0,0
1510,38491.0,19.4,0,28.6,0,0
1511,38516.0,17.5,0,27.6,0,0
1512,37780.0,18.1,0,29.4,1,1
1513,43135.0,15.3,0,27.6,0,0
1514,44429.0,20.0,0,18.5,0,1
1515,36808.0,21.5,0,31.0,1,0
1516,32979.0,23.1,0,35.5,0,0
1517,31920.0,27.6,1,39.0,1,0
1518,50438.0,11.4,0,16.3,0,1
1519,47717.0,12.1,0,19.2,0,0
1520,43811.0,14.9,0,21.4,0,0
1521,43885.0,17.7,0,21.4,0,1
1522,38763.0,19.1,0,27.8,0,0
1523,38005.0,18.0,0,26.9,0,0
1524,42455.0,18.8,0,26.7,0,0
1525,31320.0,23.8,0,39.3,1,0
1526,42845.0,13.7,0,20.3,0,0
1527,44634.0,15.9,0,20.9,0,0
1528,36604.0,19.9,0,30.0,1,0
1529,33415.0,22.9,0,34.4,1,0
1530,48364.0,17.6,0,25.0,0,1
1531,43724.0,16.0,0,22.6,0,1
1532,58747.0,10.5,0,13.6,0,1
1533,44109.0,16.3,0,17.2,0,0
1534,40356.0,18.7,0,30.4,1,0
1535,40741.0,17.4,0,25.9,0,0
1536,50325.0,12.2,0,18.0,0,1
1537,41619.0,18.3,0,27.3,0,0
1538,45592.0,16.3,0,24.7,0,0
1539,54584.0,11.3,0,15.4,0,1
1540,39618.0,17.4,0,26.6,0,0
1541,40808.0,18.8,0,26.2,0,0
1542,37939.0,20.1,0,31.0,1,1
1543,41080.0,14.6,0,23.2,0,0
1544,35745.0,19.3,0,29.6,1,0
1545,43970.0,15.4,0,24.4,0,0
1546,41297.0,17.7,0,23.4,0,0
1547,43244.0,14.2,0,21.9,0,0
1548,40077.0,18.7,0,27.3,0,0
1549,33283.0,26.6,1,38.0,1,0
1550,50525.0,14.7,0,20.4,0,1
1551,44048.0,14.0,0,22.8,0,0
1552,41470.0,17.0,0,26.2,0,0
1553,39219.0,23.1,0,33.1,1,0
1554,36386.0,23.9,1,36.9,1,0
1555,46125.0,14.5,0,20.7,0,1
1556,44119.0,22.9,0,16.8,0,0
1557,33573.0,24.7,1,39.8,1,0
1558,55962.0,9.6,0,11.4,0,1
1559,31838.0,27.7,0,41.3,1,0
1560,29621.0,28.0,1,41.3,1,0
1561,47226.0,11.1,0,15.7,0,0
1562,42137.0,15.1,0,22.5,0,0
1563,40676.0,19.1,0,25.1,0,0
1564,43007.0,18.2,0,25.6,1,0
1565,72548.0,7.6,0,9.5,0,1
1566,41326.0,17.5,0,26.0,0,1
1567,46756.0,16.2,0,17.5,0,0
1568,37286.0,18.0,0,27.8,0,0
1569,51015.0,11.5,0,16.1,0,0
1570,39976.0,20.0,0,26.5,0,0
1571,54361.0,11.1,0,16.1,0,1
1572,34076.0,21.5,1,34.3,1,0
1573,34069.0,25.4,1,39.3,1,0
1574,74009.0,6.3,0,7.8,0,1
1575,35128.0,22.6,0,36.2,1,0
1576,52806.0,10.9,0,16.6,0,0
1577,41222.0,18.2,0,25.4,0,0
1578,61569.0,10.3,0,14.0,0,1
1579,41958.0,16.5,0,22.4,0,0
1580,37851.0,18.3,0,31.6,1,0
1581,41324.0,15.8,0,25.0,1,0
1582,40285.0,18.1,0,25.8,1,0
1583,28171.0,23.9,1,42.6,1,0
1584,41696.0,16.8,0,24.4,0,0
1585,38773.0,19.0,0,26.4,0,0
1586,42186.0,14.8,0,25.8,0,0
1587,41405.0,17.4,0,23.2,0,0
1588,39320.0,16.0,0,25.0,0,0
1589,34935.0,23.3,1,33.4,1,0
1590,40186.0,18.5,0,28.1,0,0
1591,51933.0,12.3,0,18.8,0,1
1592,37986.0,20.7,1,32.6,1,0
1593,32566.0,24.3,1,37.7,1,0
1594,43418.0,19.2,0,30.1,0,1
1595,43443.0,15.9,0,25.3,0,0
1596,32634.0,24.1,1,37.5,1,0
1597,37948.0,25.5,1,39.3,1,1
1598,41083.0,17.0,0,20.7,0,0
1599,41008.0,31.0,1,39.5,1,0
1600,34667.0,29.6,1,40.4,1,0
1601,51360.0,10.8,0,15.8,0,0
1602,49389.0,11.7,0,15.0,0,1
1603,46398.0,13.9,0,23.1,0,0
1604,45597.0,14.4,0,19.2,0,1
1605,40280.0,17.6,0,22.9,0,0
1606,47510.0,12.2,0,16.2,0,0
1607,43918.0,10.2,0,9.6,0,0
1608,56648.0,11.0,0,12.4,0,0
1609,37979.0,18.1,0,23.2,0,0
1610,59928.0,7.7,0,9.9,0,0
1611,43823.0,13.6,0,18.0,0,0
1612,48063.0,14.0,0,18.8,0,0
1613,57358.0,10.9,0,9.9,0,0
1614,45987.0,14.2,0,18.5,0,0
1615,31666.0,28.1,1,37.5,1,0
1616,37883.0,20.2,1,31.3,1,1
1617,43470.0,14.1,0,24.0,0,0
1618,44178.0,21.2,0,24.8,0,0
1619,62508.0,9.8,0,13.1,0,0
1620,45472.0,13.8,0,14.2,0,0
1621,39383.0,20.8,0,29.2,1,0
1622,56755.0,12.2,0,15.1,0,0
1623,40052.0,17.0,0,20.8,0,0
1624,37281.0,20.3,0,32.2,0,0
1625,44387.0,13.9,0,16.6,0,0
1626,49872.0,11.4,0,17.1,0,0
1627,41391.0,17.3,0,31.8,0,0
1628,39584.0,16.4,0,26.6,0,0
1629,44998.0,15.8,0,16.8,0,1
1630,41791.0,17.7,0,27.7,1,0
1631,45642.0,12.7,0,16.9,0,0
1632,42919.0,15.4,0,23.3,1,0
1633,38105.0,16.4,0,21.4,0,0
1634,41168.0,20.1,0,29.3,0,0
1635,50491.0,10.7,0,14.3,0,0
1636,42755.0,18.1,0,20.1,0,0
1637,42187.0,12.5,0,18.8,0,0
1638,48468.0,14.9,0,22.9,0,0
1639,68196.0,7.0,0,10.2,0,0
1640,39147.0,24.3,0,32.7,1,0
1641,51732.0,18.8,0,25.0,1,0
1642,36564.0,18.7,0,28.3,0,0
1643,50857.0,9.4,0,10.3,0,0
1644,42658.0,16.7,0,21.9,0,0
1645,60052.0,9.1,0,10.3,0,0
1646,48361.0,10.7,0,14.2,0,0
1647,47598.0,12.4,0,19.9,0,0
1648,43879.0,17.0,0,19.6,0,0
1649,49679.0,11.8,0,19.7,1,0
1650,46698.0,12.1,0,17.1,0,0
1651,35665.0,20.1,0,33.3,0,0
1652,49533.0,10.1,0,14.0,0,0
1653,57326.0,10.4,0,14.1,0,1
1654,48579.0,12.7,0,16.3,0,0
1655,48546.0,12.2,0,16.7,0,0
1656,50753.0,13.2,0,18.0,0,0
1657,54115.0,11.9,0,21.1,0,0
1658,44824.0,16.6,0,27.3,1,0
1659,54070.0,9.2,0,12.7,0,0
1660,54652.0,11.6,0,15.7,0,0
1661,42539.0,12.2,0,19.8,0,0
1662,46856.0,12.6,0,19.5,0,0
1663,55813.0,13.0,0,12.0,0,0
1664,49792.0,11.6,0,16.6,0,0
1665,55542.0,8.1,0,10.4,0,0
1666,66519.0,7.1,0,9.8,0,1
1667,56092.0,9.4,0,12.4,0,0
1668,55319.0,8.2,0,11.0,0,0
1669,54564.0,11.7,0,18.0,0,0
1670,57255.0,9.0,0,11.1,0,0
1671,51431.0,10.2,0,14.7,0,0
1672,50744.0,10.9,0,14.7,0,0
1673,56995.0,9.9,0,13.0,0,0
1674,51014.0,11.6,0,16.1,0,0
1675,49093.0,14.6,0,20.7,0,1
1676,44135.0,17.8,0,20.5,0,0
1677,47991.0,12.6,0,16.7,0,0
1678,47641.0,11.1,0,18.7,0,0
1679,52152.0,9.3,0,12.2,0,1
1680,48969.0,11.6,0,15.1,0,0
1681,58405.0,14.5,0,20.0,0,1
1682,45745.0,13.2,0,19.2,0,0
1683,54086.0,9.8,0,12.8,0,0
1684,44911.0,13.3,0,19.7,0,0
1685,50700.0,12.6,0,19.0,0,0
1686,40032.0,13.4,0,18.4,0,0
1687,50746.0,10.2,0,15.0,0,0
1688,42186.0,14.8,0,27.3,0,0
1689,44643.0,11.9,0,15.5,0,0
1690,56882.0,9.1,0,16.5,0,0
1691,56646.0,9.2,0,6.7,0,0
1692,44920.0,12.2,0,20.1,0,0
1693,50093.0,13.5,0,19.5,0,1
1694,65103.0,7.3,0,8.9,0,1
1695,47844.0,12.0,0,17.4,0,0
1696,50516.0,14.7,0,23.8,0,0
1697,43054.0,14.1,0,20.4,0,0
1698,50434.0,11.9,0,15.9,0,0
1699,42989.0,8.1,0,11.5,0,0
1700,52464.0,10.4,0,13.6,0,1
1701,46812.0,12.3,0,17.1,0,0
1702,47382.0,13.2,0,14.1,0,0
1703,50645.0,8.6,0,11.9,0,0
1704,46888.0,10.9,0,19.0,0,0
1705,45886.0,15.1,0,20.8,1,0
1706,45769.0,12.7,0,19.1,0,0
1707,45566.0,13.7,0,20.1,1,0
1708,54422.0,13.5,0,14.1,0,1
1709,53856.0,12.3,0,16.3,0,0
1710,51098.0,8.9,0,13.3,0,0
1711,52862.0,15.3,0,24.3,0,0
1712,57175.0,12.1,0,20.0,0,0
1713,51330.0,13.8,0,17.6,0,0
1714,51219.0,10.4,0,15.1,0,1
1715,49082.0,13.5,0,20.1,0,0
1716,46958.0,13.2,0,16.5,0,0
1717,52034.0,13.1,0,15.1,0,0
1718,41956.0,12.5,0,19.4,0,0
1719,53015.0,10.6,0,14.3,0,0
1720,43646.0,13.2,0,22.1,0,0
1721,58066.0,10.1,0,13.4,0,0
1722,55566.0,10.4,0,13.8,0,0
1723,56744.0,9.4,0,11.6,0,0
1724,58554.0,8.3,0,11.3,0,0
1725,61965.0,7.9,0,10.8,0,0
1726,49308.0,11.8,0,15.9,0,0
1727,44648.0,13.0,0,19.8,0,0
1728,51447.0,14.2,0,18.3,0,0
1729,55850.0,10.0,0,13.3,0,0
1730,73856.0,5.8,0,7.5,0,1
1731,61025.0,8.8,0,11.3,0,1
1732,43428.0,15.1,0,22.8,0,0
1733,62455.0,7.5,0,7.6,0,1
1734,47005.0,14.3,0,23.4,0,0
1735,42643.0,12.5,0,18.9,0,0
1736,55606.0,14.0,0,20.5,0,0
1737,56423.0,8.5,0,12.0,0,0
1738,48947.0,10.2,0,14.9,0,0
1739,48754.0,12.6,0,17.8,0,0
1740,42290.0,25.6,1,35.6,1,0
1741,49929.0,12.2,0,16.2,0,0
1742,68435.0,6.7,0,8.4,0,1
1743,54503.0,12.0,0,11.6,0,0
1744,40444.0,12.9,0,14.8,0,0
1745,55106.0,11.4,0,18.4,0,0
1746,59500.0,10.1,0,14.2,0,0
1747,54134.0,13.1,0,19.3,0,0
1748,51624.0,15.4,0,22.6,0,1
1749,63620.0,9.4,0,15.2,0,0
1750,76518.0,9.9,0,12.6,0,0
1751,49057.0,14.7,0,20.7,0,0
1752,65459.0,9.5,0,12.0,0,0
1753,68060.0,9.4,0,15.0,0,0
1754,76713.0,10.8,0,14.4,0,0
1755,51788.0,14.3,0,17.8,0,0
1756,51934.0,13.8,0,22.6,0,0
1757,42164.0,18.0,0,33.6,0,0
1758,43819.0,17.5,0,28.6,0,0
1759,54416.0,18.3,0,19.9,0,0
1760,61594.0,7.8,0,13.1,0,1
1761,56457.0,13.8,0,18.3,0,1
1762,54975.0,14.1,0,19.3,0,0
1763,47015.0,16.4,0,23.1,0,1
1764,63377.0,8.8,0,13.5,0,0
1765,54351.0,9.6,0,17.7,0,0
1766,60339.0,9.9,0,14.0,0,0
1767,40286.0,16.1,0,23.4,0,0
1768,57827.0,11.2,0,14.9,0,0
1769,73474.0,8.0,0,10.2,0,1
1770,68148.0,8.3,0,10.7,0,0
1771,87103.0,5.2,0,6.5,0,1
1772,60931.0,11.4,0,13.6,0,1
1773,53804.0,11.2,0,17.5,0,0
1774,53296.0,14.1,0,21.9,0,1
1775,88512.0,7.1,0,8.6,0,1
1776,74844.0,7.7,0,10.0,0,1
1777,63589.0,13.1,0,19.6,0,1
1778,55632.0,10.5,0,18.1,0,1
1779,50259.0,17.2,0,25.5,0,1
1780,52206.0,16.8,0,24.1,1,1
1781,76780.0,7.7,0,9.8,0,1
1782,60053.0,17.7,0,27.0,1,1
1783,102797.0,5.0,0,4.6,0,1
1784,72172.0,11.2,0,15.2,0,1
1785,78249.0,8.5,0,10.8,0,1
1786,86722.0,7.5,0,10.0,0,1
1787,101754.0,5.3,0,5.8,0,1
1788,63478.0,10.9,0,18.9,0,1
1789,55723.0,17.3,0,26.3,0,1
1790,63988.0,11.9,0,18.5,0,1
1791,99059.0,5.5,0,7.0,0,1
1792,84431.0,5.6,0,7.0,0,1
1793,70581.0,10.6,0,15.7,0,1
1794,71672.0,7.7,0,10.7,0,1
1795,47870.0,19.0,0,25.0,0,1
1796,36570.0,23.4,0,44.9,1,0
1797,39265.0,21.1,0,28.8,1,0
1798,35580.0,29.2,1,37.9,1,0
1799,37269.0,19.7,0,29.8,1,0
1800,41879.0,21.7,0,29.3,1,0
1801,33427.0,20.2,0,32.6,1,0
1802,39421.0,25.7,1,38.8,1,1
1803,60407.0,12.3,0,17.1,0,0
1804,39792.0,20.5,0,30.1,0,0
1805,31710.0,23.9,1,31.6,1,0
1806,39561.0,14.3,0,20.9,0,0
1807,34336.0,25.2,0,35.4,1,0
1808,54686.0,14.3,0,18.3,0,0
1809,40297.0,17.8,0,32.3,1,0
1810,107126.0,4.0,0,4.1,0,0
1811,27151.0,30.9,1,41.2,1,0
1812,29040.0,34.1,1,39.2,1,0
1813,31816.0,23.9,0,35.5,0,0
1814,38381.0,23.0,0,33.6,0,0
1815,29047.0,23.0,0,35.7,1,0
1816,37319.0,24.2,0,30.6,1,0
1817,38053.0,20.4,1,26.6,1,0
1818,62833.0,11.2,0,15.7,0,1
1819,49173.0,18.8,0,23.5,1,1
1820,32303.0,28.7,1,35.9,1,0
1821,55247.0,13.1,0,18.6,0,1
1822,29432.0,28.7,0,43.6,1,0
1823,33673.0,23.5,1,40.7,1,0
1824,37092.0,19.9,1,32.0,1,0
1825,35950.0,26.2,0,36.7,1,1
1826,36715.0,17.1,0,26.3,0,0
1827,42395.0,19.8,0,27.0,0,1
1828,57312.0,12.6,0,16.4,0,1
1829,44331.0,16.8,0,25.6,0,0
1830,35102.0,30.3,1,42.6,1,1
1831,46067.0,17.7,0,23.2,0,1
1832,40933.0,18.0,0,26.1,0,0
1833,51925.0,12.7,0,20.3,0,0
1834,43973.0,17.2,0,28.2,0,0
1835,51285.0,14.9,0,23.2,0,1
1836,49082.0,14.3,0,23.3,0,0
1837,46747.0,17.5,0,22.3,0,0
1838,58335.0,13.6,0,19.4,0,0
1839,49894.0,16.2,0,20.0,0,0
1840,42907.0,16.9,0,27.1,0,0
1841,71348.0,10.4,0,12.9,0,1
1842,52176.0,15.6,0,24.3,0,1
1843,52282.0,12.2,0,19.3,0,0
1844,45682.0,18.3,0,26.2,0,0
1845,46543.0,17.9,0,26.9,0,0
1846,53771.0,13.4,0,19.4,0,0
1847,48144.0,16.4,0,24.3,0,0
1848,47997.0,11.1,0,19.4,0,0
1849,49504.0,12.7,0,20.3,0,1
1850,50179.0,14.1,0,21.1,0,1
1851,51026.0,22.3,1,31.5,1,1
1852,50846.0,14.0,0,22.4,0,0
1853,53945.0,13.2,0,16.4,0,1
1854,58094.0,12.9,0,18.1,0,1
1855,54204.0,14.8,0,22.0,0,1
1856,44414.0,18.4,0,27.9,0,0
1857,101568.0,6.1,0,8.4,0,1
1858,75136.0,17.6,0,24.9,1,1
1859,48517.0,15.5,0,23.3,0,1
1860,47390.0,18.0,0,29.8,0,1
1861,57114.0,14.6,0,20.8,0,1
1862,58085.0,9.6,0,13.7,0,1
1863,71162.0,12.1,0,20.1,0,1
1864,48126.0,14.2,0,22.6,0,1
1865,49391.0,17.4,0,25.2,0,1
1866,47942.0,16.8,0,19.9,0,0
1867,90497.0,6.0,0,6.5,0,1
1868,60241.0,13.9,0,19.6,0,1
1869,60117.0,12.0,0,18.2,0,1
1870,71058.0,14.2,0,18.3,0,1
1871,84249.0,14.0,0,23.0,0,1
1872,42811.0,18.5,0,23.4,0,0
1873,75029.0,6.4,0,8.5,0,1
1874,59432.0,12.0,0,18.3,0,1
1875,50588.0,13.7,0,21.2,0,1
1876,49664.0,12.5,0,19.9,0,0
1877,49813.0,14.1,0,21.2,0,0
1878,47352.0,15.4,0,22.7,0,0
1879,87634.0,7.8,0,10.7,0,1
1880,49161.0,18.1,0,29.2,0,0
1881,57541.0,11.7,0,17.8,0,1
1882,55839.0,20.1,0,16.8,0,1
1883,58328.0,14.0,0,18.3,0,1
1884,54492.0,11.3,0,17.0,0,1
1885,51188.0,13.3,0,20.4,0,1
1886,51273.0,12.2,0,16.9,0,1
1887,85688.0,10.1,0,13.1,0,1
1888,52796.0,13.3,0,17.3,0,0
1889,46392.0,13.6,0,22.1,0,1
1890,41566.0,18.9,0,26.1,0,1
1891,41092.0,15.5,0,22.3,0,1
1892,36113.0,22.9,0,35.9,1,0
1893,35307.0,25.2,0,35.6,0,0
1894,35238.0,20.2,0,31.8,0,0
1895,37120.0,19.7,0,29.9,0,0
1896,41725.0,19.2,0,33.3,1,0
1897,31967.0,24.8,1,35.9,1,0
1898,33882.0,25.4,1,35.2,1,0
1899,48831.0,14.3,0,24.5,0,1
1900,45094.0,15.2,0,23.2,0,1
1901,42711.0,16.7,0,23.6,0,1
1902,57881.0,10.8,0,15.2,0,1
1903,39636.0,16.2,0,23.9,0,1
1904,62000.0,9.7,0,13.7,0,0
1905,50837.0,13.8,0,22.7,0,0
1906,40504.0,20.1,0,29.8,0,0
1907,41745.0,15.1,0,20.8,0,1
1908,58860.0,11.6,0,18.0,0,1
1909,38284.0,18.3,0,30.9,0,0
1910,40794.0,19.4,0,33.0,1,0
1911,38980.0,17.4,0,31.9,0,0
1912,40237.0,19.8,0,29.4,0,0
1913,34478.0,24.0,1,34.1,1,0
1914,47805.0,15.0,0,24.2,0,1
1915,42380.0,18.8,0,27.6,0,1
1916,66426.0,10.4,0,17.0,0,1
1917,53585.0,10.3,0,17.8,0,0
1918,46400.0,14.1,0,21.3,0,1
1919,52525.0,12.3,0,18.4,0,1
1920,38397.0,24.9,0,34.1,1,0
1921,53875.0,17.1,0,26.0,0,1
1922,32529.0,27.8,0,42.6,1,1
1923,47346.0,18.1,0,28.5,0,1
1924,48009.0,16.0,0,22.5,0,1
1925,45031.0,17.3,0,25.0,0,1
1926,46387.0,16.7,0,23.5,0,1
1927,33827.0,21.0,0,32.6,0,0
1928,50314.0,16.0,0,21.8,0,0
1929,35060.0,25.4,0,34.5,1,0
1930,48283.0,15.7,0,23.5,0,1
1931,31952.0,27.9,1,39.1,1,0
1932,48301.0,17.7,0,23.8,0,0
1933,43573.0,17.6,0,27.3,0,1
1934,47280.0,13.1,0,21.1,0,1
1935,34453.0,26.9,0,37.6,1,0
1936,42819.0,19.9,0,28.5,1,1
1937,37074.0,23.0,0,30.7,0,0
1938,55848.0,14.2,0,19.3,0,1
1939,41537.0,20.9,0,27.3,0,0
1940,52681.0,13.0,0,18.7,0,1
1941,39688.0,21.4,0,36.5,0,1
1942,44294.0,17.1,0,25.8,0,0
1943,37085.0,22.7,0,36.9,1,0
1944,49343.0,13.4,0,20.4,0,1
1945,37430.0,18.8,0,26.8,0,0
1946,41395.0,16.9,0,29.4,0,0
1947,37899.0,20.9,0,29.1,0,1
1948,36543.0,22.5,1,36.3,1,0
1949,57029.0,14.3,0,19.1,0,1
1950,39955.0,16.7,0,27.5,0,0
1951,39096.0,19.9,0,31.3,0,0
1952,52139.0,13.2,0,21.1,0,0
1953,43450.0,18.1,0,25.9,0,1
1954,52456.0,17.3,0,22.1,0,1
1955,33301.0,26.8,1,45.3,1,0
1956,46144.0,15.3,0,21.5,0,1
1957,61570.0,14.3,0,13.1,0,1
1958,41004.0,14.6,0,32.3,1,1
1959,42171.0,19.1,0,29.5,1,0
1960,49390.0,14.8,0,21.9,0,1
1961,42337.0,17.6,0,31.6,1,0
1962,43917.0,16.3,0,24.0,0,1
1963,41909.0,25.9,1,30.6,1,1
1964,45672.0,13.5,0,24.1,0,0
1965,43216.0,16.4,0,25.0,0,1
1966,33017.0,28.7,0,42.8,0,0
1967,32128.0,30.6,1,41.9,1,0
1968,40148.0,18.4,0,26.3,0,1
1969,44862.0,17.3,0,26.5,0,1
1970,36998.0,19.2,0,29.6,0,0
1971,40660.0,21.4,0,29.5,1,0
1972,35447.0,29.0,0,44.4,0,0
1973,44878.0,17.1,0,25.1,0,0
1974,42889.0,15.3,0,22.8,0,1
1975,38408.0,18.2,0,27.0,0,0
1976,36103.0,16.2,0,26.0,1,0
1977,45792.0,15.4,0,29.6,0,0
1978,33759.0,25.0,1,36.2,1,0
1979,71690.0,9.7,0,12.7,0,1
1980,32698.0,24.6,0,37.3,1,0
1981,70629.0,11.1,0,14.7,0,1
1982,34149.0,27.3,0,37.1,1,0
1983,35146.0,23.4,1,40.9,1,0
1984,41762.0,25.3,0,18.9,0,0
1985,41161.0,18.4,0,28.1,0,1
1986,40647.0,18.7,0,27.4,0,0
1987,41276.0,19.9,0,30.3,1,0
1988,41208.0,16.3,0,24.9,0,1
1989,36418.0,19.3,0,29.2,1,0
1990,48106.0,10.1,0,12.4,0,0
1991,51053.0,12.4,0,13.5,0,0
1992,39969.0,27.9,1,39.0,1,0
1993,76913.0,7.1,0,5.9,0,0
1994,56645.0,10.6,0,13.7,0,0
1995,62892.0,7.6,0,7.7,0,0
1996,68477.0,8.4,0,11.1,0,0
1997,66057.0,9.0,0,8.5,0,1
1998,55946.0,10.7,0,10.0,0,1
1999,57200.0,9.4,0,13.0,0,0
2000,56325.0,10.3,0,14.3,0,0
2001,62922.0,8.6,0,11.2,0,0
2002,73135.0,9.9,0,12.2,0,0
2003,47804.0,11.3,0,15.0,0,0
2004,46952.0,13.9,0,16.2,0,0
2005,53408.0,8.4,0,12.0,0,0
2006,56948.0,10.2,0,12.3,0,0
2007,52022.0,14.3,0,13.8,0,1
2008,40879.0,15.6,0,18.4,0,0
2009,47222.0,10.0,0,9.5,0,0
2010,53403.0,10.6,0,10.2,0,0
2011,46800.0,13.9,0,18.8,1,0
2012,58638.0,10.9,0,13.3,0,0
2013,50047.0,11.8,0,13.3,0,0
2014,56351.0,11.1,0,13.0,0,0
2015,48494.0,12.5,0,16.4,0,0
2016,82906.0,8.4,0,10.2,0,0
2017,62480.0,10.0,0,12.0,0,0
2018,75698.0,7.2,0,7.0,0,0
2019,64260.0,7.8,0,10.7,0,1
2020,65606.0,11.2,0,14.6,1,0
2021,48196.0,11.6,0,16.5,0,0
2022,65798.0,10.2,0,17.5,0,1
2023,58683.0,8.8,0,11.2,0,0
2024,43419.0,16.1,0,17.3,0,0
2025,51607.0,12.0,0,16.8,0,0
2026,60122.0,9.1,0,12.3,0,0
2027,65651.0,7.6,0,8.1,0,0
2028,56942.0,10.2,0,11.5,0,0
2029,37634.0,25.5,1,31.7,1,0
2030,58626.0,7.8,0,10.4,0,0
2031,38234.0,17.6,0,18.7,1,0
2032,32895.0,40.4,1,45.1,1,1
2033,56833.0,9.0,0,9.0,0,0
2034,76844.0,7.5,0,8.0,0,0
2035,61352.0,7.8,0,12.1,0,0
2036,54925.0,11.4,0,14.2,0,0
2037,51561.0,10.4,0,15.2,0,0
2038,54814.0,9.5,0,9.7,0,0
2039,51749.0,10.8,0,13.3,0,0
2040,61170.0,8.4,0,9.6,0,0
2041,51857.0,10.4,0,11.7,0,0
2042,89860.0,7.8,0,9.3,0,0
2043,36609.0,21.3,0,29.3,1,0
2044,49297.0,15.5,0,23.4,0,1
2045,48338.0,14.1,0,20.1,0,0
2046,44258.0,18.6,0,28.6,0,0
2047,38400.0,31.5,1,29.1,1,0
2048,58840.0,8.7,0,11.5,0,0
2049,45675.0,14.6,0,21.1,0,1
2050,47202.0,14.9,0,23.6,0,1
2051,58954.0,14.4,0,18.3,0,1
2052,52166.0,13.0,0,20.0,0,1
2053,58837.0,10.8,0,16.2,0,0
2054,47651.0,15.1,0,25.1,0,1
2055,62214.0,9.5,0,13.5,0,1
2056,47055.0,13.6,0,21.1,0,0
2057,42301.0,14.7,0,22.3,0,0
2058,41643.0,15.1,0,23.4,0,0
2059,41471.0,16.5,0,24.4,0,0
2060,45506.0,18.2,0,26.2,0,1
2061,51131.0,9.6,0,15.2,0,0
2062,53936.0,10.2,0,16.2,0,0
2063,97679.0,4.4,0,4.7,0,1
2064,48129.0,12.7,0,22.3,0,0
2065,61450.0,9.1,0,12.4,0,1
2066,45068.0,16.3,0,26.2,0,0
2067,53939.0,17.1,0,24.5,0,1
2068,58782.0,8.5,0,12.4,0,1
2069,38738.0,21.7,0,32.4,0,0
2070,76315.0,6.7,0,8.8,0,1
2071,61250.0,12.7,0,16.2,0,1
2072,41630.0,18.6,0,28.7,0,0
2073,51070.0,16.6,0,23.1,0,1
2074,55265.0,10.6,0,14.6,0,0
2075,44101.0,16.5,0,21.2,0,0
2076,44221.0,15.5,0,24.3,0,0
2077,56986.0,9.4,0,13.9,0,0
2078,41494.0,17.9,0,27.6,0,0
2079,43598.0,15.7,0,23.8,0,1
2080,53540.0,10.8,0,15.7,0,0
2081,48838.0,13.1,0,20.7,0,0
2082,42828.0,20.4,0,29.2,1,0
2083,43306.0,17.8,0,28.5,0,1
2084,50914.0,14.8,0,19.9,0,0
2085,60782.0,8.3,0,12.6,0,1
2086,39698.0,21.0,0,30.1,0,1
2087,59119.0,12.6,0,17.4,0,1
2088,49690.0,10.9,0,17.3,0,0
2089,52779.0,13.5,0,20.9,0,1
2090,43136.0,19.5,0,28.9,0,1
2091,63736.0,9.3,0,14.0,0,1
2092,42443.0,16.8,0,26.8,0,1
2093,43529.0,18.2,0,27.7,0,0
2094,70576.0,7.0,0,8.8,0,1
2095,38479.0,22.8,0,31.3,0,0
2096,56124.0,7.8,0,10.6,0,0
2097,51685.0,10.7,0,14.0,0,1
2098,41754.0,18.3,0,24.4,0,0
2099,46696.0,17.7,0,27.0,0,1
2100,39969.0,19.0,0,29.1,0,0
2101,52312.0,11.3,0,19.4,0,1
2102,43324.0,16.5,0,26.7,0,0
2103,47714.0,15.0,0,17.8,0,0
2104,58793.0,9.7,0,15.3,0,0
2105,49796.0,10.9,0,17.3,0,0
2106,44738.0,18.8,0,25.9,0,1
2107,58472.0,12.4,0,17.6,0,1
2108,39851.0,21.4,0,33.3,1,0
2109,53609.0,13.6,0,16.1,0,1
2110,51042.0,12.7,0,18.9,0,0
2111,60036.0,7.2,0,8.7,0,0
2112,45273.0,15.1,0,23.4,0,1
2113,45615.0,17.8,0,25.9,0,0
2114,49994.0,12.2,0,18.3,0,0
2115,37277.0,23.0,0,32.1,1,0
2116,48617.0,13.6,0,19.8,0,0
2117,59149.0,8.9,0,13.6,0,0
2118,48976.0,13.4,0,20.2,0,1
2119,51434.0,14.4,0,21.5,0,1
2120,42831.0,17.6,0,26.9,0,1
2121,47588.0,13.0,0,18.0,0,0
2122,76116.0,7.6,0,8.8,0,1
2123,51264.0,11.2,0,15.3,0,0
2124,41675.0,18.9,0,32.9,1,0
2125,81383.0,5.2,0,6.6,0,1
2126,44697.0,15.0,0,21.5,0,0
2127,52717.0,11.3,0,16.9,0,0
2128,49031.0,12.0,0,17.5,0,0
2129,57390.0,11.7,0,10.9,0,1
2130,51109.0,8.8,0,11.7,0,0
2131,31572.0,28.4,1,42.7,1,0
2132,52551.0,14.6,0,16.3,0,0
2133,34850.0,23.0,0,30.6,1,0
2134,59544.0,11.1,0,14.1,0,0
2135,51394.0,13.9,0,18.2,0,0
2136,43540.0,16.3,0,25.3,0,0
2137,40875.0,18.1,0,25.9,1,0
2138,43548.0,21.3,1,27.7,1,0
2139,63291.0,9.8,0,11.2,0,1
2140,45287.0,16.3,0,23.2,0,0
2141,40600.0,21.5,1,28.6,1,0
2142,30572.0,29.9,1,40.2,1,0
2143,44023.0,17.0,0,29.6,0,0
2144,59417.0,11.5,0,12.8,0,1
2145,38954.0,19.4,1,28.5,1,0
2146,46821.0,15.1,0,20.7,0,1
2147,42901.0,16.8,0,23.5,0,1
2148,41119.0,18.2,0,27.4,0,0
2149,47395.0,15.7,0,21.9,0,1
2150,47745.0,17.9,0,20.4,0,0
2151,38840.0,20.5,0,32.8,1,0
2152,53004.0,13.1,0,17.8,0,0
2153,57524.0,11.9,0,17.0,0,0
2154,49070.0,14.5,0,20.2,0,0
2155,46139.0,14.2,0,20.3,0,0
2156,53208.0,13.1,0,17.7,0,1
2157,50729.0,11.4,0,15.4,0,0
2158,36495.0,23.7,0,26.6,0,0
2159,33144.0,23.6,1,31.8,1,0
2160,52635.0,9.8,0,13.4,0,0
2161,36888.0,18.1,0,27.7,0,0
2162,37676.0,20.1,1,28.9,1,0
2163,44723.0,17.2,0,24.8,1,0
2164,36227.0,19.9,0,30.0,1,0
2165,38980.0,21.4,1,29.1,1,0
2166,43373.0,18.7,0,27.0,0,0
2167,59462.0,10.6,0,13.4,0,0
2168,37721.0,21.1,0,29.3,1,0
2169,38313.0,19.4,0,26.9,0,0
2170,38261.0,19.3,0,27.4,1,1
2171,46976.0,14.7,0,20.5,0,1
2172,57892.0,13.1,0,16.4,0,1
2173,45223.0,12.4,0,21.2,0,0
2174,56700.0,10.7,0,14.2,0,1
2175,31723.0,25.3,1,32.3,1,0
2176,35775.0,21.3,0,31.9,1,0
2177,55020.0,10.8,0,13.6,0,0
2178,41312.0,17.1,0,25.5,1,0
2179,46373.0,18.5,0,25.9,0,0
2180,45560.0,14.4,0,19.4,0,0
2181,40340.0,21.1,0,27.6,1,0
2182,51977.0,11.8,0,17.3,0,0
2183,43341.0,16.4,0,25.3,0,0
2184,37289.0,23.9,1,31.4,1,0
2185,49750.0,16.2,0,23.5,0,1
2186,39825.0,22.5,0,32.2,1,1
2187,46093.0,16.3,0,23.9,0,1
2188,36166.0,23.0,0,33.0,1,0
2189,45184.0,16.0,0,23.6,0,1
2190,41747.0,22.7,0,18.0,0,0
2191,43257.0,17.0,0,23.3,0,0
2192,44798.0,15.4,0,20.6,0,0
2193,43587.0,17.0,0,22.6,0,0
2194,34910.0,21.1,1,30.6,1,0
2195,57063.0,10.8,0,15.5,0,0
2196,63263.0,10.0,0,13.8,0,1
2197,39102.0,20.7,0,30.5,1,0
2198,36718.0,24.4,0,32.7,1,1
2199,47949.0,15.6,0,21.9,0,0
2200,51092.0,11.4,0,15.8,0,0
2201,38247.0,23.1,1,30.2,1,0
2202,51366.0,15.9,0,22.6,0,1
2203,57948.0,10.2,0,14.7,0,1
2204,52056.0,13.5,0,19.7,0,0
2205,49606.0,15.8,0,21.4,0,0
2206,52920.0,13.8,0,15.6,0,0
2207,60290.0,11.8,0,16.1,0,0
2208,40855.0,15.3,0,27.0,0,0
2209,54773.0,18.3,0,15.0,0,1
2210,69523.0,9.4,0,12.3,0,1
2211,47340.0,13.9,0,21.5,0,0
2212,52060.0,13.4,0,16.6,0,1
2213,38934.0,18.7,0,29.8,0,0
2214,45046.0,15.9,0,25.6,0,0
2215,38126.0,17.2,0,27.0,0,0
2216,56911.0,13.4,0,18.2,0,1
2217,41696.0,19.5,0,30.7,0,0
2218,50694.0,12.9,0,17.9,0,0
2219,43105.0,16.4,0,26.4,0,0
2220,40468.0,16.3,0,25.5,0,0
2221,53726.0,11.5,0,17.9,0,0
2222,44855.0,19.3,0,25.2,0,1
2223,42325.0,21.9,0,31.7,0,0
2224,40569.0,21.9,0,34.4,1,1
2225,42384.0,19.9,0,29.4,0,0
2226,39878.0,18.6,0,26.1,0,0
2227,47254.0,19.0,0,23.1,0,1
2228,41118.0,17.0,0,27.9,0,0
2229,47757.0,15.8,0,22.4,0,1
2230,37604.0,24.9,0,33.9,1,0
2231,51623.0,16.8,0,24.1,0,1
2232,53774.0,15.0,0,22.9,0,0
2233,58764.0,15.7,0,18.5,0,1
2234,55342.0,13.7,0,18.1,0,1
2235,51448.0,16.3,0,20.7,0,0
2236,44972.0,15.5,0,25.2,0,0
2237,49016.0,19.2,0,26.3,0,0
2238,46378.0,16.5,0,21.2,0,0
2239,44045.0,16.1,0,26.2,0,0
2240,45110.0,16.0,0,24.1,0,0
2241,70417.0,10.5,0,12.3,0,1
2242,34157.0,21.4,0,43.6,0,0
2243,52806.0,13.3,0,18.1,0,1
2244,60558.0,8.5,0,13.5,0,1
2245,54412.0,12.2,0,16.5,0,1
2246,44893.0,12.6,0,19.2,0,1
2247,50131.0,13.1,0,20.3,0,1
2248,45988.0,13.9,0,19.0,0,0
2249,56167.0,12.6,0,19.9,0,1
2250,44880.0,15.3,0,22.5,0,1
2251,49367.0,13.0,0,19.8,0,0
2252,80512.0,6.3,0,7.8,0,1
2253,67892.0,9.5,0,11.3,0,1
2254,43786.0,14.9,0,21.5,0,1
2255,42452.0,13.3,0,22.4,0,0
2256,52121.0,11.5,0,18.8,0,1
2257,55084.0,16.1,0,12.2,0,1
2258,90555.0,6.0,0,7.4,0,1
2259,39988.0,17.4,0,21.3,0,0
2260,44336.0,16.6,0,26.2,0,0
2261,45897.0,16.0,0,22.3,0,0
2262,44763.0,15.0,0,18.5,0,1
2263,45989.0,15.3,0,23.5,0,0
2264,63926.0,7.3,0,10.4,0,1
2265,54198.0,13.6,0,23.4,0,1
2266,67184.0,10.4,0,14.4,0,1
2267,47826.0,9.3,0,14.2,0,0
2268,47118.0,17.1,0,26.3,0,1
2269,40293.0,20.1,0,31.2,1,1
2270,37388.0,24.3,0,46.4,0,0
2271,56975.0,9.4,0,14.9,0,1
2272,49378.0,11.6,0,19.4,0,0
2273,50714.0,15.1,0,21.5,0,0
2274,44875.0,14.3,0,20.7,0,0
2275,45448.0,18.2,0,22.3,0,0
2276,45499.0,14.6,0,21.9,0,0
2277,50008.0,12.8,0,19.0,0,0
2278,48000.0,15.3,0,22.4,0,1
2279,59231.0,10.6,0,15.5,0,1
2280,43944.0,17.5,0,26.6,0,0
2281,52829.0,11.6,0,17.4,0,1
2282,56352.0,12.1,0,19.1,0,1
2283,49589.0,15.1,0,23.9,0,1
2284,49941.0,14.8,0,23.1,0,1
2285,46039.0,16.9,0,25.6,0,0
2286,46319.0,14.2,0,24.0,0,1
2287,42296.0,15.4,0,26.4,0,0
2288,57152.0,12.7,0,17.6,0,1
2289,83258.0,6.6,0,7.5,0,1
2290,57056.0,9.0,0,15.2,0,1
2291,62129.0,8.8,0,13.4,0,1
2292,44221.0,13.1,0,20.2,0,0
2293,54818.0,9.6,0,14.3,0,1
2294,41210.0,25.4,1,38.4,1,1
2295,60436.0,10.9,0,17.1,0,1
2296,41754.0,14.3,0,23.6,0,0
2297,45733.0,13.0,0,19.0,0,0
2298,49803.0,11.7,0,18.0,0,0
2299,43608.0,14.4,0,21.8,0,0
2300,43844.0,13.5,0,20.7,0,0
2301,50141.0,12.6,0,19.6,0,0
2302,48186.0,13.1,0,18.9,0,0
2303,57862.0,12.4,0,13.6,0,0
2304,44916.0,13.5,0,23.2,0,0
2305,45362.0,12.2,0,22.7,0,0
2306,57622.0,10.1,0,13.8,0,1
2307,49927.0,13.3,0,20.7,0,0
2308,53422.0,11.3,0,15.5,0,1
2309,51797.0,11.1,0,17.7,0,1
2310,58527.0,10.4,0,15.2,0,1
2311,75324.0,9.3,0,9.7,0,1
2312,65332.0,8.7,0,12.5,0,1
2313,66096.0,11.1,0,13.8,0,1
2314,50364.0,17.2,0,25.7,0,1
2315,71951.0,9.9,0,11.3,0,1
2316,35932.0,19.1,0,26.2,0,0
2317,48012.0,18.1,0,27.1,0,1
2318,27089.0,41.0,1,50.6,1,0
2319,44745.0,17.2,0,25.1,0,1
2320,29642.0,32.7,1,43.9,1,0
2321,33280.0,27.3,0,38.2,1,0
2322,60071.0,12.9,0,21.3,0,1
2323,55876.0,13.0,0,18.7,0,1
2324,41277.0,21.3,0,29.4,1,1
2325,56244.0,14.9,0,22.9,1,1
2326,37098.0,20.3,0,29.7,0,0
2327,35006.0,25.7,0,38.0,1,1
2328,36520.0,23.5,0,33.7,1,0
2329,34654.0,25.4,1,38.1,1,0
2330,33745.0,23.1,1,36.7,1,0
2331,36719.0,21.5,0,33.4,1,1
2332,31094.0,31.2,1,42.8,1,0
2333,55595.0,13.6,0,18.8,0,1
2334,46430.0,18.9,0,27.1,0,1
2335,36622.0,23.0,0,33.4,1,1
2336,41197.0,20.3,0,28.7,1,1
2337,44395.0,19.3,0,32.0,1,0
2338,52017.0,13.8,0,17.7,0,1
2339,42240.0,19.1,0,26.2,0,0
2340,30772.0,23.6,1,35.1,1,0
2341,47083.0,16.7,0,29.6,0,1
2342,37231.0,23.2,1,40.1,1,1
2343,48233.0,15.5,0,23.3,0,1
2344,47279.0,14.4,0,21.0,0,1
2345,39731.0,18.9,0,30.7,0,1
2346,31525.0,28.3,1,38.6,1,0
2347,55413.0,13.2,0,19.1,0,1
2348,41589.0,19.2,0,35.2,1,0
2349,30528.0,24.4,1,41.1,1,0
2350,32485.0,28.2,1,37.9,1,0
2351,41120.0,19.1,0,28.5,0,0
2352,44819.0,18.0,0,25.1,0,0
2353,37651.0,24.0,1,36.8,1,0
2354,44091.0,18.1,0,19.4,0,1
2355,51065.0,15.8,0,22.3,0,1
2356,41409.0,18.3,0,29.6,1,1
2357,45768.0,15.0,0,21.5,0,1
2358,41058.0,19.6,0,29.8,1,1
2359,35467.0,23.2,0,33.8,0,1
2360,28943.0,33.6,1,43.3,1,0
2361,57302.0,12.5,0,17.1,0,1
2362,50392.0,9.6,0,12.0,0,0
2363,47592.0,15.5,0,21.4,0,0
2364,40529.0,35.1,1,47.0,1,0
2365,48900.0,14.6,0,17.1,0,0
2366,55749.0,14.5,0,11.2,0,0
2367,52065.0,10.2,0,12.6,0,0
2368,50604.0,12.7,0,17.6,0,0
2369,22894.0,36.8,1,43.5,1,0
2370,43572.0,13.9,0,20.1,0,0
2371,49569.0,9.5,0,8.6,0,0
2372,41005.0,23.3,1,34.6,1,0
2373,60544.0,12.6,0,21.1,1,0
2374,43902.0,19.0,0,17.7,0,0
2375,53073.0,10.8,0,12.4,0,0
2376,31621.0,47.4,1,59.8,1,0
2377,54309.0,10.7,0,17.7,0,1
2378,47591.0,13.4,0,15.1,0,0
2379,45131.0,14.2,0,18.1,0,0
2380,54087.0,10.0,0,12.4,0,0
2381,38337.0,24.7,1,32.9,1,0
2382,51915.0,10.4,0,12.2,0,0
2383,56304.0,10.7,0,14.9,0,0
2384,44065.0,14.6,0,22.6,0,0
2385,47802.0,12.9,0,14.4,0,0
2386,51251.0,9.2,0,11.0,0,0
2387,36150.0,18.1,0,24.9,1,0
2388,50221.0,10.8,0,14.8,0,0
2389,57278.0,9.0,0,11.4,0,0
2390,52718.0,8.5,0,10.9,0,0
2391,59508.0,8.7,0,15.3,0,0
2392,57053.0,10.2,0,13.3,0,0
2393,60582.0,10.8,0,13.3,0,0
2394,49558.0,12.3,0,18.2,0,0
2395,49820.0,11.1,0,14.9,0,0
2396,36308.0,32.5,1,45.2,1,0
2397,49054.0,13.7,0,19.9,0,0
2398,47362.0,13.5,0,22.6,0,0
2399,54543.0,9.5,0,12.2,0,0
2400,55300.0,10.1,0,11.7,0,0
2401,51553.0,12.9,0,16.0,0,0
2402,77540.0,4.3,0,4.8,0,1
2403,39527.0,22.7,0,35.2,1,0
2404,56382.0,9.5,0,13.7,0,1
2405,43859.0,15.7,0,22.5,1,0
2406,50216.0,12.3,0,21.3,0,0
2407,55515.0,9.9,0,13.2,0,1
2408,34241.0,35.6,1,44.2,1,0
2409,47970.0,10.8,0,14.3,0,0
2410,55605.0,12.2,0,14.5,0,1
2411,54729.0,10.7,0,14.6,0,0
2412,52217.0,12.2,0,18.4,0,1
2413,44132.0,13.1,0,15.0,0,0
2414,54655.0,10.0,0,13.0,0,0
2415,42744.0,20.0,1,29.0,1,0
2416,49638.0,11.9,0,18.1,0,0
2417,,,1,,1,0
2418,46504.0,12.1,0,15.2,0,0
2419,62015.0,8.3,0,11.0,0,0
2420,58230.0,6.9,0,8.6,0,0
2421,29193.0,44.0,1,52.3,1,0
2422,48289.0,17.7,0,25.9,1,0
2423,54134.0,10.0,0,9.6,0,1
2424,74439.0,6.3,0,7.0,0,1
2425,44480.0,14.8,0,20.3,0,0
2426,48991.0,13.6,0,14.5,0,0
2427,33239.0,47.1,1,54.0,1,0
2428,44488.0,19.7,0,30.0,0,1
2429,44734.0,17.0,0,24.7,0,0
2430,36201.0,20.5,0,32.2,0,0
2431,39730.0,26.1,0,34.5,1,0
2432,49532.0,13.1,0,19.3,0,1
2433,43772.0,18.1,0,23.8,0,1
2434,33092.0,26.2,1,39.4,1,1
2435,43864.0,16.4,0,23.4,0,1
2436,38412.0,21.1,0,31.1,0,0
2437,35053.0,23.6,0,33.1,1,1
2438,56447.0,10.6,0,16.3,0,1
2439,43452.0,19.0,0,26.5,0,1
2440,35193.0,21.6,1,33.1,1,0
2441,32750.0,23.7,0,34.8,0,0
2442,31355.0,26.4,1,40.1,1,0
2443,44452.0,15.9,0,24.2,0,0
2444,38474.0,19.1,0,25.8,0,1
2445,39472.0,16.7,0,27.5,1,0
2446,51999.0,17.1,0,26.5,0,1
2447,38771.0,19.4,0,28.7,0,0
2448,43804.0,20.2,0,30.9,0,0
2449,47621.0,16.4,0,23.3,0,1
2450,43391.0,22.5,0,31.3,0,0
2451,56710.0,13.8,0,21.5,0,1
2452,31824.0,25.7,1,36.3,1,0
2453,47286.0,15.0,0,21.7,0,0
2454,40789.0,15.7,0,23.4,0,0
2455,42207.0,16.1,0,24.3,0,0
2456,38103.0,18.7,0,27.9,1,1
2457,36309.0,18.0,0,25.2,0,0
2458,33595.0,26.1,1,36.6,1,0
2459,39566.0,19.0,0,26.3,0,1
2460,48943.0,15.2,0,21.7,0,1
2461,27987.0,30.1,1,44.3,1,0
2462,37729.0,24.2,0,31.1,1,0
2463,36765.0,22.7,0,31.9,1,0
2464,38708.0,21.2,0,30.6,0,1
2465,35216.0,22.5,0,33.1,1,0
2466,41328.0,17.5,0,25.0,0,0
2467,38328.0,19.1,0,30.8,0,0
2468,39682.0,20.4,0,29.3,0,1
2469,39999.0,19.5,0,29.9,0,0
2470,43657.0,15.9,0,25.2,0,0
2471,34651.0,23.6,0,34.2,0,0
2472,42669.0,16.8,0,25.6,0,1
2473,33402.0,27.2,1,34.9,1,0
2474,52136.0,15.6,0,19.8,0,1
2475,29908.0,43.1,1,47.9,1,0
2476,34715.0,26.2,0,35.1,1,0
2477,40076.0,18.9,0,28.7,0,0
2478,38198.0,17.9,0,29.7,0,0
2479,43694.0,16.0,0,25.3,0,0
2480,52787.0,13.5,0,22.0,0,1
2481,39207.0,23.0,0,31.6,0,0
2482,37337.0,18.9,0,27.6,0,0
2483,37865.0,18.5,0,30.0,0,1
2484,46694.0,18.1,0,28.8,0,1
2485,41090.0,19.0,0,28.5,0,1
2486,46788.0,13.8,0,20.5,0,0
2487,50868.0,13.2,0,19.4,0,1
2488,41061.0,20.2,0,30.2,0,0
2489,37867.0,18.6,0,28.9,0,0
2490,49603.0,13.4,0,18.4,0,1
2491,52911.0,11.8,0,18.8,0,0
2492,46067.0,21.2,0,29.4,0,1
2493,39946.0,19.5,0,27.3,0,0
2494,36316.0,17.5,0,26.2,1,0
2495,34445.0,22.3,0,33.6,0,0
2496,34714.0,18.9,0,29.3,0,0
2497,38923.0,18.4,0,28.3,0,1
2498,40629.0,19.7,0,23.8,0,0
2499,39863.0,23.3,0,32.8,0,0
2500,43939.0,17.6,0,25.2,0,1
2501,53413.0,12.3,0,18.4,0,1
2502,60022.0,11.1,0,13.5,0,1
2503,33254.0,25.5,1,34.2,1,0
2504,43207.0,18.7,0,28.6,1,1
2505,41987.0,14.6,0,23.5,0,0
2506,46998.0,20.2,0,31.4,1,1
2507,44556.0,18.1,0,25.2,0,1
2508,44266.0,15.5,0,25.2,0,0
2509,42277.0,16.4,0,24.6,0,1
2510,59816.0,10.1,0,13.9,0,1
2511,54077.0,14.4,0,21.0,0,1
2512,47531.0,16.2,0,24.7,0,1
2513,36641.0,19.2,0,27.5,0,1
2514,36878.0,23.9,0,33.9,1,1
2515,39348.0,18.9,0,30.9,0,0
2516,39357.0,21.2,0,30.1,0,0
2517,45261.0,17.2,0,22.1,0,1
2518,34895.0,25.4,0,32.5,0,0
2519,38025.0,18.2,0,24.6,0,0
2520,38649.0,18.2,0,28.4,0,0
2521,104367.0,5.0,0,5.3,0,1
2522,65372.0,8.4,0,11.7,0,1
2523,43062.0,21.0,0,26.9,1,0
2524,72184.0,10.4,0,13.4,0,0
2525,45428.0,17.9,0,27.6,0,0
2526,41560.0,18.2,0,32.9,1,1
2527,60414.0,9.5,0,12.8,0,1
2528,55198.0,10.4,0,14.3,0,1
2529,49047.0,20.4,0,29.9,1,1
2530,57960.0,12.7,0,18.9,0,1
2531,38299.0,15.8,0,26.0,0,0
2532,53662.0,13.3,0,23.8,0,1
2533,56866.0,12.7,0,21.7,0,1
2534,38231.0,17.4,0,28.4,0,0
2535,42540.0,23.4,1,29.0,1,0
2536,48894.0,15.9,0,23.0,0,1
2537,52230.0,15.6,0,22.2,1,1
2538,53449.0,10.9,0,18.2,0,0
2539,63358.0,10.2,0,14.5,0,0
2540,47135.0,15.0,0,24.6,0,0
2541,42515.0,18.6,0,26.2,1,1
2542,71230.0,10.6,0,13.5,0,1
2543,44767.0,24.0,1,19.7,0,1
2544,41785.0,14.8,0,21.9,0,0
2545,42261.0,16.6,0,30.4,1,0
2546,30124.0,31.7,1,46.5,1,0
2547,41981.0,18.2,0,25.7,0,0
2548,50113.0,15.5,0,24.7,0,1
2549,53086.0,13.2,0,22.3,0,0
2550,46093.0,17.8,0,25.2,0,1
2551,50873.0,16.8,0,26.2,0,0
2552,44450.0,13.0,0,21.0,0,1
2553,34044.0,32.0,1,45.9,1,1
2554,40768.0,18.8,0,30.6,0,0
2555,61083.0,8.5,0,11.2,0,1
2556,39274.0,20.0,0,29.4,0,0
2557,43372.0,18.8,0,28.8,1,0
2558,77282.0,9.6,0,12.0,0,1
2559,41355.0,19.0,0,27.6,1,0
2560,37732.0,22.3,0,27.5,0,0
2561,51234.0,12.3,0,18.9,0,1
2562,39398.0,22.5,0,34.7,0,0
2563,42498.0,13.5,0,21.3,0,0
2564,35922.0,20.0,0,33.6,1,0
2565,86823.0,6.6,0,8.2,0,1
2566,38775.0,19.0,0,32.1,1,0
2567,47783.0,14.5,0,23.6,1,0
2568,68362.0,8.3,0,12.7,0,1
2569,41155.0,16.8,0,27.2,0,0
2570,39945.0,26.4,0,25.5,0,0
2571,54534.0,13.2,0,20.5,0,0
2572,45989.0,16.0,0,24.0,0,1
2573,35602.0,21.4,0,36.1,1,0
2574,65883.0,9.6,0,12.8,0,0
2575,53903.0,12.9,0,18.6,0,0
2576,34562.0,22.8,1,34.8,1,1
2577,35192.0,23.9,0,37.2,0,0
2578,47559.0,12.0,0,17.7,0,0
2579,51824.0,17.9,0,26.5,0,1
2580,42589.0,21.9,0,29.5,1,0
2581,45713.0,19.4,0,28.1,1,0
2582,42846.0,18.5,0,28.4,1,0
2583,75898.0,8.0,0,9.0,0,1
2584,47365.0,19.2,0,27.2,1,0
2585,39169.0,22.2,0,29.2,1,0
2586,40040.0,24.4,1,34.5,1,0
2587,36862.0,20.2,0,32.8,0,0
2588,36986.0,25.4,1,37.4,1,0
2589,41944.0,18.1,0,27.9,0,0
2590,62519.0,12.6,0,17.4,0,1
2591,37567.0,22.2,1,39.6,1,0
2592,66811.0,10.9,0,15.6,0,1
2593,43101.0,20.3,1,29.4,1,1
2594,45663.0,17.7,0,21.1,0,0
2595,37912.0,23.9,1,32.7,1,1
2596,43733.0,16.4,0,23.0,0,0
2597,53173.0,12.0,0,17.9,0,0
2598,43082.0,15.2,0,22.6,0,0
2599,36859.0,21.8,1,36.4,1,0
2600,36466.0,17.8,0,28.2,0,0
2601,95117.0,7.0,0,9.7,0,1
2602,43569.0,16.4,0,27.0,0,0
2603,48057.0,15.8,0,21.9,0,0
2604,38809.0,29.3,1,35.8,1,0
2605,53297.0,13.3,0,20.1,1,0
2606,66173.0,14.0,0,19.1,0,1
2607,54606.0,26.8,0,27.3,1,0
2608,54180.0,10.4,0,18.0,0,0
2609,74854.0,7.8,0,10.5,0,0
2610,52612.0,14.1,0,21.2,0,1
2611,43519.0,16.4,0,25.6,1,0
2612,49415.0,13.0,0,17.8,0,0
2613,48164.0,15.2,0,22.6,0,1
2614,48561.0,17.0,0,23.4,0,1
2615,44226.0,17.8,0,25.3,1,0
2616,64252.0,10.3,0,14.5,0,1
2617,41999.0,20.3,0,29.4,1,0
2618,32158.0,25.5,1,39.8,1,0
2619,46181.0,15.4,0,25.8,0,0
2620,55215.0,11.7,0,16.9,0,0
2621,38154.0,18.0,0,29.7,1,0
2622,56201.0,11.8,0,16.3,0,1
2623,56670.0,16.6,0,25.3,0,1
2624,46593.0,18.5,0,26.9,1,0
2625,66231.0,9.9,0,10.1,0,0
2626,36085.0,22.3,0,30.6,1,0
2627,61121.0,13.6,0,14.1,0,1
2628,71177.0,8.6,0,13.1,0,0
2629,44944.0,16.2,0,26.8,0,0
2630,35441.0,31.1,1,42.9,1,1
2631,44965.0,17.8,0,29.2,0,0
2632,48768.0,15.9,0,22.6,1,0
2633,61371.0,9.8,0,18.0,0,1
2634,43284.0,15.9,0,24.4,0,0
2635,37536.0,27.0,1,35.7,1,0
2636,47148.0,19.1,0,23.1,1,0
2637,33048.0,25.0,1,38.4,1,1
2638,46632.0,16.5,0,23.1,0,1
2639,53085.0,14.2,0,19.8,0,0
2640,64777.0,7.9,0,11.2,0,1
2641,51711.0,17.1,0,21.0,0,0
2642,53667.0,13.6,0,19.0,0,0
2643,46541.0,15.7,0,24.8,0,0
2644,47654.0,13.3,0,35.9,0,0
2645,47620.0,16.9,0,23.6,0,1
2646,36048.0,23.2,0,33.9,0,0
2647,43028.0,22.1,1,30.9,1,0
2648,58685.0,11.4,0,17.2,0,1
2649,41871.0,21.4,0,25.1,0,1
2650,47129.0,20.0,1,25.7,1,0
2651,60438.0,13.1,0,15.8,0,1
2652,79108.0,8.0,0,11.7,0,1
2653,40082.0,16.5,0,26.5,0,0
2654,45338.0,11.3,0,18.1,0,0
2655,47389.0,14.3,0,26.7,0,0
2656,37448.0,20.0,0,37.0,0,0
2657,69588.0,11.0,0,16.2,0,0
2658,40840.0,20.6,1,26.5,1,0
2659,40066.0,24.3,1,33.0,1,0
2660,43238.0,19.2,0,31.7,1,0
2661,39433.0,18.8,0,28.9,1,0
2662,41807.0,21.8,1,31.6,1,0
2663,50985.0,13.9,0,22.7,0,1
2664,42500.0,27.9,1,33.3,1,0
2665,49752.0,12.2,0,17.4,0,0
2666,54747.0,12.4,0,18.2,0,0
2667,47740.0,13.8,0,21.4,1,0
2668,53552.0,15.8,0,22.4,0,1
2669,40655.0,19.1,0,28.9,1,0
2670,60955.0,9.7,0,11.2,0,0
2671,53184.0,15.8,0,21.7,1,0
2672,46366.0,14.8,0,27.3,0,0
2673,59499.0,14.3,0,28.6,0,0
2674,47139.0,20.1,0,24.3,0,1
2675,38922.0,20.5,0,31.1,1,1
2676,39900.0,18.6,1,29.2,1,0
2677,46264.0,19.9,0,26.9,1,1
2678,60709.0,10.0,0,15.8,0,0
2679,40857.0,19.2,0,26.1,0,0
2680,35152.0,23.4,1,36.4,1,0
2681,60815.0,11.4,0,16.2,0,1
2682,45340.0,13.8,0,23.3,1,0
2683,45073.0,20.5,0,30.9,0,0
2684,34687.0,23.9,1,32.2,1,0
2685,52831.0,14.8,0,21.4,0,1
2686,34308.0,20.8,0,38.2,1,0
2687,79829.0,8.9,0,13.1,0,1
2688,46433.0,16.9,0,27.5,1,0
2689,40958.0,16.6,0,26.1,1,0
2690,41977.0,19.7,0,24.9,0,0
2691,49653.0,15.2,0,22.1,0,0
2692,72428.0,10.1,0,13.9,0,1
2693,49345.0,14.4,0,20.3,0,0
2694,37236.0,19.5,0,31.6,0,0
2695,40575.0,17.0,0,28.6,1,0
2696,39556.0,24.5,0,30.9,1,0
2697,41047.0,19.6,0,27.9,1,0
2698,40345.0,21.2,0,28.1,0,1
2699,40052.0,20.0,0,30.6,0,0
2700,50188.0,19.9,0,30.6,1,1
2701,67136.0,8.8,0,13.3,0,0
2702,53797.0,13.4,0,29.2,0,1
2703,51156.0,16.1,0,22.6,0,1
2704,42932.0,18.6,0,27.8,0,0
2705,50057.0,15.1,0,20.9,0,0
2706,67545.0,9.4,0,13.7,0,1
2707,46827.0,14.5,0,21.1,1,0
2708,45839.0,18.1,0,23.6,1,0
2709,42746.0,17.2,0,28.8,1,0
2710,40353.0,22.4,0,31.8,0,1
2711,33218.0,22.4,1,32.3,1,0
2712,46698.0,14.4,0,26.8,0,0
2713,62080.0,8.5,0,12.0,0,1
2714,65948.0,8.8,0,11.9,0,0
2715,34031.0,19.4,1,34.6,1,0
2716,36347.0,20.2,0,31.0,1,0
2717,44470.0,19.3,1,24.2,1,0
2718,45562.0,15.4,0,22.9,1,0
2719,71859.0,6.7,0,8.7,0,0
2720,53635.0,16.6,1,28.8,1,1
2721,92150.0,6.0,0,8.2,0,1
2722,39404.0,18.5,0,25.4,0,0
2723,49347.0,16.6,0,22.3,0,1
2724,36813.0,19.7,0,33.7,1,0
2725,33156.0,24.3,1,37.3,1,0
2726,42371.0,18.1,0,30.1,1,0
2727,52952.0,15.5,0,23.3,1,1
2728,42559.0,18.9,0,29.2,1,0
2729,53886.0,13.4,0,21.9,0,0
2730,57385.0,12.7,0,18.1,0,0
2731,51685.0,13.1,0,19.4,0,0
2732,41519.0,19.8,0,29.0,1,0
2733,54010.0,12.8,0,18.7,0,0
2734,49364.0,16.0,0,23.2,0,1
2735,58040.0,12.1,0,17.7,0,1
2736,28292.0,30.9,1,42.5,1,0
2737,45410.0,18.2,0,27.7,0,0
2738,62759.0,11.6,0,17.5,0,0
2739,45928.0,14.5,0,21.2,0,0
2740,60310.0,12.5,0,18.4,0,0
2741,40584.0,21.6,0,34.0,0,0
2742,60735.0,13.1,0,18.4,0,1
2743,47388.0,14.8,0,21.7,0,1
2744,43815.0,16.7,0,21.8,0,0
2745,43357.0,22.5,0,32.2,1,0
2746,43225.0,13.6,0,26.9,0,0
2747,41538.0,20.1,0,28.8,0,0
2748,47756.0,15.6,0,21.7,0,1
2749,65244.0,13.2,0,17.8,0,1
2750,37213.0,19.5,0,32.8,1,0
2751,40820.0,19.9,0,25.1,0,0
2752,45494.0,15.5,0,23.6,0,1
2753,57085.0,13.5,0,18.2,0,0
2754,37700.0,20.7,1,33.4,1,0
2755,42465.0,22.1,1,31.8,1,0
2756,47252.0,15.9,0,22.3,0,0
2757,55406.0,13.6,0,20.7,0,1
2758,41429.0,22.7,0,24.9,0,0
2759,50746.0,16.0,0,21.9,0,1
2760,57570.0,12.8,0,17.8,0,0
2761,51879.0,14.5,0,20.0,0,0
2762,39237.0,30.5,1,41.9,1,1
2763,45198.0,17.2,0,24.9,0,0
2764,51114.0,12.9,0,19.0,0,0
2765,45430.0,18.9,0,26.3,0,1
2766,43073.0,16.5,0,25.0,0,0
2767,30287.0,35.4,1,43.0,1,0
2768,78531.0,6.6,0,8.7,0,1
2769,68805.0,9.4,0,13.2,0,1
2770,55331.0,13.3,0,18.5,0,0
2771,58367.0,12.1,0,17.4,0,1
2772,45753.0,16.6,0,27.7,0,0
2773,59752.0,11.1,0,14.8,1,0
2774,49079.0,15.0,0,22.0,0,0
2775,35754.0,30.9,1,45.2,1,0
2776,27711.0,32.0,1,42.2,1,0
2777,50492.0,11.2,0,14.8,0,0
2778,58380.0,8.4,0,11.7,0,1
2779,51951.0,16.0,0,16.0,0,1
2780,47894.0,16.3,0,20.6,0,0
2781,57368.0,8.0,0,12.2,0,0
2782,72268.0,6.9,0,8.3,0,1
2783,63149.0,11.0,0,12.0,0,0
2784,54086.0,10.4,0,14.4,0,0
2785,45509.0,11.2,0,18.0,0,0
2786,44858.0,13.0,0,21.5,0,0
2787,45118.0,18.3,0,22.4,0,0
2788,55201.0,10.5,0,14.2,0,1
2789,47530.0,11.3,0,17.0,0,0
2790,52206.0,13.1,0,19.2,0,0
2791,81358.0,4.8,0,5.3,0,1
2792,39507.0,17.3,0,31.1,0,0
2793,58645.0,9.1,0,11.1,0,0
2794,65549.0,10.8,0,12.8,0,1
2795,39305.0,28.5,1,31.9,1,0
2796,46929.0,17.2,0,19.1,0,0
2797,48711.0,14.0,0,18.8,0,0
2798,93235.0,6.2,0,8.1,0,0
2799,67938.0,7.2,0,9.3,0,1
2800,67561.0,9.9,0,11.4,0,0
2801,65425.0,12.5,0,11.6,0,1
2802,75112.0,6.9,0,9.2,0,0
2803,54398.0,13.2,0,18.5,0,1
2804,41596.0,15.0,0,25.6,0,0
2805,58786.0,12.4,0,15.6,0,1
2806,58408.0,8.9,0,10.9,0,0
2807,50506.0,11.8,0,17.8,0,0
2808,46403.0,11.5,0,17.8,0,0
2809,67112.0,10.4,0,10.2,0,1
2810,41764.0,14.3,0,22.8,0,0
2811,59280.0,8.1,0,13.0,0,1
2812,68342.0,8.3,0,13.2,0,1
2813,54076.0,10.2,0,13.7,0,0
2814,54552.0,9.8,0,14.8,0,0
2815,42884.0,13.3,0,20.0,0,0
2816,51164.0,11.4,0,17.0,0,0
2817,56333.0,9.3,0,11.1,0,0
2818,49298.0,13.2,0,18.1,0,0
2819,53984.0,9.1,0,12.6,0,0
2820,38690.0,20.4,0,31.0,1,0
2821,71293.0,9.5,0,9.6,0,1
2822,45210.0,18.2,0,24.0,0,0
2823,53078.0,11.1,0,17.0,0,1
2824,48646.0,15.0,0,20.6,0,1
2825,49461.0,14.2,0,20.9,0,1
2826,104354.0,7.1,0,8.8,0,1
2827,56867.0,9.3,0,12.9,0,1
2828,44401.0,10.3,0,14.6,0,0
2829,54153.0,9.1,0,12.8,0,1
2830,44727.0,13.6,0,17.8,0,0
2831,62591.0,7.4,0,9.3,0,1
2832,39748.0,22.1,0,29.2,1,0
2833,32433.0,28.8,0,33.6,1,0
2834,43774.0,20.2,0,27.5,1,1
2835,46938.0,11.7,0,16.3,0,1
2836,54696.0,12.0,0,17.2,0,1
2837,42790.0,15.0,0,24.3,0,0
2838,51645.0,11.6,0,19.5,0,1
2839,37819.0,19.2,0,28.4,1,0
2840,75107.0,6.9,0,9.5,0,1
2841,71789.0,8.4,0,10.4,0,1
2842,47832.0,11.9,0,21.7,0,1
2843,63728.0,10.2,0,14.9,0,1
2844,40958.0,19.6,0,30.8,0,0
2845,32620.0,25.0,0,33.0,1,0
2846,52694.0,12.4,0,17.5,1,1
2847,47427.0,15.5,0,26.7,0,0
2848,112844.0,6.2,0,7.5,0,1
2849,89610.0,6.8,0,8.3,0,1
2850,48448.0,11.9,0,18.2,0,1
2851,65899.0,7.8,0,10.4,0,1
2852,49117.0,13.1,0,19.1,0,1
2853,69991.0,7.7,0,10.7,0,1
2854,46727.0,10.6,0,17.6,0,1
2855,63742.0,9.3,0,14.7,0,1
2856,86257.0,7.4,0,9.8,0,1
2857,37684.0,20.1,0,29.4,0,0
2858,60406.0,9.3,0,13.9,0,1
2859,40252.0,27.9,0,28.7,0,0
2860,40432.0,16.9,0,25.6,0,0
2861,81900.0,6.2,0,7.1,0,1
2862,65524.0,9.3,0,13.0,0,1
2863,36695.0,19.6,0,30.5,0,0
2864,42363.0,13.8,0,24.2,0,0
2865,67480.0,9.9,0,13.1,0,1
2866,77668.0,7.1,0,10.2,0,1
2867,47513.0,14.0,0,20.5,0,0
2868,81128.0,7.1,0,9.6,0,0
2869,64651.0,7.9,0,12.2,0,1
2870,47098.0,13.1,0,26.2,0,0
2871,32135.0,25.9,1,36.3,1,0
2872,125900.0,3.7,0,4.0,0,1
2873,57015.0,10.6,0,16.7,0,0
2874,38941.0,21.1,0,29.0,1,0
2875,53655.0,10.4,0,18.2,0,0
2876,56119.0,10.2,0,17.9,0,1
2877,33650.0,20.4,0,27.5,1,0
2878,52407.0,12.8,0,25.1,0,0
2879,51157.0,20.8,0,15.2,0,1
2880,49621.0,13.9,0,23.2,0,1
2881,79322.0,6.7,0,10.2,0,1
2882,37515.0,20.5,1,33.7,1,0
2883,52075.0,13.7,0,29.0,0,0
2884,39544.0,23.7,0,28.7,0,0
2885,59482.0,10.4,0,15.2,0,0
2886,43313.0,15.0,0,23.2,0,0
2887,37360.0,17.0,0,25.5,0,0
2888,42390.0,17.1,0,25.6,0,0
2889,77761.0,6.4,0,8.5,0,1
2890,41088.0,22.3,0,29.1,1,0
2891,63320.0,9.9,0,12.3,0,1
2892,99206.0,6.7,0,9.0,0,1
2893,48218.0,15.0,0,22.1,0,1
2894,62729.0,9.8,0,15.6,0,1
2895,43888.0,17.7,0,23.0,0,0
2896,63372.0,7.3,0,9.4,0,1
2897,47561.0,12.8,0,18.6,0,0
2898,52953.0,11.0,0,14.0,0,1
2899,38386.0,21.2,0,28.2,0,0
2900,37567.0,19.2,0,24.5,0,1
2901,54281.0,11.5,0,17.7,0,0
2902,38933.0,18.1,0,27.6,0,0
2903,48119.0,15.2,0,20.9,1,0
2904,76181.0,7.7,0,10.9,0,1
2905,95666.0,5.4,0,7.1,0,1
2906,51331.0,13.0,0,20.0,0,0
2907,39900.0,22.1,0,29.0,0,1
2908,40476.0,17.2,0,24.1,0,0
2909,58047.0,10.8,0,15.1,0,1
2910,45864.0,16.3,0,22.7,0,1
2911,47581.0,14.1,0,28.9,0,0
2912,36076.0,22.7,0,30.9,0,0
2913,42883.0,14.4,0,21.3,0,0
2914,83007.0,5.3,0,6.8,0,1
2915,89177.0,9.1,0,14.5,0,1
2916,,,0,,0,1
2917,38745.0,19.3,0,33.4,0,1
2918,38962.0,17.3,0,24.6,0,0
2919,54876.0,20.7,0,22.6,0,1
2920,67296.0,9.7,0,13.9,0,1
2921,45283.0,10.6,0,16.7,0,1
2922,35374.0,18.3,0,28.6,0,0
2923,32369.0,23.5,0,39.4,0,0
2924,33904.0,22.5,0,38.3,0,0
2925,99671.0,7.3,0,7.8,0,1
2926,122092.0,3.4,0,3.3,0,1
2927,36004.0,19.4,0,35.2,1,0
2928,50710.0,15.9,0,22.8,0,1
2929,32829.0,24.2,0,36.5,0,0
2930,50191.0,15.2,0,23.5,0,1
2931,39967.0,30.9,0,23.7,0,1
2932,37193.0,20.6,0,33.7,0,1
2933,44392.0,22.9,0,13.4,0,0
2934,39939.0,23.1,0,28.4,0,1
2935,72562.0,9.6,0,15.4,0,1
2936,75429.0,7.7,0,12.7,0,1
2937,32541.0,23.7,0,37.1,0,0
2938,48127.0,16.8,0,25.7,0,1
2939,45094.0,21.5,0,29.6,0,1
2940,31287.0,23.7,0,37.5,0,0
2941,31645.0,28.4,0,43.0,1,1
2942,86135.0,5.4,0,6.6,0,1
2943,46308.0,18.6,0,30.5,0,1
2944,35259.0,32.8,0,21.5,0,1
2945,40161.0,24.4,0,36.3,0,1
2946,39587.0,21.3,0,32.9,0,1
2947,47600.0,10.2,0,13.8,0,1
2948,43401.0,15.2,0,23.0,0,1
2949,61171.0,13.1,0,18.0,0,1
2950,67032.0,8.2,0,12.4,0,1
2951,43500.0,16.0,0,26.2,0,1
2952,47971.0,22.0,0,25.1,0,1
2953,47679.0,17.8,0,25.6,0,1
2954,48127.0,16.5,0,21.5,0,0
2955,46573.0,15.7,0,24.4,1,1
2956,62698.0,14.2,0,19.7,0,1
2957,53604.0,12.7,0,18.3,0,1
2958,46708.0,15.6,0,24.2,0,0
2959,64282.0,10.6,0,14.5,0,1
2960,40209.0,15.2,0,25.2,0,1
2961,50502.0,15.7,0,22.8,0,1
2962,51400.0,13.5,0,21.0,0,1
2963,40747.0,20.4,0,30.5,0,0
2964,58246.0,15.6,0,21.3,0,1
2965,47087.0,15.2,0,22.4,0,0
2966,50573.0,16.1,0,20.6,0,0
2967,44345.0,16.0,0,24.9,0,0
2968,60567.0,8.4,0,12.7,0,0
2969,53421.0,11.9,0,23.3,0,0
2970,81816.0,9.8,0,10.6,0,1
2971,65814.0,9.9,0,11.8,0,1
2972,47378.0,20.0,0,16.3,0,0
2973,50043.0,17.2,0,23.6,0,0
2974,47619.0,15.3,0,22.0,0,0
2975,49774.0,14.0,0,18.6,0,0
2976,54175.0,16.9,0,27.0,0,0
2977,41844.0,20.5,0,28.2,0,0
2978,41088.0,18.8,0,25.8,0,0
2979,41526.0,19.6,0,31.0,0,1
2980,60168.0,12.4,0,16.7,0,1
2981,59859.0,11.5,0,18.5,0,0
2982,56891.0,14.9,0,20.4,0,1
2983,53733.0,14.5,0,20.5,0,1
2984,76053.0,9.3,0,11.5,0,1
2985,48676.0,15.5,0,19.6,0,1
2986,42845.0,19.7,0,27.2,0,1
2987,62299.0,12.2,0,15.0,0,1
2988,50402.0,12.6,0,25.0,0,0
2989,50120.0,16.5,0,20.9,0,1
2990,55073.0,14.4,0,14.5,0,1
2991,43817.0,20.8,0,14.4,0,0
2992,46891.0,19.1,0,27.4,0,1
2993,37330.0,20.1,0,28.2,1,0
2994,54217.0,12.5,0,18.5,0,1
2995,37971.0,23.4,0,30.6,0,1
2996,35892.0,23.7,1,33.3,1,0
2997,45272.0,14.9,0,20.3,0,1
2998,39044.0,20.2,0,26.5,0,1
2999,36403.0,20.0,1,30.0,1,0
3000,30369.0,27.7,1,37.4,1,1
3001,41115.0,18.1,0,25.8,1,0
3002,36235.0,19.9,0,28.9,1,1
3003,36392.0,25.8,1,26.3,1,0
3004,38370.0,15.9,0,24.4,0,0
3005,38209.0,19.0,0,27.1,0,0
3006,40293.0,18.6,0,27.9,1,1
3007,42009.0,13.7,0,21.5,0,1
3008,41344.0,14.4,0,23.9,0,0
3009,46979.0,16.0,0,21.9,0,0
3010,44675.0,15.4,0,22.8,0,0
3011,67821.0,10.6,0,13.8,0,1
3012,44849.0,16.5,0,24.8,0,1
3013,39601.0,20.6,0,27.5,0,0
3014,35249.0,28.3,1,36.6,1,1
3015,35615.0,22.4,0,29.9,1,0
3016,26413.0,34.5,1,46.8,1,0
3017,43654.0,16.0,0,22.1,0,0
3018,48109.0,12.6,0,20.6,0,1
3019,35717.0,22.3,0,30.2,0,0
3020,35342.0,21.1,0,29.9,0,0
3021,43159.0,15.4,0,21.5,0,1
3022,31742.0,29.0,1,38.7,1,0
3023,46718.0,19.6,0,15.5,0,1
3024,34974.0,18.5,0,24.7,1,0
3025,45628.0,14.1,0,22.0,0,0
3026,38912.0,18.5,0,27.0,1,0
3027,46315.0,14.0,0,19.5,0,1
3028,40257.0,16.4,0,25.7,0,0
3029,48308.0,15.4,0,19.8,0,0
3030,36822.0,18.9,0,30.1,0,0
3031,43804.0,17.0,0,23.2,0,1
3032,58933.0,10.4,0,13.0,0,1
3033,38564.0,19.9,0,27.9,0,1
3034,37185.0,19.8,0,28.4,1,0
3035,39501.0,18.5,0,25.6,1,0
3036,36176.0,21.1,0,30.1,0,0
3037,35676.0,26.4,0,35.9,1,0
3038,43652.0,16.2,0,22.8,0,0
3039,38000.0,17.1,0,24.1,1,0
3040,42696.0,16.3,0,23.3,0,0
3041,40766.0,17.3,0,26.1,0,0
3042,35537.0,22.5,0,31.1,1,1
3043,30673.0,29.6,1,41.0,1,0
3044,41833.0,20.0,0,29.1,0,0
3045,42309.0,17.9,0,27.0,0,1
3046,41133.0,17.3,0,25.3,0,1
3047,35020.0,22.5,0,31.6,1,0
3048,42844.0,17.4,0,29.3,0,0
3049,40163.0,17.2,0,25.1,0,0
3050,51056.0,10.5,0,17.0,0,0
3051,50080.0,11.1,0,20.7,0,0
3052,56003.0,11.1,0,14.4,0,1
3053,53892.0,10.2,0,13.5,0,0
3054,44858.0,13.1,0,22.3,0,0
3055,71298.0,6.2,0,7.6,0,1
3056,53209.0,10.8,0,15.3,0,1
3057,50187.0,13.9,0,21.0,0,0
3058,60837.0,8.9,0,12.6,0,1
3059,44895.0,14.5,0,20.6,0,0
3060,65416.0,11.2,0,10.4,0,1
3061,56514.0,8.7,0,11.7,0,0
3062,55047.0,8.5,0,14.5,0,0
3063,48715.0,14.8,0,20.1,0,1
3064,53082.0,13.5,0,16.2,0,0
3065,51937.0,13.6,0,15.7,0,1
3066,46193.0,12.2,0,20.2,0,0
3067,58049.0,9.4,0,12.3,0,1
3068,44098.0,14.5,0,22.3,0,0
3069,51008.0,14.0,0,16.7,0,0
3070,59155.0,7.5,0,10.7,0,1
3071,49493.0,12.2,0,19.9,0,0
3072,58092.0,9.5,0,12.3,0,1
3073,42328.0,13.0,0,20.5,0,0
3074,50653.0,12.4,0,19.6,0,0
3075,61622.0,9.2,0,12.4,0,0
3076,46051.0,14.5,0,21.2,0,0
3077,56414.0,12.7,0,18.9,0,1
3078,60572.0,8.2,0,10.3,0,1
3079,51428.0,14.4,0,12.4,0,1
3080,56428.0,10.5,0,16.9,0,0
3081,44635.0,14.4,0,22.8,0,0
3082,51406.0,9.8,0,14.7,0,0
3083,51951.0,10.7,0,15.1,0,0
3084,56347.0,9.5,0,13.5,0,1
3085,48545.0,12.7,0,18.6,0,0
3086,48508.0,12.0,0,19.6,0,0
3087,33410.0,35.2,0,50.9,1,0
3088,45905.0,20.3,0,29.5,0,1
3089,52975.0,12.8,0,19.6,0,0
3090,53243.0,9.7,0,13.9,0,1
3091,50297.0,9.5,0,16.2,0,0
3092,60649.0,9.0,0,12.0,0,1
3093,80135.0,5.2,0,5.2,0,1
3094,50094.0,10.1,0,16.9,0,0
3095,63735.0,9.8,0,9.2,0,1
3096,54946.0,10.1,0,14.2,0,0
3097,57010.0,12.2,0,12.1,0,0
3098,44932.0,13.0,0,18.2,0,0
3099,57367.0,12.4,0,18.4,0,1
3100,46998.0,14.2,0,21.8,0,0
3101,54107.0,13.9,0,20.1,0,1
3102,42289.0,14.0,0,23.2,0,0
3103,74624.0,5.7,0,6.9,0,1
3104,52025.0,11.7,0,16.8,0,0
3105,44556.0,15.5,0,27.8,0,0
3106,50948.0,11.6,0,18.8,0,0
3107,58190.0,9.0,0,11.8,0,1
3108,48951.0,12.4,0,19.5,0,0
3109,53695.0,9.4,0,13.5,0,0
3110,49217.0,14.8,0,26.4,0,0
3111,42993.0,13.4,0,22.8,0,0
3112,58554.0,12.4,0,14.7,0,0
3113,45043.0,13.5,0,22.7,0,0
3114,70778.0,5.3,0,6.4,0,1
3115,78689.0,4.7,0,5.1,0,1
3116,54849.0,10.7,0,14.4,0,0
3117,49912.0,11.8,0,20.2,0,0
3118,52725.0,11.3,0,13.3,0,1
3119,51025.0,11.3,0,16.1,0,0
3120,44455.0,20.1,0,15.9,0,0
3121,50056.0,12.1,0,13.9,0,0
3122,83042.0,7.5,0,8.9,0,0
3123,60209.0,11.4,0,13.7,0,0
3124,70307.0,8.5,0,11.3,0,0
3125,64851.0,7.7,0,10.7,0,0
3126,52408.0,12.9,0,18.2,0,0
3127,48146.0,15.1,0,19.3,0,0
3128,46021.0,11.9,0,16.3,0,0
3129,56845.0,8.2,0,10.6,0,0
3130,59147.0,10.6,0,13.6,0,1
3131,62364.0,8.8,0,10.6,0,0
3132,56703.0,11.0,0,14.2,0,1
3133,46693.0,13.3,0,19.0,0,0
3134,55527.0,9.6,0,13.8,0,0
3135,51863.0,11.7,0,17.4,0,0
3136,57122.0,9.5,0,13.2,0,0
3137,77581.0,6.1,0,7.1,0,0
3138,71867.0,8.5,0,10.2,0,0
3139,83290.0,6.6,0,7.6,0,0
3140,62968.0,9.8,0,11.9,0,0
3141,56088.0,11.2,0,15.7,0,0
3142,60986.0,9.8,0,13.1,0,0
