,FIPS,FOODINSEC_12_14,FOODINSEC_15_17,VLFOODSEC_12_14,VLFOODSEC_15_17
0,1001,16.8,16.3,7.2,7.1
1,1003,16.8,16.3,7.2,7.1
2,1005,16.8,16.3,7.2,7.1
3,1007,16.8,16.3,7.2,7.1
4,1009,16.8,16.3,7.2,7.1
5,1011,16.8,16.3,7.2,7.1
6,1013,16.8,16.3,7.2,7.1
7,1015,16.8,16.3,7.2,7.1
8,1017,16.8,16.3,7.2,7.1
9,1019,16.8,16.3,7.2,7.1
10,1021,16.8,16.3,7.2,7.1
11,1023,16.8,16.3,7.2,7.1
12,1025,16.8,16.3,7.2,7.1
13,1027,16.8,16.3,7.2,7.1
14,1029,16.8,16.3,7.2,7.1
15,1031,16.8,16.3,7.2,7.1
16,1033,16.8,16.3,7.2,7.1
17,1035,16.8,16.3,7.2,7.1
18,1037,16.8,16.3,7.2,7.1
19,1039,16.8,16.3,7.2,7.1
20,1041,16.8,16.3,7.2,7.1
21,1043,16.8,16.3,7.2,7.1
22,1045,16.8,16.3,7.2,7.1
23,1047,16.8,16.3,7.2,7.1
24,1049,16.8,16.3,7.2,7.1
25,1051,16.8,16.3,7.2,7.1
26,1053,16.8,16.3,7.2,7.1
27,1055,16.8,16.3,7.2,7.1
28,1057,16.8,16.3,7.2,7.1
29,1059,16.8,16.3,7.2,7.1
30,1061,16.8,16.3,7.2,7.1
31,1063,16.8,16.3,7.2,7.1
32,1065,16.8,16.3,7.2,7.1
33,1067,16.8,16.3,7.2,7.1
34,1069,16.8,16.3,7.2,7.1
35,1071,16.8,16.3,7.2,7.1
36,1073,16.8,16.3,7.2,7.1
37,1075,16.8,16.3,7.2,7.1
38,1077,16.8,16.3,7.2,7.1
39,1079,16.8,16.3,7.2,7.1
40,1081,16.8,16.3,7.2,7.1
41,1083,16.8,16.3,7.2,7.1
42,1085,16.8,16.3,7.2,7.1
43,1087,16.8,16.3,7.2,7.1
44,1089,16.8,16.3,7.2,7.1
45,1091,16.8,16.3,7.2,7.1
46,1093,16.8,16.3,7.2,7.1
47,1095,16.8,16.3,7.2,7.1
48,1097,16.8,16.3,7.2,7.1
49,1099,16.8,16.3,7.2,7.1
50,1101,16.8,16.3,7.2,7.1
51,1103,16.8,16.3,7.2,7.1
52,1105,16.8,16.3,7.2,7.1
53,1107,16.8,16.3,7.2,7.1
54,1109,16.8,16.3,7.2,7.1
55,1111,16.8,16.3,7.2,7.1
56,1113,16.8,16.3,7.2,7.1
57,1115,16.8,16.3,7.2,7.1
58,1117,16.8,16.3,7.2,7.1
59,1119,16.8,16.3,7.2,7.1
60,1121,16.8,16.3,7.2,7.1
61,1123,16.8,16.3,7.2,7.1
62,1125,16.8,16.3,7.2,7.1
63,1127,16.8,16.3,7.2,7.1
64,1129,16.8,16.3,7.2,7.1
65,1131,16.8,16.3,7.2,7.1
66,1133,16.8,16.3,7.2,7.1
67,2013,12.0,11.6,4.3,3.7
68,2016,12.0,11.6,4.3,3.7
69,2020,12.0,11.6,4.3,3.7
70,2050,12.0,11.6,4.3,3.7
71,2060,12.0,11.6,4.3,3.7
72,2068,12.0,11.6,4.3,3.7
73,2070,12.0,11.6,4.3,3.7
74,2090,12.0,11.6,4.3,3.7
75,2100,12.0,11.6,4.3,3.7
76,2105,12.0,11.6,4.3,3.7
77,2110,12.0,11.6,4.3,3.7
78,2122,12.0,11.6,4.3,3.7
79,2130,12.0,11.6,4.3,3.7
80,2150,12.0,11.6,4.3,3.7
81,2164,12.0,11.6,4.3,3.7
82,2170,12.0,11.6,4.3,3.7
83,2180,12.0,11.6,4.3,3.7
84,2185,12.0,11.6,4.3,3.7
85,2188,12.0,11.6,4.3,3.7
86,2195,12.0,11.6,4.3,3.7
87,2198,12.0,11.6,4.3,3.7
88,2220,12.0,11.6,4.3,3.7
89,2230,12.0,11.6,4.3,3.7
90,2240,12.0,11.6,4.3,3.7
91,2261,12.0,11.6,4.3,3.7
92,2270,12.0,11.6,4.3,3.7
93,2275,12.0,11.6,4.3,3.7
94,2282,12.0,11.6,4.3,3.7
95,2290,12.0,11.6,4.3,3.7
96,4001,19.9,17.4,8.1,6.5
97,4003,19.9,17.4,8.1,6.5
98,4005,19.9,17.4,8.1,6.5
99,4007,19.9,17.4,8.1,6.5
100,4009,19.9,17.4,8.1,6.5
101,4011,19.9,17.4,8.1,6.5
102,4012,19.9,17.4,8.1,6.5
103,4013,19.9,17.4,8.1,6.5
104,4015,19.9,17.4,8.1,6.5
105,4017,19.9,17.4,8.1,6.5
106,4019,19.9,17.4,8.1,6.5
107,4021,19.9,17.4,8.1,6.5
108,4023,19.9,17.4,8.1,6.5
109,4025,19.9,17.4,8.1,6.5
110,4027,19.9,17.4,8.1,6.5
111,5001,15.4,13.1,6.2,5.7
112,5003,15.4,13.1,6.2,5.7
113,5005,15.4,13.1,6.2,5.7
114,5007,15.4,13.1,6.2,5.7
115,5009,15.4,13.1,6.2,5.7
116,5011,15.4,13.1,6.2,5.7
117,5013,15.4,13.1,6.2,5.7
118,5015,15.4,13.1,6.2,5.7
119,5017,15.4,13.1,6.2,5.7
120,5019,15.4,13.1,6.2,5.7
121,5021,15.4,13.1,6.2,5.7
122,5023,15.4,13.1,6.2,5.7
123,5025,15.4,13.1,6.2,5.7
124,5027,15.4,13.1,6.2,5.7
125,5029,15.4,13.1,6.2,5.7
126,5031,15.4,13.1,6.2,5.7
127,5033,15.4,13.1,6.2,5.7
128,5035,15.4,13.1,6.2,5.7
129,5037,15.4,13.1,6.2,5.7
130,5039,15.4,13.1,6.2,5.7
131,5041,15.4,13.1,6.2,5.7
132,5043,15.4,13.1,6.2,5.7
133,5045,15.4,13.1,6.2,5.7
134,5047,15.4,13.1,6.2,5.7
135,5049,15.4,13.1,6.2,5.7
136,5051,15.4,13.1,6.2,5.7
137,5053,15.4,13.1,6.2,5.7
138,5055,15.4,13.1,6.2,5.7
139,5057,15.4,13.1,6.2,5.7
140,5059,15.4,13.1,6.2,5.7
141,5061,15.4,13.1,6.2,5.7
142,5063,15.4,13.1,6.2,5.7
143,5065,15.4,13.1,6.2,5.7
144,5067,15.4,13.1,6.2,5.7
145,5069,15.4,13.1,6.2,5.7
146,5071,15.4,13.1,6.2,5.7
147,5073,15.4,13.1,6.2,5.7
148,5075,15.4,13.1,6.2,5.7
149,5077,15.4,13.1,6.2,5.7
150,5079,15.4,13.1,6.2,5.7
151,5081,15.4,13.1,6.2,5.7
152,5083,15.4,13.1,6.2,5.7
153,5085,15.4,13.1,6.2,5.7
154,5087,15.4,13.1,6.2,5.7
155,5089,15.4,13.1,6.2,5.7
156,5091,15.4,13.1,6.2,5.7
157,5093,15.4,13.1,6.2,5.7
158,5095,15.4,13.1,6.2,5.7
159,5097,15.4,13.1,6.2,5.7
160,5099,15.4,13.1,6.2,5.7
161,5101,15.4,13.1,6.2,5.7
162,5103,15.4,13.1,6.2,5.7
163,5105,15.4,13.1,6.2,5.7
164,5107,15.4,13.1,6.2,5.7
165,5109,15.4,13.1,6.2,5.7
166,5111,15.4,13.1,6.2,5.7
167,5113,15.4,13.1,6.2,5.7
168,5115,15.4,13.1,6.2,5.7
169,5117,15.4,13.1,6.2,5.7
170,5119,15.4,13.1,6.2,5.7
171,5121,15.4,13.1,6.2,5.7
172,5123,15.4,13.1,6.2,5.7
173,5125,15.4,13.1,6.2,5.7
174,5127,15.4,13.1,6.2,5.7
175,5129,15.4,13.1,6.2,5.7
176,5131,15.4,13.1,6.2,5.7
177,5133,15.4,13.1,6.2,5.7
178,5135,15.4,13.1,6.2,5.7
179,5137,15.4,13.1,6.2,5.7
180,5139,15.4,13.1,6.2,5.7
181,5141,15.4,13.1,6.2,5.7
182,5143,15.4,13.1,6.2,5.7
183,5145,15.4,13.1,6.2,5.7
184,5147,15.4,13.1,6.2,5.7
185,5149,15.4,13.1,6.2,5.7
186,6001,13.5,11.2,5.1,4.1
187,6003,13.5,11.2,5.1,4.1
188,6005,13.5,11.2,5.1,4.1
189,6007,13.5,11.2,5.1,4.1
190,6009,13.5,11.2,5.1,4.1
191,6011,13.5,11.2,5.1,4.1
192,6013,13.5,11.2,5.1,4.1
193,6015,13.5,11.2,5.1,4.1
194,6017,13.5,11.2,5.1,4.1
195,6019,13.5,11.2,5.1,4.1
196,6021,13.5,11.2,5.1,4.1
197,6023,13.5,11.2,5.1,4.1
198,6025,13.5,11.2,5.1,4.1
199,6027,13.5,11.2,5.1,4.1
200,6029,13.5,11.2,5.1,4.1
201,6031,13.5,11.2,5.1,4.1
202,6033,13.5,11.2,5.1,4.1
203,6035,13.5,11.2,5.1,4.1
204,6037,13.5,11.2,5.1,4.1
205,6039,13.5,11.2,5.1,4.1
206,6041,13.5,11.2,5.1,4.1
207,6043,13.5,11.2,5.1,4.1
208,6045,13.5,11.2,5.1,4.1
209,6047,13.5,11.2,5.1,4.1
210,6049,13.5,11.2,5.1,4.1
211,6051,13.5,11.2,5.1,4.1
212,6053,13.5,11.2,5.1,4.1
213,6055,13.5,11.2,5.1,4.1
214,6057,13.5,11.2,5.1,4.1
215,6059,13.5,11.2,5.1,4.1
216,6061,13.5,11.2,5.1,4.1
217,6063,13.5,11.2,5.1,4.1
218,6065,13.5,11.2,5.1,4.1
219,6067,13.5,11.2,5.1,4.1
220,6069,13.5,11.2,5.1,4.1
221,6071,13.5,11.2,5.1,4.1
222,6073,13.5,11.2,5.1,4.1
223,6075,13.5,11.2,5.1,4.1
224,6077,13.5,11.2,5.1,4.1
225,6079,13.5,11.2,5.1,4.1
226,6081,13.5,11.2,5.1,4.1
227,6083,13.5,11.2,5.1,4.1
228,6085,13.5,11.2,5.1,4.1
229,6087,13.5,11.2,5.1,4.1
230,6089,13.5,11.2,5.1,4.1
231,6091,13.5,11.2,5.1,4.1
232,6093,13.5,11.2,5.1,4.1
233,6095,13.5,11.2,5.1,4.1
234,6097,13.5,11.2,5.1,4.1
235,6099,13.5,11.2,5.1,4.1
236,6101,13.5,11.2,5.1,4.1
237,6103,13.5,11.2,5.1,4.1
238,6105,13.5,11.2,5.1,4.1
239,6107,13.5,11.2,5.1,4.1
240,6109,13.5,11.2,5.1,4.1
241,6111,13.5,11.2,5.1,4.1
242,6113,13.5,11.2,5.1,4.1
243,6115,13.5,11.2,5.1,4.1
244,8001,13.6,9.2,5.2,3.8
245,8003,13.6,9.2,5.2,3.8
246,8005,13.6,9.2,5.2,3.8
247,8007,13.6,9.2,5.2,3.8
248,8009,13.6,9.2,5.2,3.8
249,8011,13.6,9.2,5.2,3.8
250,8013,13.6,9.2,5.2,3.8
251,8014,13.6,9.2,5.2,3.8
252,8015,13.6,9.2,5.2,3.8
253,8017,13.6,9.2,5.2,3.8
254,8019,13.6,9.2,5.2,3.8
255,8021,13.6,9.2,5.2,3.8
256,8023,13.6,9.2,5.2,3.8
257,8025,13.6,9.2,5.2,3.8
258,8027,13.6,9.2,5.2,3.8
259,8029,13.6,9.2,5.2,3.8
260,8031,13.6,9.2,5.2,3.8
261,8033,13.6,9.2,5.2,3.8
262,8035,13.6,9.2,5.2,3.8
263,8037,13.6,9.2,5.2,3.8
264,8039,13.6,9.2,5.2,3.8
265,8041,13.6,9.2,5.2,3.8
266,8043,13.6,9.2,5.2,3.8
267,8045,13.6,9.2,5.2,3.8
268,8047,13.6,9.2,5.2,3.8
269,8049,13.6,9.2,5.2,3.8
270,8051,13.6,9.2,5.2,3.8
271,8053,13.6,9.2,5.2,3.8
272,8055,13.6,9.2,5.2,3.8
273,8057,13.6,9.2,5.2,3.8
274,8059,13.6,9.2,5.2,3.8
275,8061,13.6,9.2,5.2,3.8
276,8063,13.6,9.2,5.2,3.8
277,8065,13.6,9.2,5.2,3.8
278,8067,13.6,9.2,5.2,3.8
279,8069,13.6,9.2,5.2,3.8
280,8071,13.6,9.2,5.2,3.8
281,8073,13.6,9.2,5.2,3.8
282,8075,13.6,9.2,5.2,3.8
283,8077,13.6,9.2,5.2,3.8
284,8079,13.6,9.2,5.2,3.8
285,8081,13.6,9.2,5.2,3.8
286,8083,13.6,9.2,5.2,3.8
287,8085,13.6,9.2,5.2,3.8
288,8087,13.6,9.2,5.2,3.8
289,8089,13.6,9.2,5.2,3.8
290,8091,13.6,9.2,5.2,3.8
291,8093,13.6,9.2,5.2,3.8
292,8095,13.6,9.2,5.2,3.8
293,8097,13.6,9.2,5.2,3.8
294,8099,13.6,9.2,5.2,3.8
295,8101,13.6,9.2,5.2,3.8
296,8103,13.6,9.2,5.2,3.8
297,8105,13.6,9.2,5.2,3.8
298,8107,13.6,9.2,5.2,3.8
299,8109,13.6,9.2,5.2,3.8
300,8111,13.6,9.2,5.2,3.8
301,8113,13.6,9.2,5.2,3.8
302,8115,13.6,9.2,5.2,3.8
303,8117,13.6,9.2,5.2,3.8
304,8119,13.6,9.2,5.2,3.8
305,8121,13.6,9.2,5.2,3.8
306,8123,13.6,9.2,5.2,3.8
307,8125,13.6,9.2,5.2,3.8
308,9001,13.9,12.2,6.0,4.7
309,9003,13.9,12.2,6.0,4.7
310,9005,13.9,12.2,6.0,4.7
311,9007,13.9,12.2,6.0,4.7
312,9009,13.9,12.2,6.0,4.7
313,9011,13.9,12.2,6.0,4.7
314,9013,13.9,12.2,6.0,4.7
315,9015,13.9,12.2,6.0,4.7
316,10001,13.2,11.2,4.9,4.5
317,10003,13.2,11.2,4.9,4.5
318,10005,13.2,11.2,4.9,4.5
319,11001,12.1,11.1,4.6,3.5
320,12001,13.8,11.9,5.5,4.2
321,12003,13.8,11.9,5.5,4.2
322,12005,13.8,11.9,5.5,4.2
323,12007,13.8,11.9,5.5,4.2
324,12009,13.8,11.9,5.5,4.2
325,12011,13.8,11.9,5.5,4.2
326,12013,13.8,11.9,5.5,4.2
327,12015,13.8,11.9,5.5,4.2
328,12017,13.8,11.9,5.5,4.2
329,12019,13.8,11.9,5.5,4.2
330,12021,13.8,11.9,5.5,4.2
331,12023,13.8,11.9,5.5,4.2
332,12027,13.8,11.9,5.5,4.2
333,12029,13.8,11.9,5.5,4.2
334,12031,13.8,11.9,5.5,4.2
335,12033,13.8,11.9,5.5,4.2
336,12035,13.8,11.9,5.5,4.2
337,12037,13.8,11.9,5.5,4.2
338,12039,13.8,11.9,5.5,4.2
339,12041,13.8,11.9,5.5,4.2
340,12043,13.8,11.9,5.5,4.2
341,12045,13.8,11.9,5.5,4.2
342,12047,13.8,11.9,5.5,4.2
343,12049,13.8,11.9,5.5,4.2
344,12051,13.8,11.9,5.5,4.2
345,12053,13.8,11.9,5.5,4.2
346,12055,13.8,11.9,5.5,4.2
347,12057,13.8,11.9,5.5,4.2
348,12059,13.8,11.9,5.5,4.2
349,12061,13.8,11.9,5.5,4.2
350,12063,13.8,11.9,5.5,4.2
351,12065,13.8,11.9,5.5,4.2
352,12067,13.8,11.9,5.5,4.2
353,12069,13.8,11.9,5.5,4.2
354,12071,13.8,11.9,5.5,4.2
355,12073,13.8,11.9,5.5,4.2
356,12075,13.8,11.9,5.5,4.2
357,12077,13.8,11.9,5.5,4.2
358,12079,13.8,11.9,5.5,4.2
359,12081,13.8,11.9,5.5,4.2
360,12083,13.8,11.9,5.5,4.2
361,12085,13.8,11.9,5.5,4.2
362,12086,13.8,11.9,5.5,4.2
363,12087,13.8,11.9,5.5,4.2
364,12089,13.8,11.9,5.5,4.2
365,12091,13.8,11.9,5.5,4.2
366,12093,13.8,11.9,5.5,4.2
367,12095,13.8,11.9,5.5,4.2
368,12097,13.8,11.9,5.5,4.2
369,12099,13.8,11.9,5.5,4.2
370,12101,13.8,11.9,5.5,4.2
371,12103,13.8,11.9,5.5,4.2
372,12105,13.8,11.9,5.5,4.2
373,12107,13.8,11.9,5.5,4.2
374,12109,13.8,11.9,5.5,4.2
375,12111,13.8,11.9,5.5,4.2
376,12113,13.8,11.9,5.5,4.2
377,12115,13.8,11.9,5.5,4.2
378,12117,13.8,11.9,5.5,4.2
379,12119,13.8,11.9,5.5,4.2
380,12121,13.8,11.9,5.5,4.2
381,12123,13.8,11.9,5.5,4.2
382,12125,13.8,11.9,5.5,4.2
383,12127,13.8,11.9,5.5,4.2
384,12129,13.8,11.9,5.5,4.2
385,12131,13.8,11.9,5.5,4.2
386,12133,13.8,11.9,5.5,4.2
387,13001,15.7,13.0,6.2,4.4
388,13003,15.7,13.0,6.2,4.4
389,13005,15.7,13.0,6.2,4.4
390,13007,15.7,13.0,6.2,4.4
391,13009,15.7,13.0,6.2,4.4
392,13011,15.7,13.0,6.2,4.4
393,13013,15.7,13.0,6.2,4.4
394,13015,15.7,13.0,6.2,4.4
395,13017,15.7,13.0,6.2,4.4
396,13019,15.7,13.0,6.2,4.4
397,13021,15.7,13.0,6.2,4.4
398,13023,15.7,13.0,6.2,4.4
399,13025,15.7,13.0,6.2,4.4
400,13027,15.7,13.0,6.2,4.4
401,13029,15.7,13.0,6.2,4.4
402,13031,15.7,13.0,6.2,4.4
403,13033,15.7,13.0,6.2,4.4
404,13035,15.7,13.0,6.2,4.4
405,13037,15.7,13.0,6.2,4.4
406,13039,15.7,13.0,6.2,4.4
407,13043,15.7,13.0,6.2,4.4
408,13045,15.7,13.0,6.2,4.4
409,13047,15.7,13.0,6.2,4.4
410,13049,15.7,13.0,6.2,4.4
411,13051,15.7,13.0,6.2,4.4
412,13053,15.7,13.0,6.2,4.4
413,13055,15.7,13.0,6.2,4.4
414,13057,15.7,13.0,6.2,4.4
415,13059,15.7,13.0,6.2,4.4
416,13061,15.7,13.0,6.2,4.4
417,13063,15.7,13.0,6.2,4.4
418,13065,15.7,13.0,6.2,4.4
419,13067,15.7,13.0,6.2,4.4
420,13069,15.7,13.0,6.2,4.4
421,13071,15.7,13.0,6.2,4.4
422,13073,15.7,13.0,6.2,4.4
423,13075,15.7,13.0,6.2,4.4
424,13077,15.7,13.0,6.2,4.4
425,13079,15.7,13.0,6.2,4.4
426,13081,15.7,13.0,6.2,4.4
427,13083,15.7,13.0,6.2,4.4
428,13085,15.7,13.0,6.2,4.4
429,13087,15.7,13.0,6.2,4.4
430,13089,15.7,13.0,6.2,4.4
431,13091,15.7,13.0,6.2,4.4
432,13093,15.7,13.0,6.2,4.4
433,13095,15.7,13.0,6.2,4.4
434,13097,15.7,13.0,6.2,4.4
435,13099,15.7,13.0,6.2,4.4
436,13101,15.7,13.0,6.2,4.4
437,13103,15.7,13.0,6.2,4.4
438,13105,15.7,13.0,6.2,4.4
439,13107,15.7,13.0,6.2,4.4
440,13109,15.7,13.0,6.2,4.4
441,13111,15.7,13.0,6.2,4.4
442,13113,15.7,13.0,6.2,4.4
443,13115,15.7,13.0,6.2,4.4
444,13117,15.7,13.0,6.2,4.4
445,13119,15.7,13.0,6.2,4.4
446,13121,15.7,13.0,6.2,4.4
447,13123,15.7,13.0,6.2,4.4
448,13125,15.7,13.0,6.2,4.4
449,13127,15.7,13.0,6.2,4.4
450,13129,15.7,13.0,6.2,4.4
451,13131,15.7,13.0,6.2,4.4
452,13133,15.7,13.0,6.2,4.4
453,13135,15.7,13.0,6.2,4.4
454,13137,15.7,13.0,6.2,4.4
455,13139,15.7,13.0,6.2,4.4
456,13141,15.7,13.0,6.2,4.4
457,13143,15.7,13.0,6.2,4.4
458,13145,15.7,13.0,6.2,4.4
459,13147,15.7,13.0,6.2,4.4
460,13149,15.7,13.0,6.2,4.4
461,13151,15.7,13.0,6.2,4.4
462,13153,15.7,13.0,6.2,4.4
463,13155,15.7,13.0,6.2,4.4
464,13157,15.7,13.0,6.2,4.4
465,13159,15.7,13.0,6.2,4.4
466,13161,15.7,13.0,6.2,4.4
467,13163,15.7,13.0,6.2,4.4
468,13165,15.7,13.0,6.2,4.4
469,13167,15.7,13.0,6.2,4.4
470,13169,15.7,13.0,6.2,4.4
471,13171,15.7,13.0,6.2,4.4
472,13173,15.7,13.0,6.2,4.4
473,13175,15.7,13.0,6.2,4.4
474,13177,15.7,13.0,6.2,4.4
475,13179,15.7,13.0,6.2,4.4
476,13181,15.7,13.0,6.2,4.4
477,13183,15.7,13.0,6.2,4.4
478,13185,15.7,13.0,6.2,4.4
479,13187,15.7,13.0,6.2,4.4
480,13189,15.7,13.0,6.2,4.4
481,13191,15.7,13.0,6.2,4.4
482,13193,15.7,13.0,6.2,4.4
483,13195,15.7,13.0,6.2,4.4
484,13197,15.7,13.0,6.2,4.4
485,13199,15.7,13.0,6.2,4.4
486,13201,15.7,13.0,6.2,4.4
487,13205,15.7,13.0,6.2,4.4
488,13207,15.7,13.0,6.2,4.4
489,13209,15.7,13.0,6.2,4.4
490,13211,15.7,13.0,6.2,4.4
491,13213,15.7,13.0,6.2,4.4
492,13215,15.7,13.0,6.2,4.4
493,13217,15.7,13.0,6.2,4.4
494,13219,15.7,13.0,6.2,4.4
495,13221,15.7,13.0,6.2,4.4
496,13223,15.7,13.0,6.2,4.4
497,13225,15.7,13.0,6.2,4.4
498,13227,15.7,13.0,6.2,4.4
499,13229,15.7,13.0,6.2,4.4
500,13231,15.7,13.0,6.2,4.4
501,13233,15.7,13.0,6.2,4.4
502,13235,15.7,13.0,6.2,4.4
503,13237,15.7,13.0,6.2,4.4
504,13239,15.7,13.0,6.2,4.4
505,13241,15.7,13.0,6.2,4.4
506,13243,15.7,13.0,6.2,4.4
507,13245,15.7,13.0,6.2,4.4
508,13247,15.7,13.0,6.2,4.4
509,13249,15.7,13.0,6.2,4.4
510,13251,15.7,13.0,6.2,4.4
511,13253,15.7,13.0,6.2,4.4
512,13255,15.7,13.0,6.2,4.4
513,13257,15.7,13.0,6.2,4.4
514,13259,15.7,13.0,6.2,4.4
515,13261,15.7,13.0,6.2,4.4
516,13263,15.7,13.0,6.2,4.4
517,13265,15.7,13.0,6.2,4.4
518,13267,15.7,13.0,6.2,4.4
519,13269,15.7,13.0,6.2,4.4
520,13271,15.7,13.0,6.2,4.4
521,13273,15.7,13.0,6.2,4.4
522,13275,15.7,13.0,6.2,4.4
523,13277,15.7,13.0,6.2,4.4
524,13279,15.7,13.0,6.2,4.4
525,13281,15.7,13.0,6.2,4.4
526,13283,15.7,13.0,6.2,4.4
527,13285,15.7,13.0,6.2,4.4
528,13287,15.7,13.0,6.2,4.4
529,13289,15.7,13.0,6.2,4.4
530,13291,15.7,13.0,6.2,4.4
531,13293,15.7,13.0,6.2,4.4
532,13295,15.7,13.0,6.2,4.4
533,13297,15.7,13.0,6.2,4.4
534,13299,15.7,13.0,6.2,4.4
535,13301,15.7,13.0,6.2,4.4
536,13303,15.7,13.0,6.2,4.4
537,13305,15.7,13.0,6.2,4.4
538,13307,15.7,13.0,6.2,4.4
539,13309,15.7,13.0,6.2,4.4
540,13311,15.7,13.0,6.2,4.4
541,13313,15.7,13.0,6.2,4.4
542,13315,15.7,13.0,6.2,4.4
543,13317,15.7,13.0,6.2,4.4
544,13319,15.7,13.0,6.2,4.4
545,13321,15.7,13.0,6.2,4.4
546,15001,12.3,7.4,4.0,2.9
547,15003,12.3,7.4,4.0,2.9
548,15005,12.3,7.4,4.0,2.9
549,15007,12.3,7.4,4.0,2.9
550,15009,12.3,7.4,4.0,2.9
551,16001,11.4,10.5,4.6,4.3
552,16003,11.4,10.5,4.6,4.3
553,16005,11.4,10.5,4.6,4.3
554,16007,11.4,10.5,4.6,4.3
555,16009,11.4,10.5,4.6,4.3
556,16011,11.4,10.5,4.6,4.3
557,16013,11.4,10.5,4.6,4.3
558,16015,11.4,10.5,4.6,4.3
559,16017,11.4,10.5,4.6,4.3
560,16019,11.4,10.5,4.6,4.3
561,16021,11.4,10.5,4.6,4.3
562,16023,11.4,10.5,4.6,4.3
563,16025,11.4,10.5,4.6,4.3
564,16027,11.4,10.5,4.6,4.3
565,16029,11.4,10.5,4.6,4.3
566,16031,11.4,10.5,4.6,4.3
567,16033,11.4,10.5,4.6,4.3
568,16035,11.4,10.5,4.6,4.3
569,16037,11.4,10.5,4.6,4.3
570,16039,11.4,10.5,4.6,4.3
571,16041,11.4,10.5,4.6,4.3
572,16043,11.4,10.5,4.6,4.3
573,16045,11.4,10.5,4.6,4.3
574,16047,11.4,10.5,4.6,4.3
575,16049,11.4,10.5,4.6,4.3
576,16051,11.4,10.5,4.6,4.3
577,16053,11.4,10.5,4.6,4.3
578,16055,11.4,10.5,4.6,4.3
579,16057,11.4,10.5,4.6,4.3
580,16059,11.4,10.5,4.6,4.3
581,16061,11.4,10.5,4.6,4.3
582,16063,11.4,10.5,4.6,4.3
583,16065,11.4,10.5,4.6,4.3
584,16067,11.4,10.5,4.6,4.3
585,16069,11.4,10.5,4.6,4.3
586,16071,11.4,10.5,4.6,4.3
587,16073,11.4,10.5,4.6,4.3
588,16075,11.4,10.5,4.6,4.3
589,16077,11.4,10.5,4.6,4.3
590,16079,11.4,10.5,4.6,4.3
591,16081,11.4,10.5,4.6,4.3
592,16083,11.4,10.5,4.6,4.3
593,16085,11.4,10.5,4.6,4.3
594,16087,11.4,10.5,4.6,4.3
595,17001,14.1,11.0,5.3,4.0
596,17003,14.1,11.0,5.3,4.0
597,17005,14.1,11.0,5.3,4.0
598,17007,14.1,11.0,5.3,4.0
599,17009,14.1,11.0,5.3,4.0
600,17011,14.1,11.0,5.3,4.0
601,17013,14.1,11.0,5.3,4.0
602,17015,14.1,11.0,5.3,4.0
603,17017,14.1,11.0,5.3,4.0
604,17019,14.1,11.0,5.3,4.0
605,17021,14.1,11.0,5.3,4.0
606,17023,14.1,11.0,5.3,4.0
607,17025,14.1,11.0,5.3,4.0
608,17027,14.1,11.0,5.3,4.0
609,17029,14.1,11.0,5.3,4.0
610,17031,14.1,11.0,5.3,4.0
611,17033,14.1,11.0,5.3,4.0
612,17035,14.1,11.0,5.3,4.0
613,17037,14.1,11.0,5.3,4.0
614,17039,14.1,11.0,5.3,4.0
615,17041,14.1,11.0,5.3,4.0
616,17043,14.1,11.0,5.3,4.0
617,17045,14.1,11.0,5.3,4.0
618,17047,14.1,11.0,5.3,4.0
619,17049,14.1,11.0,5.3,4.0
620,17051,14.1,11.0,5.3,4.0
621,17053,14.1,11.0,5.3,4.0
622,17055,14.1,11.0,5.3,4.0
623,17057,14.1,11.0,5.3,4.0
624,17059,14.1,11.0,5.3,4.0
625,17061,14.1,11.0,5.3,4.0
626,17063,14.1,11.0,5.3,4.0
627,17065,14.1,11.0,5.3,4.0
628,17067,14.1,11.0,5.3,4.0
629,17069,14.1,11.0,5.3,4.0
630,17071,14.1,11.0,5.3,4.0
631,17073,14.1,11.0,5.3,4.0
632,17075,14.1,11.0,5.3,4.0
633,17077,14.1,11.0,5.3,4.0
634,17079,14.1,11.0,5.3,4.0
635,17081,14.1,11.0,5.3,4.0
636,17083,14.1,11.0,5.3,4.0
637,17085,14.1,11.0,5.3,4.0
638,17087,14.1,11.0,5.3,4.0
639,17089,14.1,11.0,5.3,4.0
640,17091,14.1,11.0,5.3,4.0
641,17093,14.1,11.0,5.3,4.0
642,17095,14.1,11.0,5.3,4.0
643,17097,14.1,11.0,5.3,4.0
644,17099,14.1,11.0,5.3,4.0
645,17101,14.1,11.0,5.3,4.0
646,17103,14.1,11.0,5.3,4.0
647,17105,14.1,11.0,5.3,4.0
648,17107,14.1,11.0,5.3,4.0
649,17109,14.1,11.0,5.3,4.0
650,17111,14.1,11.0,5.3,4.0
651,17113,14.1,11.0,5.3,4.0
652,17115,14.1,11.0,5.3,4.0
653,17117,14.1,11.0,5.3,4.0
654,17119,14.1,11.0,5.3,4.0
655,17121,14.1,11.0,5.3,4.0
656,17123,14.1,11.0,5.3,4.0
657,17125,14.1,11.0,5.3,4.0
658,17127,14.1,11.0,5.3,4.0
659,17129,14.1,11.0,5.3,4.0
660,17131,14.1,11.0,5.3,4.0
661,17133,14.1,11.0,5.3,4.0
662,17135,14.1,11.0,5.3,4.0
663,17137,14.1,11.0,5.3,4.0
664,17139,14.1,11.0,5.3,4.0
665,17141,14.1,11.0,5.3,4.0
666,17143,14.1,11.0,5.3,4.0
667,17145,14.1,11.0,5.3,4.0
668,17147,14.1,11.0,5.3,4.0
669,17149,14.1,11.0,5.3,4.0
670,17151,14.1,11.0,5.3,4.0
671,17153,14.1,11.0,5.3,4.0
672,17155,14.1,11.0,5.3,4.0
673,17157,14.1,11.0,5.3,4.0
674,17159,14.1,11.0,5.3,4.0
675,17161,14.1,11.0,5.3,4.0
676,17163,14.1,11.0,5.3,4.0
677,17165,14.1,11.0,5.3,4.0
678,17167,14.1,11.0,5.3,4.0
679,17169,14.1,11.0,5.3,4.0
680,17171,14.1,11.0,5.3,4.0
681,17173,14.1,11.0,5.3,4.0
682,17175,14.1,11.0,5.3,4.0
683,17177,14.1,11.0,5.3,4.0
684,17179,14.1,11.0,5.3,4.0
685,17181,14.1,11.0,5.3,4.0
686,17183,14.1,11.0,5.3,4.0
687,17185,14.1,11.0,5.3,4.0
688,17187,14.1,11.0,5.3,4.0
689,17189,14.1,11.0,5.3,4.0
690,17191,14.1,11.0,5.3,4.0
691,17193,14.1,11.0,5.3,4.0
692,17195,14.1,11.0,5.3,4.0
693,17197,14.1,11.0,5.3,4.0
694,17199,14.1,11.0,5.3,4.0
695,17201,14.1,11.0,5.3,4.0
696,17203,14.1,11.0,5.3,4.0
697,18001,11.7,11.2,4.4,4.7
698,18003,11.7,11.2,4.4,4.7
699,18005,11.7,11.2,4.4,4.7
700,18007,11.7,11.2,4.4,4.7
701,18009,11.7,11.2,4.4,4.7
702,18011,11.7,11.2,4.4,4.7
703,18013,11.7,11.2,4.4,4.7
704,18015,11.7,11.2,4.4,4.7
705,18017,11.7,11.2,4.4,4.7
706,18019,11.7,11.2,4.4,4.7
707,18021,11.7,11.2,4.4,4.7
708,18023,11.7,11.2,4.4,4.7
709,18025,11.7,11.2,4.4,4.7
710,18027,11.7,11.2,4.4,4.7
711,18029,11.7,11.2,4.4,4.7
712,18031,11.7,11.2,4.4,4.7
713,18033,11.7,11.2,4.4,4.7
714,18035,11.7,11.2,4.4,4.7
715,18037,11.7,11.2,4.4,4.7
716,18039,11.7,11.2,4.4,4.7
717,18041,11.7,11.2,4.4,4.7
718,18043,11.7,11.2,4.4,4.7
719,18045,11.7,11.2,4.4,4.7
720,18047,11.7,11.2,4.4,4.7
721,18049,11.7,11.2,4.4,4.7
722,18051,11.7,11.2,4.4,4.7
723,18053,11.7,11.2,4.4,4.7
724,18055,11.7,11.2,4.4,4.7
725,18057,11.7,11.2,4.4,4.7
726,18059,11.7,11.2,4.4,4.7
727,18061,11.7,11.2,4.4,4.7
728,18063,11.7,11.2,4.4,4.7
729,18065,11.7,11.2,4.4,4.7
730,18067,11.7,11.2,4.4,4.7
731,18069,11.7,11.2,4.4,4.7
732,18071,11.7,11.2,4.4,4.7
733,18073,11.7,11.2,4.4,4.7
734,18075,11.7,11.2,4.4,4.7
735,18077,11.7,11.2,4.4,4.7
736,18079,11.7,11.2,4.4,4.7
737,18081,11.7,11.2,4.4,4.7
738,18083,11.7,11.2,4.4,4.7
739,18085,11.7,11.2,4.4,4.7
740,18087,11.7,11.2,4.4,4.7
741,18089,11.7,11.2,4.4,4.7
742,18091,11.7,11.2,4.4,4.7
743,18093,11.7,11.2,4.4,4.7
744,18095,11.7,11.2,4.4,4.7
745,18097,11.7,11.2,4.4,4.7
746,18099,11.7,11.2,4.4,4.7
747,18101,11.7,11.2,4.4,4.7
748,18103,11.7,11.2,4.4,4.7
749,18105,11.7,11.2,4.4,4.7
750,18107,11.7,11.2,4.4,4.7
751,18109,11.7,11.2,4.4,4.7
752,18111,11.7,11.2,4.4,4.7
753,18113,11.7,11.2,4.4,4.7
754,18115,11.7,11.2,4.4,4.7
755,18117,11.7,11.2,4.4,4.7
756,18119,11.7,11.2,4.4,4.7
757,18121,11.7,11.2,4.4,4.7
758,18123,11.7,11.2,4.4,4.7
759,18125,11.7,11.2,4.4,4.7
760,18127,11.7,11.2,4.4,4.7
761,18129,11.7,11.2,4.4,4.7
762,18131,11.7,11.2,4.4,4.7
763,18133,11.7,11.2,4.4,4.7
764,18135,11.7,11.2,4.4,4.7
765,18137,11.7,11.2,4.4,4.7
766,18139,11.7,11.2,4.4,4.7
767,18141,11.7,11.2,4.4,4.7
768,18143,11.7,11.2,4.4,4.7
769,18145,11.7,11.2,4.4,4.7
770,18147,11.7,11.2,4.4,4.7
771,18149,11.7,11.2,4.4,4.7
772,18151,11.7,11.2,4.4,4.7
773,18153,11.7,11.2,4.4,4.7
774,18155,11.7,11.2,4.4,4.7
775,18157,11.7,11.2,4.4,4.7
776,18159,11.7,11.2,4.4,4.7
777,18161,11.7,11.2,4.4,4.7
778,18163,11.7,11.2,4.4,4.7
779,18165,11.7,11.2,4.4,4.7
780,18167,11.7,11.2,4.4,4.7
781,18169,11.7,11.2,4.4,4.7
782,18171,11.7,11.2,4.4,4.7
783,18173,11.7,11.2,4.4,4.7
784,18175,11.7,11.2,4.4,4.7
785,18177,11.7,11.2,4.4,4.7
786,18179,11.7,11.2,4.4,4.7
787,18181,11.7,11.2,4.4,4.7
788,18183,11.7,11.2,4.4,4.7
789,19001,14.6,13.6,6.4,5.7
790,19003,14.6,13.6,6.4,5.7
791,19005,14.6,13.6,6.4,5.7
792,19007,14.6,13.6,6.4,5.7
793,19009,14.6,13.6,6.4,5.7
794,19011,14.6,13.6,6.4,5.7
795,19013,14.6,13.6,6.4,5.7
796,19015,14.6,13.6,6.4,5.7
797,19017,14.6,13.6,6.4,5.7
798,19019,14.6,13.6,6.4,5.7
799,19021,14.6,13.6,6.4,5.7
800,19023,14.6,13.6,6.4,5.7
801,19025,14.6,13.6,6.4,5.7
802,19027,14.6,13.6,6.4,5.7
803,19029,14.6,13.6,6.4,5.7
804,19031,14.6,13.6,6.4,5.7
805,19033,14.6,13.6,6.4,5.7
806,19035,14.6,13.6,6.4,5.7
807,19037,14.6,13.6,6.4,5.7
808,19039,14.6,13.6,6.4,5.7
809,19041,14.6,13.6,6.4,5.7
810,19043,14.6,13.6,6.4,5.7
811,19045,14.6,13.6,6.4,5.7
812,19047,14.6,13.6,6.4,5.7
813,19049,14.6,13.6,6.4,5.7
814,19051,14.6,13.6,6.4,5.7
815,19053,14.6,13.6,6.4,5.7
816,19055,14.6,13.6,6.4,5.7
817,19057,14.6,13.6,6.4,5.7
818,19059,14.6,13.6,6.4,5.7
819,19061,14.6,13.6,6.4,5.7
820,19063,14.6,13.6,6.4,5.7
821,19065,14.6,13.6,6.4,5.7
822,19067,14.6,13.6,6.4,5.7
823,19069,14.6,13.6,6.4,5.7
824,19071,14.6,13.6,6.4,5.7
825,19073,14.6,13.6,6.4,5.7
826,19075,14.6,13.6,6.4,5.7
827,19077,14.6,13.6,6.4,5.7
828,19079,14.6,13.6,6.4,5.7
829,19081,14.6,13.6,6.4,5.7
830,19083,14.6,13.6,6.4,5.7
831,19085,14.6,13.6,6.4,5.7
832,19087,14.6,13.6,6.4,5.7
833,19089,14.6,13.6,6.4,5.7
834,19091,14.6,13.6,6.4,5.7
835,19093,14.6,13.6,6.4,5.7
836,19095,14.6,13.6,6.4,5.7
837,19097,14.6,13.6,6.4,5.7
838,19099,14.6,13.6,6.4,5.7
839,19101,14.6,13.6,6.4,5.7
840,19103,14.6,13.6,6.4,5.7
841,19105,14.6,13.6,6.4,5.7
842,19107,14.6,13.6,6.4,5.7
843,19109,14.6,13.6,6.4,5.7
844,19111,14.6,13.6,6.4,5.7
845,19113,14.6,13.6,6.4,5.7
846,19115,14.6,13.6,6.4,5.7
847,19117,14.6,13.6,6.4,5.7
848,19119,14.6,13.6,6.4,5.7
849,19121,14.6,13.6,6.4,5.7
850,19123,14.6,13.6,6.4,5.7
851,19125,14.6,13.6,6.4,5.7
852,19127,14.6,13.6,6.4,5.7
853,19129,14.6,13.6,6.4,5.7
854,19131,14.6,13.6,6.4,5.7
855,19133,14.6,13.6,6.4,5.7
856,19135,14.6,13.6,6.4,5.7
857,19137,14.6,13.6,6.4,5.7
858,19139,14.6,13.6,6.4,5.7
859,19141,14.6,13.6,6.4,5.7
860,19143,14.6,13.6,6.4,5.7
861,19145,14.6,13.6,6.4,5.7
862,19147,14.6,13.6,6.4,5.7
863,19149,14.6,13.6,6.4,5.7
864,19151,14.6,13.6,6.4,5.7
865,19153,14.6,13.6,6.4,5.7
866,19155,14.6,13.6,6.4,5.7
867,19157,14.6,13.6,6.4,5.7
868,19159,14.6,13.6,6.4,5.7
869,19161,14.6,13.6,6.4,5.7
870,19163,14.6,13.6,6.4,5.7
871,19165,14.6,13.6,6.4,5.7
872,19167,14.6,13.6,6.4,5.7
873,19169,14.6,13.6,6.4,5.7
874,19171,14.6,13.6,6.4,5.7
875,19173,14.6,13.6,6.4,5.7
876,19175,14.6,13.6,6.4,5.7
877,19177,14.6,13.6,6.4,5.7
878,19179,14.6,13.6,6.4,5.7
879,19181,14.6,13.6,6.4,5.7
880,19183,14.6,13.6,6.4,5.7
881,19185,14.6,13.6,6.4,5.7
882,19187,14.6,13.6,6.4,5.7
883,19189,14.6,13.6,6.4,5.7
884,19191,14.6,13.6,6.4,5.7
885,19193,14.6,13.6,6.4,5.7
886,19195,14.6,13.6,6.4,5.7
887,19197,14.6,13.6,6.4,5.7
888,20001,15.9,13.3,6.4,5.6
889,20003,15.9,13.3,6.4,5.6
890,20005,15.9,13.3,6.4,5.6
891,20007,15.9,13.3,6.4,5.6
892,20009,15.9,13.3,6.4,5.6
893,20011,15.9,13.3,6.4,5.6
894,20013,15.9,13.3,6.4,5.6
895,20015,15.9,13.3,6.4,5.6
896,20017,15.9,13.3,6.4,5.6
897,20019,15.9,13.3,6.4,5.6
898,20021,15.9,13.3,6.4,5.6
899,20023,15.9,13.3,6.4,5.6
900,20025,15.9,13.3,6.4,5.6
901,20027,15.9,13.3,6.4,5.6
902,20029,15.9,13.3,6.4,5.6
903,20031,15.9,13.3,6.4,5.6
904,20033,15.9,13.3,6.4,5.6
905,20035,15.9,13.3,6.4,5.6
906,20037,15.9,13.3,6.4,5.6
907,20039,15.9,13.3,6.4,5.6
908,20041,15.9,13.3,6.4,5.6
909,20043,15.9,13.3,6.4,5.6
910,20045,15.9,13.3,6.4,5.6
911,20047,15.9,13.3,6.4,5.6
912,20049,15.9,13.3,6.4,5.6
913,20051,15.9,13.3,6.4,5.6
914,20053,15.9,13.3,6.4,5.6
915,20055,15.9,13.3,6.4,5.6
916,20057,15.9,13.3,6.4,5.6
917,20059,15.9,13.3,6.4,5.6
918,20061,15.9,13.3,6.4,5.6
919,20063,15.9,13.3,6.4,5.6
920,20065,15.9,13.3,6.4,5.6
921,20067,15.9,13.3,6.4,5.6
922,20069,15.9,13.3,6.4,5.6
923,20071,15.9,13.3,6.4,5.6
924,20073,15.9,13.3,6.4,5.6
925,20075,15.9,13.3,6.4,5.6
926,20077,15.9,13.3,6.4,5.6
927,20079,15.9,13.3,6.4,5.6
928,20081,15.9,13.3,6.4,5.6
929,20083,15.9,13.3,6.4,5.6
930,20085,15.9,13.3,6.4,5.6
931,20087,15.9,13.3,6.4,5.6
932,20089,15.9,13.3,6.4,5.6
933,20091,15.9,13.3,6.4,5.6
934,20093,15.9,13.3,6.4,5.6
935,20095,15.9,13.3,6.4,5.6
936,20097,15.9,13.3,6.4,5.6
937,20099,15.9,13.3,6.4,5.6
938,20101,15.9,13.3,6.4,5.6
939,20103,15.9,13.3,6.4,5.6
940,20105,15.9,13.3,6.4,5.6
941,20107,15.9,13.3,6.4,5.6
942,20109,15.9,13.3,6.4,5.6
943,20111,15.9,13.3,6.4,5.6
944,20113,15.9,13.3,6.4,5.6
945,20115,15.9,13.3,6.4,5.6
946,20117,15.9,13.3,6.4,5.6
947,20119,15.9,13.3,6.4,5.6
948,20121,15.9,13.3,6.4,5.6
949,20123,15.9,13.3,6.4,5.6
950,20125,15.9,13.3,6.4,5.6
951,20127,15.9,13.3,6.4,5.6
952,20129,15.9,13.3,6.4,5.6
953,20131,15.9,13.3,6.4,5.6
954,20133,15.9,13.3,6.4,5.6
955,20135,15.9,13.3,6.4,5.6
956,20137,15.9,13.3,6.4,5.6
957,20139,15.9,13.3,6.4,5.6
958,20141,15.9,13.3,6.4,5.6
959,20143,15.9,13.3,6.4,5.6
960,20145,15.9,13.3,6.4,5.6
961,20147,15.9,13.3,6.4,5.6
962,20149,15.9,13.3,6.4,5.6
963,20151,15.9,13.3,6.4,5.6
964,20153,15.9,13.3,6.4,5.6
965,20155,15.9,13.3,6.4,5.6
966,20157,15.9,13.3,6.4,5.6
967,20159,15.9,13.3,6.4,5.6
968,20161,15.9,13.3,6.4,5.6
969,20163,15.9,13.3,6.4,5.6
970,20165,15.9,13.3,6.4,5.6
971,20167,15.9,13.3,6.4,5.6
972,20169,15.9,13.3,6.4,5.6
973,20171,15.9,13.3,6.4,5.6
974,20173,15.9,13.3,6.4,5.6
975,20175,15.9,13.3,6.4,5.6
976,20177,15.9,13.3,6.4,5.6
977,20179,15.9,13.3,6.4,5.6
978,20181,15.9,13.3,6.4,5.6
979,20183,15.9,13.3,6.4,5.6
980,20185,15.9,13.3,6.4,5.6
981,20187,15.9,13.3,6.4,5.6
982,20189,15.9,13.3,6.4,5.6
983,20191,15.9,13.3,6.4,5.6
984,20193,15.9,13.3,6.4,5.6
985,20195,15.9,13.3,6.4,5.6
986,20197,15.9,13.3,6.4,5.6
987,20199,15.9,13.3,6.4,5.6
988,20201,15.9,13.3,6.4,5.6
989,20203,15.9,13.3,6.4,5.6
990,20205,15.9,13.3,6.4,5.6
991,20207,15.9,13.3,6.4,5.6
992,20209,15.9,13.3,6.4,5.6
993,21001,17.5,14.7,7.0,6.1
994,21003,17.5,14.7,7.0,6.1
995,21005,17.5,14.7,7.0,6.1
996,21007,17.5,14.7,7.0,6.1
997,21009,17.5,14.7,7.0,6.1
998,21011,17.5,14.7,7.0,6.1
999,21013,17.5,14.7,7.0,6.1
1000,21015,17.5,14.7,7.0,6.1
1001,21017,17.5,14.7,7.0,6.1
1002,21019,17.5,14.7,7.0,6.1
1003,21021,17.5,14.7,7.0,6.1
1004,21023,17.5,14.7,7.0,6.1
1005,21025,17.5,14.7,7.0,6.1
1006,21027,17.5,14.7,7.0,6.1
1007,21029,17.5,14.7,7.0,6.1
1008,21031,17.5,14.7,7.0,6.1
1009,21033,17.5,14.7,7.0,6.1
1010,21035,17.5,14.7,7.0,6.1
1011,21037,17.5,14.7,7.0,6.1
1012,21039,17.5,14.7,7.0,6.1
1013,21041,17.5,14.7,7.0,6.1
1014,21043,17.5,14.7,7.0,6.1
1015,21045,17.5,14.7,7.0,6.1
1016,21047,17.5,14.7,7.0,6.1
1017,21049,17.5,14.7,7.0,6.1
1018,21051,17.5,14.7,7.0,6.1
1019,21053,17.5,14.7,7.0,6.1
1020,21055,17.5,14.7,7.0,6.1
1021,21057,17.5,14.7,7.0,6.1
1022,21059,17.5,14.7,7.0,6.1
1023,21061,17.5,14.7,7.0,6.1
1024,21063,17.5,14.7,7.0,6.1
1025,21065,17.5,14.7,7.0,6.1
1026,21067,17.5,14.7,7.0,6.1
1027,21069,17.5,14.7,7.0,6.1
1028,21071,17.5,14.7,7.0,6.1
1029,21073,17.5,14.7,7.0,6.1
1030,21075,17.5,14.7,7.0,6.1
1031,21077,17.5,14.7,7.0,6.1
1032,21079,17.5,14.7,7.0,6.1
1033,21081,17.5,14.7,7.0,6.1
1034,21083,17.5,14.7,7.0,6.1
1035,21085,17.5,14.7,7.0,6.1
1036,21087,17.5,14.7,7.0,6.1
1037,21089,17.5,14.7,7.0,6.1
1038,21091,17.5,14.7,7.0,6.1
1039,21093,17.5,14.7,7.0,6.1
1040,21095,17.5,14.7,7.0,6.1
1041,21097,17.5,14.7,7.0,6.1
1042,21099,17.5,14.7,7.0,6.1
1043,21101,17.5,14.7,7.0,6.1
1044,21103,17.5,14.7,7.0,6.1
1045,21105,17.5,14.7,7.0,6.1
1046,21107,17.5,14.7,7.0,6.1
1047,21109,17.5,14.7,7.0,6.1
1048,21111,17.5,14.7,7.0,6.1
1049,21113,17.5,14.7,7.0,6.1
1050,21115,17.5,14.7,7.0,6.1
1051,21117,17.5,14.7,7.0,6.1
1052,21119,17.5,14.7,7.0,6.1
1053,21121,17.5,14.7,7.0,6.1
1054,21123,17.5,14.7,7.0,6.1
1055,21125,17.5,14.7,7.0,6.1
1056,21127,17.5,14.7,7.0,6.1
1057,21129,17.5,14.7,7.0,6.1
1058,21131,17.5,14.7,7.0,6.1
1059,21133,17.5,14.7,7.0,6.1
1060,21135,17.5,14.7,7.0,6.1
1061,21137,17.5,14.7,7.0,6.1
1062,21139,17.5,14.7,7.0,6.1
1063,21141,17.5,14.7,7.0,6.1
1064,21143,17.5,14.7,7.0,6.1
1065,21145,17.5,14.7,7.0,6.1
1066,21147,17.5,14.7,7.0,6.1
1067,21149,17.5,14.7,7.0,6.1
1068,21151,17.5,14.7,7.0,6.1
1069,21153,17.5,14.7,7.0,6.1
1070,21155,17.5,14.7,7.0,6.1
1071,21157,17.5,14.7,7.0,6.1
1072,21159,17.5,14.7,7.0,6.1
1073,21161,17.5,14.7,7.0,6.1
1074,21163,17.5,14.7,7.0,6.1
1075,21165,17.5,14.7,7.0,6.1
1076,21167,17.5,14.7,7.0,6.1
1077,21169,17.5,14.7,7.0,6.1
1078,21171,17.5,14.7,7.0,6.1
1079,21173,17.5,14.7,7.0,6.1
1080,21175,17.5,14.7,7.0,6.1
1081,21177,17.5,14.7,7.0,6.1
1082,21179,17.5,14.7,7.0,6.1
1083,21181,17.5,14.7,7.0,6.1
1084,21183,17.5,14.7,7.0,6.1
1085,21185,17.5,14.7,7.0,6.1
1086,21187,17.5,14.7,7.0,6.1
1087,21189,17.5,14.7,7.0,6.1
1088,21191,17.5,14.7,7.0,6.1
1089,21193,17.5,14.7,7.0,6.1
1090,21195,17.5,14.7,7.0,6.1
1091,21197,17.5,14.7,7.0,6.1
1092,21199,17.5,14.7,7.0,6.1
1093,21201,17.5,14.7,7.0,6.1
1094,21203,17.5,14.7,7.0,6.1
1095,21205,17.5,14.7,7.0,6.1
1096,21207,17.5,14.7,7.0,6.1
1097,21209,17.5,14.7,7.0,6.1
1098,21211,17.5,14.7,7.0,6.1
1099,21213,17.5,14.7,7.0,6.1
1100,21215,17.5,14.7,7.0,6.1
1101,21217,17.5,14.7,7.0,6.1
1102,21219,17.5,14.7,7.0,6.1
1103,21221,17.5,14.7,7.0,6.1
1104,21223,17.5,14.7,7.0,6.1
1105,21225,17.5,14.7,7.0,6.1
1106,21227,17.5,14.7,7.0,6.1
1107,21229,17.5,14.7,7.0,6.1
1108,21231,17.5,14.7,7.0,6.1
1109,21233,17.5,14.7,7.0,6.1
1110,21235,17.5,14.7,7.0,6.1
1111,21237,17.5,14.7,7.0,6.1
1112,21239,17.5,14.7,7.0,6.1
1113,22001,17.6,17.3,7.1,7.1
1114,22003,17.6,17.3,7.1,7.1
1115,22005,17.6,17.3,7.1,7.1
1116,22007,17.6,17.3,7.1,7.1
1117,22009,17.6,17.3,7.1,7.1
1118,22011,17.6,17.3,7.1,7.1
1119,22013,17.6,17.3,7.1,7.1
1120,22015,17.6,17.3,7.1,7.1
1121,22017,17.6,17.3,7.1,7.1
1122,22019,17.6,17.3,7.1,7.1
1123,22021,17.6,17.3,7.1,7.1
1124,22023,17.6,17.3,7.1,7.1
1125,22025,17.6,17.3,7.1,7.1
1126,22027,17.6,17.3,7.1,7.1
1127,22029,17.6,17.3,7.1,7.1
1128,22031,17.6,17.3,7.1,7.1
1129,22033,17.6,17.3,7.1,7.1
1130,22035,17.6,17.3,7.1,7.1
1131,22037,17.6,17.3,7.1,7.1
1132,22039,17.6,17.3,7.1,7.1
1133,22041,17.6,17.3,7.1,7.1
1134,22043,17.6,17.3,7.1,7.1
1135,22045,17.6,17.3,7.1,7.1
1136,22047,17.6,17.3,7.1,7.1
1137,22049,17.6,17.3,7.1,7.1
1138,22051,17.6,17.3,7.1,7.1
1139,22053,17.6,17.3,7.1,7.1
1140,22055,17.6,17.3,7.1,7.1
1141,22057,17.6,17.3,7.1,7.1
1142,22059,17.6,17.3,7.1,7.1
1143,22061,17.6,17.3,7.1,7.1
1144,22063,17.6,17.3,7.1,7.1
1145,22065,17.6,17.3,7.1,7.1
1146,22067,17.6,17.3,7.1,7.1
1147,22069,17.6,17.3,7.1,7.1
1148,22071,17.6,17.3,7.1,7.1
1149,22073,17.6,17.3,7.1,7.1
1150,22075,17.6,17.3,7.1,7.1
1151,22077,17.6,17.3,7.1,7.1
1152,22079,17.6,17.3,7.1,7.1
1153,22081,17.6,17.3,7.1,7.1
1154,22083,17.6,17.3,7.1,7.1
1155,22085,17.6,17.3,7.1,7.1
1156,22087,17.6,17.3,7.1,7.1
1157,22089,17.6,17.3,7.1,7.1
1158,22091,17.6,17.3,7.1,7.1
1159,22093,17.6,17.3,7.1,7.1
1160,22095,17.6,17.3,7.1,7.1
1161,22097,17.6,17.3,7.1,7.1
1162,22099,17.6,17.3,7.1,7.1
1163,22101,17.6,17.3,7.1,7.1
1164,22103,17.6,17.3,7.1,7.1
1165,22105,17.6,17.3,7.1,7.1
1166,22107,17.6,17.3,7.1,7.1
1167,22109,17.6,17.3,7.1,7.1
1168,22111,17.6,17.3,7.1,7.1
1169,22113,17.6,17.3,7.1,7.1
1170,22115,17.6,17.3,7.1,7.1
1171,22117,17.6,17.3,7.1,7.1
1172,22119,17.6,17.3,7.1,7.1
1173,22121,17.6,17.3,7.1,7.1
1174,22123,17.6,17.3,7.1,7.1
1175,22125,17.6,17.3,7.1,7.1
1176,22127,17.6,17.3,7.1,7.1
1177,23001,9.6,10.2,4.1,3.8
1178,23003,9.6,10.2,4.1,3.8
1179,23005,9.6,10.2,4.1,3.8
1180,23007,9.6,10.2,4.1,3.8
1181,23009,9.6,10.2,4.1,3.8
1182,23011,9.6,10.2,4.1,3.8
1183,23013,9.6,10.2,4.1,3.8
1184,23015,9.6,10.2,4.1,3.8
1185,23017,9.6,10.2,4.1,3.8
1186,23019,9.6,10.2,4.1,3.8
1187,23021,9.6,10.2,4.1,3.8
1188,23023,9.6,10.2,4.1,3.8
1189,23025,9.6,10.2,4.1,3.8
1190,23027,9.6,10.2,4.1,3.8
1191,23029,9.6,10.2,4.1,3.8
1192,23031,9.6,10.2,4.1,3.8
1193,24001,12.5,10.4,4.8,4.3
1194,24003,12.5,10.4,4.8,4.3
1195,24005,12.5,10.4,4.8,4.3
1196,24009,12.5,10.4,4.8,4.3
1197,24011,12.5,10.4,4.8,4.3
1198,24013,12.5,10.4,4.8,4.3
1199,24015,12.5,10.4,4.8,4.3
1200,24017,12.5,10.4,4.8,4.3
1201,24019,12.5,10.4,4.8,4.3
1202,24021,12.5,10.4,4.8,4.3
1203,24023,12.5,10.4,4.8,4.3
1204,24025,12.5,10.4,4.8,4.3
1205,24027,12.5,10.4,4.8,4.3
1206,24029,12.5,10.4,4.8,4.3
1207,24031,12.5,10.4,4.8,4.3
1208,24033,12.5,10.4,4.8,4.3
1209,24035,12.5,10.4,4.8,4.3
1210,24037,12.5,10.4,4.8,4.3
1211,24039,12.5,10.4,4.8,4.3
1212,24041,12.5,10.4,4.8,4.3
1213,24043,12.5,10.4,4.8,4.3
1214,24045,12.5,10.4,4.8,4.3
1215,24047,12.5,10.4,4.8,4.3
1216,24510,12.5,10.4,4.8,4.3
1217,25001,16.2,14.4,7.5,6.4
1218,25003,16.2,14.4,7.5,6.4
1219,25005,16.2,14.4,7.5,6.4
1220,25007,16.2,14.4,7.5,6.4
1221,25009,16.2,14.4,7.5,6.4
1222,25011,16.2,14.4,7.5,6.4
1223,25013,16.2,14.4,7.5,6.4
1224,25015,16.2,14.4,7.5,6.4
1225,25017,16.2,14.4,7.5,6.4
1226,25019,16.2,14.4,7.5,6.4
1227,25021,16.2,14.4,7.5,6.4
1228,25023,16.2,14.4,7.5,6.4
1229,25025,16.2,14.4,7.5,6.4
1230,25027,16.2,14.4,7.5,6.4
1231,26001,14.7,13.6,6.3,6.0
1232,26003,14.7,13.6,6.3,6.0
1233,26005,14.7,13.6,6.3,6.0
1234,26007,14.7,13.6,6.3,6.0
1235,26009,14.7,13.6,6.3,6.0
1236,26011,14.7,13.6,6.3,6.0
1237,26013,14.7,13.6,6.3,6.0
1238,26015,14.7,13.6,6.3,6.0
1239,26017,14.7,13.6,6.3,6.0
1240,26019,14.7,13.6,6.3,6.0
1241,26021,14.7,13.6,6.3,6.0
1242,26023,14.7,13.6,6.3,6.0
1243,26025,14.7,13.6,6.3,6.0
1244,26027,14.7,13.6,6.3,6.0
1245,26029,14.7,13.6,6.3,6.0
1246,26031,14.7,13.6,6.3,6.0
1247,26033,14.7,13.6,6.3,6.0
1248,26035,14.7,13.6,6.3,6.0
1249,26037,14.7,13.6,6.3,6.0
1250,26039,14.7,13.6,6.3,6.0
1251,26041,14.7,13.6,6.3,6.0
1252,26043,14.7,13.6,6.3,6.0
1253,26045,14.7,13.6,6.3,6.0
1254,26047,14.7,13.6,6.3,6.0
1255,26049,14.7,13.6,6.3,6.0
1256,26051,14.7,13.6,6.3,6.0
1257,26053,14.7,13.6,6.3,6.0
1258,26055,14.7,13.6,6.3,6.0
1259,26057,14.7,13.6,6.3,6.0
1260,26059,14.7,13.6,6.3,6.0
1261,26061,14.7,13.6,6.3,6.0
1262,26063,14.7,13.6,6.3,6.0
1263,26065,14.7,13.6,6.3,6.0
1264,26067,14.7,13.6,6.3,6.0
1265,26069,14.7,13.6,6.3,6.0
1266,26071,14.7,13.6,6.3,6.0
1267,26073,14.7,13.6,6.3,6.0
1268,26075,14.7,13.6,6.3,6.0
1269,26077,14.7,13.6,6.3,6.0
1270,26079,14.7,13.6,6.3,6.0
1271,26081,14.7,13.6,6.3,6.0
1272,26083,14.7,13.6,6.3,6.0
1273,26085,14.7,13.6,6.3,6.0
1274,26087,14.7,13.6,6.3,6.0
1275,26089,14.7,13.6,6.3,6.0
1276,26091,14.7,13.6,6.3,6.0
1277,26093,14.7,13.6,6.3,6.0
1278,26095,14.7,13.6,6.3,6.0
1279,26097,14.7,13.6,6.3,6.0
1280,26099,14.7,13.6,6.3,6.0
1281,26101,14.7,13.6,6.3,6.0
1282,26103,14.7,13.6,6.3,6.0
1283,26105,14.7,13.6,6.3,6.0
1284,26107,14.7,13.6,6.3,6.0
1285,26109,14.7,13.6,6.3,6.0
1286,26111,14.7,13.6,6.3,6.0
1287,26113,14.7,13.6,6.3,6.0
1288,26115,14.7,13.6,6.3,6.0
1289,26117,14.7,13.6,6.3,6.0
1290,26119,14.7,13.6,6.3,6.0
1291,26121,14.7,13.6,6.3,6.0
1292,26123,14.7,13.6,6.3,6.0
1293,26125,14.7,13.6,6.3,6.0
1294,26127,14.7,13.6,6.3,6.0
1295,26129,14.7,13.6,6.3,6.0
1296,26131,14.7,13.6,6.3,6.0
1297,26133,14.7,13.6,6.3,6.0
1298,26135,14.7,13.6,6.3,6.0
1299,26137,14.7,13.6,6.3,6.0
1300,26139,14.7,13.6,6.3,6.0
1301,26141,14.7,13.6,6.3,6.0
1302,26143,14.7,13.6,6.3,6.0
1303,26145,14.7,13.6,6.3,6.0
1304,26147,14.7,13.6,6.3,6.0
1305,26149,14.7,13.6,6.3,6.0
1306,26151,14.7,13.6,6.3,6.0
1307,26153,14.7,13.6,6.3,6.0
1308,26155,14.7,13.6,6.3,6.0
1309,26157,14.7,13.6,6.3,6.0
1310,26159,14.7,13.6,6.3,6.0
1311,26161,14.7,13.6,6.3,6.0
1312,26163,14.7,13.6,6.3,6.0
1313,26165,14.7,13.6,6.3,6.0
1314,27001,10.4,9.5,4.2,3.7
1315,27003,10.4,9.5,4.2,3.7
1316,27005,10.4,9.5,4.2,3.7
1317,27007,10.4,9.5,4.2,3.7
1318,27009,10.4,9.5,4.2,3.7
1319,27011,10.4,9.5,4.2,3.7
1320,27013,10.4,9.5,4.2,3.7
1321,27015,10.4,9.5,4.2,3.7
1322,27017,10.4,9.5,4.2,3.7
1323,27019,10.4,9.5,4.2,3.7
1324,27021,10.4,9.5,4.2,3.7
1325,27023,10.4,9.5,4.2,3.7
1326,27025,10.4,9.5,4.2,3.7
1327,27027,10.4,9.5,4.2,3.7
1328,27029,10.4,9.5,4.2,3.7
1329,27031,10.4,9.5,4.2,3.7
1330,27033,10.4,9.5,4.2,3.7
1331,27035,10.4,9.5,4.2,3.7
1332,27037,10.4,9.5,4.2,3.7
1333,27039,10.4,9.5,4.2,3.7
1334,27041,10.4,9.5,4.2,3.7
1335,27043,10.4,9.5,4.2,3.7
1336,27045,10.4,9.5,4.2,3.7
1337,27047,10.4,9.5,4.2,3.7
1338,27049,10.4,9.5,4.2,3.7
1339,27051,10.4,9.5,4.2,3.7
1340,27053,10.4,9.5,4.2,3.7
1341,27055,10.4,9.5,4.2,3.7
1342,27057,10.4,9.5,4.2,3.7
1343,27059,10.4,9.5,4.2,3.7
1344,27061,10.4,9.5,4.2,3.7
1345,27063,10.4,9.5,4.2,3.7
1346,27065,10.4,9.5,4.2,3.7
1347,27067,10.4,9.5,4.2,3.7
1348,27069,10.4,9.5,4.2,3.7
1349,27071,10.4,9.5,4.2,3.7
1350,27073,10.4,9.5,4.2,3.7
1351,27075,10.4,9.5,4.2,3.7
1352,27077,10.4,9.5,4.2,3.7
1353,27079,10.4,9.5,4.2,3.7
1354,27081,10.4,9.5,4.2,3.7
1355,27083,10.4,9.5,4.2,3.7
1356,27085,10.4,9.5,4.2,3.7
1357,27087,10.4,9.5,4.2,3.7
1358,27089,10.4,9.5,4.2,3.7
1359,27091,10.4,9.5,4.2,3.7
1360,27093,10.4,9.5,4.2,3.7
1361,27095,10.4,9.5,4.2,3.7
1362,27097,10.4,9.5,4.2,3.7
1363,27099,10.4,9.5,4.2,3.7
1364,27101,10.4,9.5,4.2,3.7
1365,27103,10.4,9.5,4.2,3.7
1366,27105,10.4,9.5,4.2,3.7
1367,27107,10.4,9.5,4.2,3.7
1368,27109,10.4,9.5,4.2,3.7
1369,27111,10.4,9.5,4.2,3.7
1370,27113,10.4,9.5,4.2,3.7
1371,27115,10.4,9.5,4.2,3.7
1372,27117,10.4,9.5,4.2,3.7
1373,27119,10.4,9.5,4.2,3.7
1374,27121,10.4,9.5,4.2,3.7
1375,27123,10.4,9.5,4.2,3.7
1376,27125,10.4,9.5,4.2,3.7
1377,27127,10.4,9.5,4.2,3.7
1378,27129,10.4,9.5,4.2,3.7
1379,27131,10.4,9.5,4.2,3.7
1380,27133,10.4,9.5,4.2,3.7
1381,27135,10.4,9.5,4.2,3.7
1382,27137,10.4,9.5,4.2,3.7
1383,27139,10.4,9.5,4.2,3.7
1384,27141,10.4,9.5,4.2,3.7
1385,27143,10.4,9.5,4.2,3.7
1386,27145,10.4,9.5,4.2,3.7
1387,27147,10.4,9.5,4.2,3.7
1388,27149,10.4,9.5,4.2,3.7
1389,27151,10.4,9.5,4.2,3.7
1390,27153,10.4,9.5,4.2,3.7
1391,27155,10.4,9.5,4.2,3.7
1392,27157,10.4,9.5,4.2,3.7
1393,27159,10.4,9.5,4.2,3.7
1394,27161,10.4,9.5,4.2,3.7
1395,27163,10.4,9.5,4.2,3.7
1396,27165,10.4,9.5,4.2,3.7
1397,27167,10.4,9.5,4.2,3.7
1398,27169,10.4,9.5,4.2,3.7
1399,27171,10.4,9.5,4.2,3.7
1400,27173,10.4,9.5,4.2,3.7
1401,28001,16.8,12.8,7.9,4.8
1402,28003,16.8,12.8,7.9,4.8
1403,28005,16.8,12.8,7.9,4.8
1404,28007,16.8,12.8,7.9,4.8
1405,28009,16.8,12.8,7.9,4.8
1406,28011,16.8,12.8,7.9,4.8
1407,28013,16.8,12.8,7.9,4.8
1408,28015,16.8,12.8,7.9,4.8
1409,28017,16.8,12.8,7.9,4.8
1410,28019,16.8,12.8,7.9,4.8
1411,28021,16.8,12.8,7.9,4.8
1412,28023,16.8,12.8,7.9,4.8
1413,28025,16.8,12.8,7.9,4.8
1414,28027,16.8,12.8,7.9,4.8
1415,28029,16.8,12.8,7.9,4.8
1416,28031,16.8,12.8,7.9,4.8
1417,28033,16.8,12.8,7.9,4.8
1418,28035,16.8,12.8,7.9,4.8
1419,28037,16.8,12.8,7.9,4.8
1420,28039,16.8,12.8,7.9,4.8
1421,28041,16.8,12.8,7.9,4.8
1422,28043,16.8,12.8,7.9,4.8
1423,28045,16.8,12.8,7.9,4.8
1424,28047,16.8,12.8,7.9,4.8
1425,28049,16.8,12.8,7.9,4.8
1426,28051,16.8,12.8,7.9,4.8
1427,28053,16.8,12.8,7.9,4.8
1428,28055,16.8,12.8,7.9,4.8
1429,28057,16.8,12.8,7.9,4.8
1430,28059,16.8,12.8,7.9,4.8
1431,28061,16.8,12.8,7.9,4.8
1432,28063,16.8,12.8,7.9,4.8
1433,28065,16.8,12.8,7.9,4.8
1434,28067,16.8,12.8,7.9,4.8
1435,28069,16.8,12.8,7.9,4.8
1436,28071,16.8,12.8,7.9,4.8
1437,28073,16.8,12.8,7.9,4.8
1438,28075,16.8,12.8,7.9,4.8
1439,28077,16.8,12.8,7.9,4.8
1440,28079,16.8,12.8,7.9,4.8
1441,28081,16.8,12.8,7.9,4.8
1442,28083,16.8,12.8,7.9,4.8
1443,28085,16.8,12.8,7.9,4.8
1444,28087,16.8,12.8,7.9,4.8
1445,28089,16.8,12.8,7.9,4.8
1446,28091,16.8,12.8,7.9,4.8
1447,28093,16.8,12.8,7.9,4.8
1448,28095,16.8,12.8,7.9,4.8
1449,28097,16.8,12.8,7.9,4.8
1450,28099,16.8,12.8,7.9,4.8
1451,28101,16.8,12.8,7.9,4.8
1452,28103,16.8,12.8,7.9,4.8
1453,28105,16.8,12.8,7.9,4.8
1454,28107,16.8,12.8,7.9,4.8
1455,28109,16.8,12.8,7.9,4.8
1456,28111,16.8,12.8,7.9,4.8
1457,28113,16.8,12.8,7.9,4.8
1458,28115,16.8,12.8,7.9,4.8
1459,28117,16.8,12.8,7.9,4.8
1460,28119,16.8,12.8,7.9,4.8
1461,28121,16.8,12.8,7.9,4.8
1462,28123,16.8,12.8,7.9,4.8
1463,28125,16.8,12.8,7.9,4.8
1464,28127,16.8,12.8,7.9,4.8
1465,28129,16.8,12.8,7.9,4.8
1466,28131,16.8,12.8,7.9,4.8
1467,28133,16.8,12.8,7.9,4.8
1468,28135,16.8,12.8,7.9,4.8
1469,28137,16.8,12.8,7.9,4.8
1470,28139,16.8,12.8,7.9,4.8
1471,28141,16.8,12.8,7.9,4.8
1472,28143,16.8,12.8,7.9,4.8
1473,28145,16.8,12.8,7.9,4.8
1474,28147,16.8,12.8,7.9,4.8
1475,28149,16.8,12.8,7.9,4.8
1476,28151,16.8,12.8,7.9,4.8
1477,28153,16.8,12.8,7.9,4.8
1478,28155,16.8,12.8,7.9,4.8
1479,28157,16.8,12.8,7.9,4.8
1480,28159,16.8,12.8,7.9,4.8
1481,28161,16.8,12.8,7.9,4.8
1482,28163,16.8,12.8,7.9,4.8
1483,29001,22.0,17.2,7.3,6.6
1484,29003,22.0,17.2,7.3,6.6
1485,29005,22.0,17.2,7.3,6.6
1486,29007,22.0,17.2,7.3,6.6
1487,29009,22.0,17.2,7.3,6.6
1488,29011,22.0,17.2,7.3,6.6
1489,29013,22.0,17.2,7.3,6.6
1490,29015,22.0,17.2,7.3,6.6
1491,29017,22.0,17.2,7.3,6.6
1492,29019,22.0,17.2,7.3,6.6
1493,29021,22.0,17.2,7.3,6.6
1494,29023,22.0,17.2,7.3,6.6
1495,29025,22.0,17.2,7.3,6.6
1496,29027,22.0,17.2,7.3,6.6
1497,29029,22.0,17.2,7.3,6.6
1498,29031,22.0,17.2,7.3,6.6
1499,29033,22.0,17.2,7.3,6.6
1500,29035,22.0,17.2,7.3,6.6
1501,29037,22.0,17.2,7.3,6.6
1502,29039,22.0,17.2,7.3,6.6
1503,29041,22.0,17.2,7.3,6.6
1504,29043,22.0,17.2,7.3,6.6
1505,29045,22.0,17.2,7.3,6.6
1506,29047,22.0,17.2,7.3,6.6
1507,29049,22.0,17.2,7.3,6.6
1508,29051,22.0,17.2,7.3,6.6
1509,29053,22.0,17.2,7.3,6.6
1510,29055,22.0,17.2,7.3,6.6
1511,29057,22.0,17.2,7.3,6.6
1512,29059,22.0,17.2,7.3,6.6
1513,29061,22.0,17.2,7.3,6.6
1514,29063,22.0,17.2,7.3,6.6
1515,29065,22.0,17.2,7.3,6.6
1516,29067,22.0,17.2,7.3,6.6
1517,29069,22.0,17.2,7.3,6.6
1518,29071,22.0,17.2,7.3,6.6
1519,29073,22.0,17.2,7.3,6.6
1520,29075,22.0,17.2,7.3,6.6
1521,29077,22.0,17.2,7.3,6.6
1522,29079,22.0,17.2,7.3,6.6
1523,29081,22.0,17.2,7.3,6.6
1524,29083,22.0,17.2,7.3,6.6
1525,29085,22.0,17.2,7.3,6.6
1526,29087,22.0,17.2,7.3,6.6
1527,29089,22.0,17.2,7.3,6.6
1528,29091,22.0,17.2,7.3,6.6
1529,29093,22.0,17.2,7.3,6.6
1530,29095,22.0,17.2,7.3,6.6
1531,29097,22.0,17.2,7.3,6.6
1532,29099,22.0,17.2,7.3,6.6
1533,29101,22.0,17.2,7.3,6.6
1534,29103,22.0,17.2,7.3,6.6
1535,29105,22.0,17.2,7.3,6.6
1536,29107,22.0,17.2,7.3,6.6
1537,29109,22.0,17.2,7.3,6.6
1538,29111,22.0,17.2,7.3,6.6
1539,29113,22.0,17.2,7.3,6.6
1540,29115,22.0,17.2,7.3,6.6
1541,29117,22.0,17.2,7.3,6.6
1542,29119,22.0,17.2,7.3,6.6
1543,29121,22.0,17.2,7.3,6.6
1544,29123,22.0,17.2,7.3,6.6
1545,29125,22.0,17.2,7.3,6.6
1546,29127,22.0,17.2,7.3,6.6
1547,29129,22.0,17.2,7.3,6.6
1548,29131,22.0,17.2,7.3,6.6
1549,29133,22.0,17.2,7.3,6.6
1550,29135,22.0,17.2,7.3,6.6
1551,29137,22.0,17.2,7.3,6.6
1552,29139,22.0,17.2,7.3,6.6
1553,29141,22.0,17.2,7.3,6.6
1554,29143,22.0,17.2,7.3,6.6
1555,29145,22.0,17.2,7.3,6.6
1556,29147,22.0,17.2,7.3,6.6
1557,29149,22.0,17.2,7.3,6.6
1558,29151,22.0,17.2,7.3,6.6
1559,29153,22.0,17.2,7.3,6.6
1560,29155,22.0,17.2,7.3,6.6
1561,29157,22.0,17.2,7.3,6.6
1562,29159,22.0,17.2,7.3,6.6
1563,29161,22.0,17.2,7.3,6.6
1564,29163,22.0,17.2,7.3,6.6
1565,29165,22.0,17.2,7.3,6.6
1566,29167,22.0,17.2,7.3,6.6
1567,29169,22.0,17.2,7.3,6.6
1568,29171,22.0,17.2,7.3,6.6
1569,29173,22.0,17.2,7.3,6.6
1570,29175,22.0,17.2,7.3,6.6
1571,29177,22.0,17.2,7.3,6.6
1572,29179,22.0,17.2,7.3,6.6
1573,29181,22.0,17.2,7.3,6.6
1574,29183,22.0,17.2,7.3,6.6
1575,29185,22.0,17.2,7.3,6.6
1576,29186,22.0,17.2,7.3,6.6
1577,29187,22.0,17.2,7.3,6.6
1578,29189,22.0,17.2,7.3,6.6
1579,29195,22.0,17.2,7.3,6.6
1580,29197,22.0,17.2,7.3,6.6
1581,29199,22.0,17.2,7.3,6.6
1582,29201,22.0,17.2,7.3,6.6
1583,29203,22.0,17.2,7.3,6.6
1584,29205,22.0,17.2,7.3,6.6
1585,29207,22.0,17.2,7.3,6.6
1586,29209,22.0,17.2,7.3,6.6
1587,29211,22.0,17.2,7.3,6.6
1588,29213,22.0,17.2,7.3,6.6
1589,29215,22.0,17.2,7.3,6.6
1590,29217,22.0,17.2,7.3,6.6
1591,29219,22.0,17.2,7.3,6.6
1592,29221,22.0,17.2,7.3,6.6
1593,29223,22.0,17.2,7.3,6.6
1594,29225,22.0,17.2,7.3,6.6
1595,29227,22.0,17.2,7.3,6.6
1596,29229,22.0,17.2,7.3,6.6
1597,29510,22.0,17.2,7.3,6.6
1598,30001,11.5,11.4,5.4,4.6
1599,30003,11.5,11.4,5.4,4.6
1600,30005,11.5,11.4,5.4,4.6
1601,30007,11.5,11.4,5.4,4.6
1602,30009,11.5,11.4,5.4,4.6
1603,30011,11.5,11.4,5.4,4.6
1604,30013,11.5,11.4,5.4,4.6
1605,30015,11.5,11.4,5.4,4.6
1606,30017,11.5,11.4,5.4,4.6
1607,30019,11.5,11.4,5.4,4.6
1608,30021,11.5,11.4,5.4,4.6
1609,30023,11.5,11.4,5.4,4.6
1610,30025,11.5,11.4,5.4,4.6
1611,30027,11.5,11.4,5.4,4.6
1612,30029,11.5,11.4,5.4,4.6
1613,30031,11.5,11.4,5.4,4.6
1614,30033,11.5,11.4,5.4,4.6
1615,30035,11.5,11.4,5.4,4.6
1616,30037,11.5,11.4,5.4,4.6
1617,30039,11.5,11.4,5.4,4.6
1618,30041,11.5,11.4,5.4,4.6
1619,30043,11.5,11.4,5.4,4.6
1620,30045,11.5,11.4,5.4,4.6
1621,30047,11.5,11.4,5.4,4.6
1622,30049,11.5,11.4,5.4,4.6
1623,30051,11.5,11.4,5.4,4.6
1624,30053,11.5,11.4,5.4,4.6
1625,30055,11.5,11.4,5.4,4.6
1626,30057,11.5,11.4,5.4,4.6
1627,30059,11.5,11.4,5.4,4.6
1628,30061,11.5,11.4,5.4,4.6
1629,30063,11.5,11.4,5.4,4.6
1630,30065,11.5,11.4,5.4,4.6
1631,30067,11.5,11.4,5.4,4.6
1632,30069,11.5,11.4,5.4,4.6
1633,30071,11.5,11.4,5.4,4.6
1634,30073,11.5,11.4,5.4,4.6
1635,30075,11.5,11.4,5.4,4.6
1636,30077,11.5,11.4,5.4,4.6
1637,30079,11.5,11.4,5.4,4.6
1638,30081,11.5,11.4,5.4,4.6
1639,30083,11.5,11.4,5.4,4.6
1640,30085,11.5,11.4,5.4,4.6
1641,30087,11.5,11.4,5.4,4.6
1642,30089,11.5,11.4,5.4,4.6
1643,30091,11.5,11.4,5.4,4.6
1644,30093,11.5,11.4,5.4,4.6
1645,30095,11.5,11.4,5.4,4.6
1646,30097,11.5,11.4,5.4,4.6
1647,30099,11.5,11.4,5.4,4.6
1648,30101,11.5,11.4,5.4,4.6
1649,30103,11.5,11.4,5.4,4.6
1650,30105,11.5,11.4,5.4,4.6
1651,30107,11.5,11.4,5.4,4.6
1652,30109,11.5,11.4,5.4,4.6
1653,30111,11.5,11.4,5.4,4.6
1654,31001,16.7,14.4,6.4,5.6
1655,31003,16.7,14.4,6.4,5.6
1656,31005,16.7,14.4,6.4,5.6
1657,31007,16.7,14.4,6.4,5.6
1658,31009,16.7,14.4,6.4,5.6
1659,31011,16.7,14.4,6.4,5.6
1660,31013,16.7,14.4,6.4,5.6
1661,31015,16.7,14.4,6.4,5.6
1662,31017,16.7,14.4,6.4,5.6
1663,31019,16.7,14.4,6.4,5.6
1664,31021,16.7,14.4,6.4,5.6
1665,31023,16.7,14.4,6.4,5.6
1666,31025,16.7,14.4,6.4,5.6
1667,31027,16.7,14.4,6.4,5.6
1668,31029,16.7,14.4,6.4,5.6
1669,31031,16.7,14.4,6.4,5.6
1670,31033,16.7,14.4,6.4,5.6
1671,31035,16.7,14.4,6.4,5.6
1672,31037,16.7,14.4,6.4,5.6
1673,31039,16.7,14.4,6.4,5.6
1674,31041,16.7,14.4,6.4,5.6
1675,31043,16.7,14.4,6.4,5.6
1676,31045,16.7,14.4,6.4,5.6
1677,31047,16.7,14.4,6.4,5.6
1678,31049,16.7,14.4,6.4,5.6
1679,31051,16.7,14.4,6.4,5.6
1680,31053,16.7,14.4,6.4,5.6
1681,31055,16.7,14.4,6.4,5.6
1682,31057,16.7,14.4,6.4,5.6
1683,31059,16.7,14.4,6.4,5.6
1684,31061,16.7,14.4,6.4,5.6
1685,31063,16.7,14.4,6.4,5.6
1686,31065,16.7,14.4,6.4,5.6
1687,31067,16.7,14.4,6.4,5.6
1688,31069,16.7,14.4,6.4,5.6
1689,31071,16.7,14.4,6.4,5.6
1690,31073,16.7,14.4,6.4,5.6
1691,31075,16.7,14.4,6.4,5.6
1692,31077,16.7,14.4,6.4,5.6
1693,31079,16.7,14.4,6.4,5.6
1694,31081,16.7,14.4,6.4,5.6
1695,31083,16.7,14.4,6.4,5.6
1696,31085,16.7,14.4,6.4,5.6
1697,31087,16.7,14.4,6.4,5.6
1698,31089,16.7,14.4,6.4,5.6
1699,31091,16.7,14.4,6.4,5.6
1700,31093,16.7,14.4,6.4,5.6
1701,31095,16.7,14.4,6.4,5.6
1702,31097,16.7,14.4,6.4,5.6
1703,31099,16.7,14.4,6.4,5.6
1704,31101,16.7,14.4,6.4,5.6
1705,31103,16.7,14.4,6.4,5.6
1706,31105,16.7,14.4,6.4,5.6
1707,31107,16.7,14.4,6.4,5.6
1708,31109,16.7,14.4,6.4,5.6
1709,31111,16.7,14.4,6.4,5.6
1710,31113,16.7,14.4,6.4,5.6
1711,31115,16.7,14.4,6.4,5.6
1712,31117,16.7,14.4,6.4,5.6
1713,31119,16.7,14.4,6.4,5.6
1714,31121,16.7,14.4,6.4,5.6
1715,31123,16.7,14.4,6.4,5.6
1716,31125,16.7,14.4,6.4,5.6
1717,31127,16.7,14.4,6.4,5.6
1718,31129,16.7,14.4,6.4,5.6
1719,31131,16.7,14.4,6.4,5.6
1720,31133,16.7,14.4,6.4,5.6
1721,31135,16.7,14.4,6.4,5.6
1722,31137,16.7,14.4,6.4,5.6
1723,31139,16.7,14.4,6.4,5.6
1724,31141,16.7,14.4,6.4,5.6
1725,31143,16.7,14.4,6.4,5.6
1726,31145,16.7,14.4,6.4,5.6
1727,31147,16.7,14.4,6.4,5.6
1728,31149,16.7,14.4,6.4,5.6
1729,31151,16.7,14.4,6.4,5.6
1730,31153,16.7,14.4,6.4,5.6
1731,31155,16.7,14.4,6.4,5.6
1732,31157,16.7,14.4,6.4,5.6
1733,31159,16.7,14.4,6.4,5.6
1734,31161,16.7,14.4,6.4,5.6
1735,31163,16.7,14.4,6.4,5.6
1736,31165,16.7,14.4,6.4,5.6
1737,31167,16.7,14.4,6.4,5.6
1738,31169,16.7,14.4,6.4,5.6
1739,31171,16.7,14.4,6.4,5.6
1740,31173,16.7,14.4,6.4,5.6
1741,31175,16.7,14.4,6.4,5.6
1742,31177,16.7,14.4,6.4,5.6
1743,31179,16.7,14.4,6.4,5.6
1744,31181,16.7,14.4,6.4,5.6
1745,31183,16.7,14.4,6.4,5.6
1746,31185,16.7,14.4,6.4,5.6
1747,32001,8.4,9.0,2.9,3.5
1748,32003,8.4,9.0,2.9,3.5
1749,32005,8.4,9.0,2.9,3.5
1750,32007,8.4,9.0,2.9,3.5
1751,32009,8.4,9.0,2.9,3.5
1752,32011,8.4,9.0,2.9,3.5
1753,32013,8.4,9.0,2.9,3.5
1754,32015,8.4,9.0,2.9,3.5
1755,32017,8.4,9.0,2.9,3.5
1756,32019,8.4,9.0,2.9,3.5
1757,32021,8.4,9.0,2.9,3.5
1758,32023,8.4,9.0,2.9,3.5
1759,32027,8.4,9.0,2.9,3.5
1760,32029,8.4,9.0,2.9,3.5
1761,32031,8.4,9.0,2.9,3.5
1762,32033,8.4,9.0,2.9,3.5
1763,32510,8.4,9.0,2.9,3.5
1764,33001,13.9,13.5,5.5,5.4
1765,33003,13.9,13.5,5.5,5.4
1766,33005,13.9,13.5,5.5,5.4
1767,33007,13.9,13.5,5.5,5.4
1768,33009,13.9,13.5,5.5,5.4
1769,33011,13.9,13.5,5.5,5.4
1770,33013,13.9,13.5,5.5,5.4
1771,33015,13.9,13.5,5.5,5.4
1772,33017,13.9,13.5,5.5,5.4
1773,33019,13.9,13.5,5.5,5.4
1774,34001,10.0,9.4,4.7,3.4
1775,34003,10.0,9.4,4.7,3.4
1776,34005,10.0,9.4,4.7,3.4
1777,34007,10.0,9.4,4.7,3.4
1778,34009,10.0,9.4,4.7,3.4
1779,34011,10.0,9.4,4.7,3.4
1780,34013,10.0,9.4,4.7,3.4
1781,34015,10.0,9.4,4.7,3.4
1782,34017,10.0,9.4,4.7,3.4
1783,34019,10.0,9.4,4.7,3.4
1784,34021,10.0,9.4,4.7,3.4
1785,34023,10.0,9.4,4.7,3.4
1786,34025,10.0,9.4,4.7,3.4
1787,34027,10.0,9.4,4.7,3.4
1788,34029,10.0,9.4,4.7,3.4
1789,34031,10.0,9.4,4.7,3.4
1790,34033,10.0,9.4,4.7,3.4
1791,34035,10.0,9.4,4.7,3.4
1792,34037,10.0,9.4,4.7,3.4
1793,34039,10.0,9.4,4.7,3.4
1794,34041,10.0,9.4,4.7,3.4
1795,35001,11.7,8.6,4.9,3.0
1796,35003,11.7,8.6,4.9,3.0
1797,35005,11.7,8.6,4.9,3.0
1798,35006,11.7,8.6,4.9,3.0
1799,35007,11.7,8.6,4.9,3.0
1800,35009,11.7,8.6,4.9,3.0
1801,35011,11.7,8.6,4.9,3.0
1802,35013,11.7,8.6,4.9,3.0
1803,35015,11.7,8.6,4.9,3.0
1804,35017,11.7,8.6,4.9,3.0
1805,35019,11.7,8.6,4.9,3.0
1806,35021,11.7,8.6,4.9,3.0
1807,35023,11.7,8.6,4.9,3.0
1808,35025,11.7,8.6,4.9,3.0
1809,35027,11.7,8.6,4.9,3.0
1810,35028,11.7,8.6,4.9,3.0
1811,35029,11.7,8.6,4.9,3.0
1812,35031,11.7,8.6,4.9,3.0
1813,35033,11.7,8.6,4.9,3.0
1814,35035,11.7,8.6,4.9,3.0
1815,35037,11.7,8.6,4.9,3.0
1816,35039,11.7,8.6,4.9,3.0
1817,35041,11.7,8.6,4.9,3.0
1818,35043,11.7,8.6,4.9,3.0
1819,35045,11.7,8.6,4.9,3.0
1820,35047,11.7,8.6,4.9,3.0
1821,35049,11.7,8.6,4.9,3.0
1822,35051,11.7,8.6,4.9,3.0
1823,35053,11.7,8.6,4.9,3.0
1824,35055,11.7,8.6,4.9,3.0
1825,35057,11.7,8.6,4.9,3.0
1826,35059,11.7,8.6,4.9,3.0
1827,35061,11.7,8.6,4.9,3.0
1828,36001,12.3,17.9,4.6,6.6
1829,36003,12.3,17.9,4.6,6.6
1830,36005,12.3,17.9,4.6,6.6
1831,36007,12.3,17.9,4.6,6.6
1832,36009,12.3,17.9,4.6,6.6
1833,36011,12.3,17.9,4.6,6.6
1834,36013,12.3,17.9,4.6,6.6
1835,36015,12.3,17.9,4.6,6.6
1836,36017,12.3,17.9,4.6,6.6
1837,36019,12.3,17.9,4.6,6.6
1838,36021,12.3,17.9,4.6,6.6
1839,36023,12.3,17.9,4.6,6.6
1840,36025,12.3,17.9,4.6,6.6
1841,36027,12.3,17.9,4.6,6.6
1842,36029,12.3,17.9,4.6,6.6
1843,36031,12.3,17.9,4.6,6.6
1844,36033,12.3,17.9,4.6,6.6
1845,36035,12.3,17.9,4.6,6.6
1846,36037,12.3,17.9,4.6,6.6
1847,36039,12.3,17.9,4.6,6.6
1848,36041,12.3,17.9,4.6,6.6
1849,36043,12.3,17.9,4.6,6.6
1850,36045,12.3,17.9,4.6,6.6
1851,36047,12.3,17.9,4.6,6.6
1852,36049,12.3,17.9,4.6,6.6
1853,36051,12.3,17.9,4.6,6.6
1854,36053,12.3,17.9,4.6,6.6
1855,36055,12.3,17.9,4.6,6.6
1856,36057,12.3,17.9,4.6,6.6
1857,36059,12.3,17.9,4.6,6.6
1858,36061,12.3,17.9,4.6,6.6
1859,36063,12.3,17.9,4.6,6.6
1860,36065,12.3,17.9,4.6,6.6
1861,36067,12.3,17.9,4.6,6.6
1862,36069,12.3,17.9,4.6,6.6
1863,36071,12.3,17.9,4.6,6.6
1864,36073,12.3,17.9,4.6,6.6
1865,36075,12.3,17.9,4.6,6.6
1866,36077,12.3,17.9,4.6,6.6
1867,36079,12.3,17.9,4.6,6.6
1868,36081,12.3,17.9,4.6,6.6
1869,36083,12.3,17.9,4.6,6.6
1870,36085,12.3,17.9,4.6,6.6
1871,36087,12.3,17.9,4.6,6.6
1872,36089,12.3,17.9,4.6,6.6
1873,36091,12.3,17.9,4.6,6.6
1874,36093,12.3,17.9,4.6,6.6
1875,36095,12.3,17.9,4.6,6.6
1876,36097,12.3,17.9,4.6,6.6
1877,36099,12.3,17.9,4.6,6.6
1878,36101,12.3,17.9,4.6,6.6
1879,36103,12.3,17.9,4.6,6.6
1880,36105,12.3,17.9,4.6,6.6
1881,36107,12.3,17.9,4.6,6.6
1882,36109,12.3,17.9,4.6,6.6
1883,36111,12.3,17.9,4.6,6.6
1884,36113,12.3,17.9,4.6,6.6
1885,36115,12.3,17.9,4.6,6.6
1886,36117,12.3,17.9,4.6,6.6
1887,36119,12.3,17.9,4.6,6.6
1888,36121,12.3,17.9,4.6,6.6
1889,36123,12.3,17.9,4.6,6.6
1890,37001,15.2,12.4,6.3,5.1
1891,37003,15.2,12.4,6.3,5.1
1892,37005,15.2,12.4,6.3,5.1
1893,37007,15.2,12.4,6.3,5.1
1894,37009,15.2,12.4,6.3,5.1
1895,37011,15.2,12.4,6.3,5.1
1896,37013,15.2,12.4,6.3,5.1
1897,37015,15.2,12.4,6.3,5.1
1898,37017,15.2,12.4,6.3,5.1
1899,37019,15.2,12.4,6.3,5.1
1900,37021,15.2,12.4,6.3,5.1
1901,37023,15.2,12.4,6.3,5.1
1902,37025,15.2,12.4,6.3,5.1
1903,37027,15.2,12.4,6.3,5.1
1904,37029,15.2,12.4,6.3,5.1
1905,37031,15.2,12.4,6.3,5.1
1906,37033,15.2,12.4,6.3,5.1
1907,37035,15.2,12.4,6.3,5.1
1908,37037,15.2,12.4,6.3,5.1
1909,37039,15.2,12.4,6.3,5.1
1910,37041,15.2,12.4,6.3,5.1
1911,37043,15.2,12.4,6.3,5.1
1912,37045,15.2,12.4,6.3,5.1
1913,37047,15.2,12.4,6.3,5.1
1914,37049,15.2,12.4,6.3,5.1
1915,37051,15.2,12.4,6.3,5.1
1916,37053,15.2,12.4,6.3,5.1
1917,37055,15.2,12.4,6.3,5.1
1918,37057,15.2,12.4,6.3,5.1
1919,37059,15.2,12.4,6.3,5.1
1920,37061,15.2,12.4,6.3,5.1
1921,37063,15.2,12.4,6.3,5.1
1922,37065,15.2,12.4,6.3,5.1
1923,37067,15.2,12.4,6.3,5.1
1924,37069,15.2,12.4,6.3,5.1
1925,37071,15.2,12.4,6.3,5.1
1926,37073,15.2,12.4,6.3,5.1
1927,37075,15.2,12.4,6.3,5.1
1928,37077,15.2,12.4,6.3,5.1
1929,37079,15.2,12.4,6.3,5.1
1930,37081,15.2,12.4,6.3,5.1
1931,37083,15.2,12.4,6.3,5.1
1932,37085,15.2,12.4,6.3,5.1
1933,37087,15.2,12.4,6.3,5.1
1934,37089,15.2,12.4,6.3,5.1
1935,37091,15.2,12.4,6.3,5.1
1936,37093,15.2,12.4,6.3,5.1
1937,37095,15.2,12.4,6.3,5.1
1938,37097,15.2,12.4,6.3,5.1
1939,37099,15.2,12.4,6.3,5.1
1940,37101,15.2,12.4,6.3,5.1
1941,37103,15.2,12.4,6.3,5.1
1942,37105,15.2,12.4,6.3,5.1
1943,37107,15.2,12.4,6.3,5.1
1944,37109,15.2,12.4,6.3,5.1
1945,37111,15.2,12.4,6.3,5.1
1946,37113,15.2,12.4,6.3,5.1
1947,37115,15.2,12.4,6.3,5.1
1948,37117,15.2,12.4,6.3,5.1
1949,37119,15.2,12.4,6.3,5.1
1950,37121,15.2,12.4,6.3,5.1
1951,37123,15.2,12.4,6.3,5.1
1952,37125,15.2,12.4,6.3,5.1
1953,37127,15.2,12.4,6.3,5.1
1954,37129,15.2,12.4,6.3,5.1
1955,37131,15.2,12.4,6.3,5.1
1956,37133,15.2,12.4,6.3,5.1
1957,37135,15.2,12.4,6.3,5.1
1958,37137,15.2,12.4,6.3,5.1
1959,37139,15.2,12.4,6.3,5.1
1960,37141,15.2,12.4,6.3,5.1
1961,37143,15.2,12.4,6.3,5.1
1962,37145,15.2,12.4,6.3,5.1
1963,37147,15.2,12.4,6.3,5.1
1964,37149,15.2,12.4,6.3,5.1
1965,37151,15.2,12.4,6.3,5.1
1966,37153,15.2,12.4,6.3,5.1
1967,37155,15.2,12.4,6.3,5.1
1968,37157,15.2,12.4,6.3,5.1
1969,37159,15.2,12.4,6.3,5.1
1970,37161,15.2,12.4,6.3,5.1
1971,37163,15.2,12.4,6.3,5.1
1972,37165,15.2,12.4,6.3,5.1
1973,37167,15.2,12.4,6.3,5.1
1974,37169,15.2,12.4,6.3,5.1
1975,37171,15.2,12.4,6.3,5.1
1976,37173,15.2,12.4,6.3,5.1
1977,37175,15.2,12.4,6.3,5.1
1978,37177,15.2,12.4,6.3,5.1
1979,37179,15.2,12.4,6.3,5.1
1980,37181,15.2,12.4,6.3,5.1
1981,37183,15.2,12.4,6.3,5.1
1982,37185,15.2,12.4,6.3,5.1
1983,37187,15.2,12.4,6.3,5.1
1984,37189,15.2,12.4,6.3,5.1
1985,37191,15.2,12.4,6.3,5.1
1986,37193,15.2,12.4,6.3,5.1
1987,37195,15.2,12.4,6.3,5.1
1988,37197,15.2,12.4,6.3,5.1
1989,37199,15.2,12.4,6.3,5.1
1990,38001,14.4,10.9,4.9,3.9
1991,38003,14.4,10.9,4.9,3.9
1992,38005,14.4,10.9,4.9,3.9
1993,38007,14.4,10.9,4.9,3.9
1994,38009,14.4,10.9,4.9,3.9
1995,38011,14.4,10.9,4.9,3.9
1996,38013,14.4,10.9,4.9,3.9
1997,38015,14.4,10.9,4.9,3.9
1998,38017,14.4,10.9,4.9,3.9
1999,38019,14.4,10.9,4.9,3.9
2000,38021,14.4,10.9,4.9,3.9
2001,38023,14.4,10.9,4.9,3.9
2002,38025,14.4,10.9,4.9,3.9
2003,38027,14.4,10.9,4.9,3.9
2004,38029,14.4,10.9,4.9,3.9
2005,38031,14.4,10.9,4.9,3.9
2006,38033,14.4,10.9,4.9,3.9
2007,38035,14.4,10.9,4.9,3.9
2008,38037,14.4,10.9,4.9,3.9
2009,38039,14.4,10.9,4.9,3.9
2010,38041,14.4,10.9,4.9,3.9
2011,38043,14.4,10.9,4.9,3.9
2012,38045,14.4,10.9,4.9,3.9
2013,38047,14.4,10.9,4.9,3.9
2014,38049,14.4,10.9,4.9,3.9
2015,38051,14.4,10.9,4.9,3.9
2016,38053,14.4,10.9,4.9,3.9
2017,38055,14.4,10.9,4.9,3.9
2018,38057,14.4,10.9,4.9,3.9
2019,38059,14.4,10.9,4.9,3.9
2020,38061,14.4,10.9,4.9,3.9
2021,38063,14.4,10.9,4.9,3.9
2022,38065,14.4,10.9,4.9,3.9
2023,38067,14.4,10.9,4.9,3.9
2024,38069,14.4,10.9,4.9,3.9
2025,38071,14.4,10.9,4.9,3.9
2026,38073,14.4,10.9,4.9,3.9
2027,38075,14.4,10.9,4.9,3.9
2028,38077,14.4,10.9,4.9,3.9
2029,38079,14.4,10.9,4.9,3.9
2030,38081,14.4,10.9,4.9,3.9
2031,38083,14.4,10.9,4.9,3.9
2032,38085,14.4,10.9,4.9,3.9
2033,38087,14.4,10.9,4.9,3.9
2034,38089,14.4,10.9,4.9,3.9
2035,38091,14.4,10.9,4.9,3.9
2036,38093,14.4,10.9,4.9,3.9
2037,38095,14.4,10.9,4.9,3.9
2038,38097,14.4,10.9,4.9,3.9
2039,38099,14.4,10.9,4.9,3.9
2040,38101,14.4,10.9,4.9,3.9
2041,38103,14.4,10.9,4.9,3.9
2042,38105,14.4,10.9,4.9,3.9
2043,39001,16.9,13.7,7.5,6.1
2044,39003,16.9,13.7,7.5,6.1
2045,39005,16.9,13.7,7.5,6.1
2046,39007,16.9,13.7,7.5,6.1
2047,39009,16.9,13.7,7.5,6.1
2048,39011,16.9,13.7,7.5,6.1
2049,39013,16.9,13.7,7.5,6.1
2050,39015,16.9,13.7,7.5,6.1
2051,39017,16.9,13.7,7.5,6.1
2052,39019,16.9,13.7,7.5,6.1
2053,39021,16.9,13.7,7.5,6.1
2054,39023,16.9,13.7,7.5,6.1
2055,39025,16.9,13.7,7.5,6.1
2056,39027,16.9,13.7,7.5,6.1
2057,39029,16.9,13.7,7.5,6.1
2058,39031,16.9,13.7,7.5,6.1
2059,39033,16.9,13.7,7.5,6.1
2060,39035,16.9,13.7,7.5,6.1
2061,39037,16.9,13.7,7.5,6.1
2062,39039,16.9,13.7,7.5,6.1
2063,39041,16.9,13.7,7.5,6.1
2064,39043,16.9,13.7,7.5,6.1
2065,39045,16.9,13.7,7.5,6.1
2066,39047,16.9,13.7,7.5,6.1
2067,39049,16.9,13.7,7.5,6.1
2068,39051,16.9,13.7,7.5,6.1
2069,39053,16.9,13.7,7.5,6.1
2070,39055,16.9,13.7,7.5,6.1
2071,39057,16.9,13.7,7.5,6.1
2072,39059,16.9,13.7,7.5,6.1
2073,39061,16.9,13.7,7.5,6.1
2074,39063,16.9,13.7,7.5,6.1
2075,39065,16.9,13.7,7.5,6.1
2076,39067,16.9,13.7,7.5,6.1
2077,39069,16.9,13.7,7.5,6.1
2078,39071,16.9,13.7,7.5,6.1
2079,39073,16.9,13.7,7.5,6.1
2080,39075,16.9,13.7,7.5,6.1
2081,39077,16.9,13.7,7.5,6.1
2082,39079,16.9,13.7,7.5,6.1
2083,39081,16.9,13.7,7.5,6.1
2084,39083,16.9,13.7,7.5,6.1
2085,39085,16.9,13.7,7.5,6.1
2086,39087,16.9,13.7,7.5,6.1
2087,39089,16.9,13.7,7.5,6.1
2088,39091,16.9,13.7,7.5,6.1
2089,39093,16.9,13.7,7.5,6.1
2090,39095,16.9,13.7,7.5,6.1
2091,39097,16.9,13.7,7.5,6.1
2092,39099,16.9,13.7,7.5,6.1
2093,39101,16.9,13.7,7.5,6.1
2094,39103,16.9,13.7,7.5,6.1
2095,39105,16.9,13.7,7.5,6.1
2096,39107,16.9,13.7,7.5,6.1
2097,39109,16.9,13.7,7.5,6.1
2098,39111,16.9,13.7,7.5,6.1
2099,39113,16.9,13.7,7.5,6.1
2100,39115,16.9,13.7,7.5,6.1
2101,39117,16.9,13.7,7.5,6.1
2102,39119,16.9,13.7,7.5,6.1
2103,39121,16.9,13.7,7.5,6.1
2104,39123,16.9,13.7,7.5,6.1
2105,39125,16.9,13.7,7.5,6.1
2106,39127,16.9,13.7,7.5,6.1
2107,39129,16.9,13.7,7.5,6.1
2108,39131,16.9,13.7,7.5,6.1
2109,39133,16.9,13.7,7.5,6.1
2110,39135,16.9,13.7,7.5,6.1
2111,39137,16.9,13.7,7.5,6.1
2112,39139,16.9,13.7,7.5,6.1
2113,39141,16.9,13.7,7.5,6.1
2114,39143,16.9,13.7,7.5,6.1
2115,39145,16.9,13.7,7.5,6.1
2116,39147,16.9,13.7,7.5,6.1
2117,39149,16.9,13.7,7.5,6.1
2118,39151,16.9,13.7,7.5,6.1
2119,39153,16.9,13.7,7.5,6.1
2120,39155,16.9,13.7,7.5,6.1
2121,39157,16.9,13.7,7.5,6.1
2122,39159,16.9,13.7,7.5,6.1
2123,39161,16.9,13.7,7.5,6.1
2124,39163,16.9,13.7,7.5,6.1
2125,39165,16.9,13.7,7.5,6.1
2126,39167,16.9,13.7,7.5,6.1
2127,39169,16.9,13.7,7.5,6.1
2128,39171,16.9,13.7,7.5,6.1
2129,39173,16.9,13.7,7.5,6.1
2130,39175,16.9,13.7,7.5,6.1
2131,40001,16.5,15.0,6.6,6.4
2132,40003,16.5,15.0,6.6,6.4
2133,40005,16.5,15.0,6.6,6.4
2134,40007,16.5,15.0,6.6,6.4
2135,40009,16.5,15.0,6.6,6.4
2136,40011,16.5,15.0,6.6,6.4
2137,40013,16.5,15.0,6.6,6.4
2138,40015,16.5,15.0,6.6,6.4
2139,40017,16.5,15.0,6.6,6.4
2140,40019,16.5,15.0,6.6,6.4
2141,40021,16.5,15.0,6.6,6.4
2142,40023,16.5,15.0,6.6,6.4
2143,40025,16.5,15.0,6.6,6.4
2144,40027,16.5,15.0,6.6,6.4
2145,40029,16.5,15.0,6.6,6.4
2146,40031,16.5,15.0,6.6,6.4
2147,40033,16.5,15.0,6.6,6.4
2148,40035,16.5,15.0,6.6,6.4
2149,40037,16.5,15.0,6.6,6.4
2150,40039,16.5,15.0,6.6,6.4
2151,40041,16.5,15.0,6.6,6.4
2152,40043,16.5,15.0,6.6,6.4
2153,40045,16.5,15.0,6.6,6.4
2154,40047,16.5,15.0,6.6,6.4
2155,40049,16.5,15.0,6.6,6.4
2156,40051,16.5,15.0,6.6,6.4
2157,40053,16.5,15.0,6.6,6.4
2158,40055,16.5,15.0,6.6,6.4
2159,40057,16.5,15.0,6.6,6.4
2160,40059,16.5,15.0,6.6,6.4
2161,40061,16.5,15.0,6.6,6.4
2162,40063,16.5,15.0,6.6,6.4
2163,40065,16.5,15.0,6.6,6.4
2164,40067,16.5,15.0,6.6,6.4
2165,40069,16.5,15.0,6.6,6.4
2166,40071,16.5,15.0,6.6,6.4
2167,40073,16.5,15.0,6.6,6.4
2168,40075,16.5,15.0,6.6,6.4
2169,40077,16.5,15.0,6.6,6.4
2170,40079,16.5,15.0,6.6,6.4
2171,40081,16.5,15.0,6.6,6.4
2172,40083,16.5,15.0,6.6,6.4
2173,40085,16.5,15.0,6.6,6.4
2174,40087,16.5,15.0,6.6,6.4
2175,40089,16.5,15.0,6.6,6.4
2176,40091,16.5,15.0,6.6,6.4
2177,40093,16.5,15.0,6.6,6.4
2178,40095,16.5,15.0,6.6,6.4
2179,40097,16.5,15.0,6.6,6.4
2180,40099,16.5,15.0,6.6,6.4
2181,40101,16.5,15.0,6.6,6.4
2182,40103,16.5,15.0,6.6,6.4
2183,40105,16.5,15.0,6.6,6.4
2184,40107,16.5,15.0,6.6,6.4
2185,40109,16.5,15.0,6.6,6.4
2186,40111,16.5,15.0,6.6,6.4
2187,40113,16.5,15.0,6.6,6.4
2188,40115,16.5,15.0,6.6,6.4
2189,40117,16.5,15.0,6.6,6.4
2190,40119,16.5,15.0,6.6,6.4
2191,40121,16.5,15.0,6.6,6.4
2192,40123,16.5,15.0,6.6,6.4
2193,40125,16.5,15.0,6.6,6.4
2194,40127,16.5,15.0,6.6,6.4
2195,40129,16.5,15.0,6.6,6.4
2196,40131,16.5,15.0,6.6,6.4
2197,40133,16.5,15.0,6.6,6.4
2198,40135,16.5,15.0,6.6,6.4
2199,40137,16.5,15.0,6.6,6.4
2200,40139,16.5,15.0,6.6,6.4
2201,40141,16.5,15.0,6.6,6.4
2202,40143,16.5,15.0,6.6,6.4
2203,40145,16.5,15.0,6.6,6.4
2204,40147,16.5,15.0,6.6,6.4
2205,40149,16.5,15.0,6.6,6.4
2206,40151,16.5,15.0,6.6,6.4
2207,40153,16.5,15.0,6.6,6.4
2208,41001,16.1,12.9,6.3,5.4
2209,41003,16.1,12.9,6.3,5.4
2210,41005,16.1,12.9,6.3,5.4
2211,41007,16.1,12.9,6.3,5.4
2212,41009,16.1,12.9,6.3,5.4
2213,41011,16.1,12.9,6.3,5.4
2214,41013,16.1,12.9,6.3,5.4
2215,41015,16.1,12.9,6.3,5.4
2216,41017,16.1,12.9,6.3,5.4
2217,41019,16.1,12.9,6.3,5.4
2218,41021,16.1,12.9,6.3,5.4
2219,41023,16.1,12.9,6.3,5.4
2220,41025,16.1,12.9,6.3,5.4
2221,41027,16.1,12.9,6.3,5.4
2222,41029,16.1,12.9,6.3,5.4
2223,41031,16.1,12.9,6.3,5.4
2224,41033,16.1,12.9,6.3,5.4
2225,41035,16.1,12.9,6.3,5.4
2226,41037,16.1,12.9,6.3,5.4
2227,41039,16.1,12.9,6.3,5.4
2228,41041,16.1,12.9,6.3,5.4
2229,41043,16.1,12.9,6.3,5.4
2230,41045,16.1,12.9,6.3,5.4
2231,41047,16.1,12.9,6.3,5.4
2232,41049,16.1,12.9,6.3,5.4
2233,41051,16.1,12.9,6.3,5.4
2234,41053,16.1,12.9,6.3,5.4
2235,41055,16.1,12.9,6.3,5.4
2236,41057,16.1,12.9,6.3,5.4
2237,41059,16.1,12.9,6.3,5.4
2238,41061,16.1,12.9,6.3,5.4
2239,41063,16.1,12.9,6.3,5.4
2240,41065,16.1,12.9,6.3,5.4
2241,41067,16.1,12.9,6.3,5.4
2242,41069,16.1,12.9,6.3,5.4
2243,41071,16.1,12.9,6.3,5.4
2244,42001,11.3,12.1,4.6,4.0
2245,42003,11.3,12.1,4.6,4.0
2246,42005,11.3,12.1,4.6,4.0
2247,42007,11.3,12.1,4.6,4.0
2248,42009,11.3,12.1,4.6,4.0
2249,42011,11.3,12.1,4.6,4.0
2250,42013,11.3,12.1,4.6,4.0
2251,42015,11.3,12.1,4.6,4.0
2252,42017,11.3,12.1,4.6,4.0
2253,42019,11.3,12.1,4.6,4.0
2254,42021,11.3,12.1,4.6,4.0
2255,42023,11.3,12.1,4.6,4.0
2256,42025,11.3,12.1,4.6,4.0
2257,42027,11.3,12.1,4.6,4.0
2258,42029,11.3,12.1,4.6,4.0
2259,42031,11.3,12.1,4.6,4.0
2260,42033,11.3,12.1,4.6,4.0
2261,42035,11.3,12.1,4.6,4.0
2262,42037,11.3,12.1,4.6,4.0
2263,42039,11.3,12.1,4.6,4.0
2264,42041,11.3,12.1,4.6,4.0
2265,42043,11.3,12.1,4.6,4.0
2266,42045,11.3,12.1,4.6,4.0
2267,42047,11.3,12.1,4.6,4.0
2268,42049,11.3,12.1,4.6,4.0
2269,42051,11.3,12.1,4.6,4.0
2270,42053,11.3,12.1,4.6,4.0
2271,42055,11.3,12.1,4.6,4.0
2272,42057,11.3,12.1,4.6,4.0
2273,42059,11.3,12.1,4.6,4.0
2274,42061,11.3,12.1,4.6,4.0
2275,42063,11.3,12.1,4.6,4.0
2276,42065,11.3,12.1,4.6,4.0
2277,42067,11.3,12.1,4.6,4.0
2278,42069,11.3,12.1,4.6,4.0
2279,42071,11.3,12.1,4.6,4.0
2280,42073,11.3,12.1,4.6,4.0
2281,42075,11.3,12.1,4.6,4.0
2282,42077,11.3,12.1,4.6,4.0
2283,42079,11.3,12.1,4.6,4.0
2284,42081,11.3,12.1,4.6,4.0
2285,42083,11.3,12.1,4.6,4.0
2286,42085,11.3,12.1,4.6,4.0
2287,42087,11.3,12.1,4.6,4.0
2288,42089,11.3,12.1,4.6,4.0
2289,42091,11.3,12.1,4.6,4.0
2290,42093,11.3,12.1,4.6,4.0
2291,42095,11.3,12.1,4.6,4.0
2292,42097,11.3,12.1,4.6,4.0
2293,42099,11.3,12.1,4.6,4.0
2294,42101,11.3,12.1,4.6,4.0
2295,42103,11.3,12.1,4.6,4.0
2296,42105,11.3,12.1,4.6,4.0
2297,42107,11.3,12.1,4.6,4.0
2298,42109,11.3,12.1,4.6,4.0
2299,42111,11.3,12.1,4.6,4.0
2300,42113,11.3,12.1,4.6,4.0
2301,42115,11.3,12.1,4.6,4.0
2302,42117,11.3,12.1,4.6,4.0
2303,42119,11.3,12.1,4.6,4.0
2304,42121,11.3,12.1,4.6,4.0
2305,42123,11.3,12.1,4.6,4.0
2306,42125,11.3,12.1,4.6,4.0
2307,42127,11.3,12.1,4.6,4.0
2308,42129,11.3,12.1,4.6,4.0
2309,42131,11.3,12.1,4.6,4.0
2310,42133,11.3,12.1,4.6,4.0
2311,44001,12.7,12.4,4.7,5.6
2312,44003,12.7,12.4,4.7,5.6
2313,44005,12.7,12.4,4.7,5.6
2314,44007,12.7,12.4,4.7,5.6
2315,44009,12.7,12.4,4.7,5.6
2316,45001,13.9,11.7,5.3,4.2
2317,45003,13.9,11.7,5.3,4.2
2318,45005,13.9,11.7,5.3,4.2
2319,45007,13.9,11.7,5.3,4.2
2320,45009,13.9,11.7,5.3,4.2
2321,45011,13.9,11.7,5.3,4.2
2322,45013,13.9,11.7,5.3,4.2
2323,45015,13.9,11.7,5.3,4.2
2324,45017,13.9,11.7,5.3,4.2
2325,45019,13.9,11.7,5.3,4.2
2326,45021,13.9,11.7,5.3,4.2
2327,45023,13.9,11.7,5.3,4.2
2328,45025,13.9,11.7,5.3,4.2
2329,45027,13.9,11.7,5.3,4.2
2330,45029,13.9,11.7,5.3,4.2
2331,45031,13.9,11.7,5.3,4.2
2332,45033,13.9,11.7,5.3,4.2
2333,45035,13.9,11.7,5.3,4.2
2334,45037,13.9,11.7,5.3,4.2
2335,45039,13.9,11.7,5.3,4.2
2336,45041,13.9,11.7,5.3,4.2
2337,45043,13.9,11.7,5.3,4.2
2338,45045,13.9,11.7,5.3,4.2
2339,45047,13.9,11.7,5.3,4.2
2340,45049,13.9,11.7,5.3,4.2
2341,45051,13.9,11.7,5.3,4.2
2342,45053,13.9,11.7,5.3,4.2
2343,45055,13.9,11.7,5.3,4.2
2344,45057,13.9,11.7,5.3,4.2
2345,45059,13.9,11.7,5.3,4.2
2346,45061,13.9,11.7,5.3,4.2
2347,45063,13.9,11.7,5.3,4.2
2348,45065,13.9,11.7,5.3,4.2
2349,45067,13.9,11.7,5.3,4.2
2350,45069,13.9,11.7,5.3,4.2
2351,45071,13.9,11.7,5.3,4.2
2352,45073,13.9,11.7,5.3,4.2
2353,45075,13.9,11.7,5.3,4.2
2354,45077,13.9,11.7,5.3,4.2
2355,45079,13.9,11.7,5.3,4.2
2356,45081,13.9,11.7,5.3,4.2
2357,45083,13.9,11.7,5.3,4.2
2358,45085,13.9,11.7,5.3,4.2
2359,45087,13.9,11.7,5.3,4.2
2360,45089,13.9,11.7,5.3,4.2
2361,45091,13.9,11.7,5.3,4.2
2362,46003,11.9,11.4,4.8,4.3
2363,46005,11.9,11.4,4.8,4.3
2364,46007,11.9,11.4,4.8,4.3
2365,46009,11.9,11.4,4.8,4.3
2366,46011,11.9,11.4,4.8,4.3
2367,46013,11.9,11.4,4.8,4.3
2368,46015,11.9,11.4,4.8,4.3
2369,46017,11.9,11.4,4.8,4.3
2370,46019,11.9,11.4,4.8,4.3
2371,46021,11.9,11.4,4.8,4.3
2372,46023,11.9,11.4,4.8,4.3
2373,46025,11.9,11.4,4.8,4.3
2374,46027,11.9,11.4,4.8,4.3
2375,46029,11.9,11.4,4.8,4.3
2376,46031,11.9,11.4,4.8,4.3
2377,46033,11.9,11.4,4.8,4.3
2378,46035,11.9,11.4,4.8,4.3
2379,46037,11.9,11.4,4.8,4.3
2380,46039,11.9,11.4,4.8,4.3
2381,46041,11.9,11.4,4.8,4.3
2382,46043,11.9,11.4,4.8,4.3
2383,46045,11.9,11.4,4.8,4.3
2384,46047,11.9,11.4,4.8,4.3
2385,46049,11.9,11.4,4.8,4.3
2386,46051,11.9,11.4,4.8,4.3
2387,46053,11.9,11.4,4.8,4.3
2388,46055,11.9,11.4,4.8,4.3
2389,46057,11.9,11.4,4.8,4.3
2390,46059,11.9,11.4,4.8,4.3
2391,46061,11.9,11.4,4.8,4.3
2392,46063,11.9,11.4,4.8,4.3
2393,46065,11.9,11.4,4.8,4.3
2394,46067,11.9,11.4,4.8,4.3
2395,46069,11.9,11.4,4.8,4.3
2396,46071,11.9,11.4,4.8,4.3
2397,46073,11.9,11.4,4.8,4.3
2398,46075,11.9,11.4,4.8,4.3
2399,46077,11.9,11.4,4.8,4.3
2400,46079,11.9,11.4,4.8,4.3
2401,46081,11.9,11.4,4.8,4.3
2402,46083,11.9,11.4,4.8,4.3
2403,46085,11.9,11.4,4.8,4.3
2404,46087,11.9,11.4,4.8,4.3
2405,46089,11.9,11.4,4.8,4.3
2406,46091,11.9,11.4,4.8,4.3
2407,46093,11.9,11.4,4.8,4.3
2408,46095,11.9,11.4,4.8,4.3
2409,46097,11.9,11.4,4.8,4.3
2410,46099,11.9,11.4,4.8,4.3
2411,46101,11.9,11.4,4.8,4.3
2412,46103,11.9,11.4,4.8,4.3
2413,46105,11.9,11.4,4.8,4.3
2414,46107,11.9,11.4,4.8,4.3
2415,46109,11.9,11.4,4.8,4.3
2416,46111,11.9,11.4,4.8,4.3
2417,46113,11.9,11.4,4.8,4.3
2418,46115,11.9,11.4,4.8,4.3
2419,46117,11.9,11.4,4.8,4.3
2420,46119,11.9,11.4,4.8,4.3
2421,46121,11.9,11.4,4.8,4.3
2422,46123,11.9,11.4,4.8,4.3
2423,46125,11.9,11.4,4.8,4.3
2424,46127,11.9,11.4,4.8,4.3
2425,46129,11.9,11.4,4.8,4.3
2426,46135,11.9,11.4,4.8,4.3
2427,46137,11.9,11.4,4.8,4.3
2428,47001,16.3,12.9,6.2,5.7
2429,47003,16.3,12.9,6.2,5.7
2430,47005,16.3,12.9,6.2,5.7
2431,47007,16.3,12.9,6.2,5.7
2432,47009,16.3,12.9,6.2,5.7
2433,47011,16.3,12.9,6.2,5.7
2434,47013,16.3,12.9,6.2,5.7
2435,47015,16.3,12.9,6.2,5.7
2436,47017,16.3,12.9,6.2,5.7
2437,47019,16.3,12.9,6.2,5.7
2438,47021,16.3,12.9,6.2,5.7
2439,47023,16.3,12.9,6.2,5.7
2440,47025,16.3,12.9,6.2,5.7
2441,47027,16.3,12.9,6.2,5.7
2442,47029,16.3,12.9,6.2,5.7
2443,47031,16.3,12.9,6.2,5.7
2444,47033,16.3,12.9,6.2,5.7
2445,47035,16.3,12.9,6.2,5.7
2446,47037,16.3,12.9,6.2,5.7
2447,47039,16.3,12.9,6.2,5.7
2448,47041,16.3,12.9,6.2,5.7
2449,47043,16.3,12.9,6.2,5.7
2450,47045,16.3,12.9,6.2,5.7
2451,47047,16.3,12.9,6.2,5.7
2452,47049,16.3,12.9,6.2,5.7
2453,47051,16.3,12.9,6.2,5.7
2454,47053,16.3,12.9,6.2,5.7
2455,47055,16.3,12.9,6.2,5.7
2456,47057,16.3,12.9,6.2,5.7
2457,47059,16.3,12.9,6.2,5.7
2458,47061,16.3,12.9,6.2,5.7
2459,47063,16.3,12.9,6.2,5.7
2460,47065,16.3,12.9,6.2,5.7
2461,47067,16.3,12.9,6.2,5.7
2462,47069,16.3,12.9,6.2,5.7
2463,47071,16.3,12.9,6.2,5.7
2464,47073,16.3,12.9,6.2,5.7
2465,47075,16.3,12.9,6.2,5.7
2466,47077,16.3,12.9,6.2,5.7
2467,47079,16.3,12.9,6.2,5.7
2468,47081,16.3,12.9,6.2,5.7
2469,47083,16.3,12.9,6.2,5.7
2470,47085,16.3,12.9,6.2,5.7
2471,47087,16.3,12.9,6.2,5.7
2472,47089,16.3,12.9,6.2,5.7
2473,47091,16.3,12.9,6.2,5.7
2474,47093,16.3,12.9,6.2,5.7
2475,47095,16.3,12.9,6.2,5.7
2476,47097,16.3,12.9,6.2,5.7
2477,47099,16.3,12.9,6.2,5.7
2478,47101,16.3,12.9,6.2,5.7
2479,47103,16.3,12.9,6.2,5.7
2480,47105,16.3,12.9,6.2,5.7
2481,47107,16.3,12.9,6.2,5.7
2482,47109,16.3,12.9,6.2,5.7
2483,47111,16.3,12.9,6.2,5.7
2484,47113,16.3,12.9,6.2,5.7
2485,47115,16.3,12.9,6.2,5.7
2486,47117,16.3,12.9,6.2,5.7
2487,47119,16.3,12.9,6.2,5.7
2488,47121,16.3,12.9,6.2,5.7
2489,47123,16.3,12.9,6.2,5.7
2490,47125,16.3,12.9,6.2,5.7
2491,47127,16.3,12.9,6.2,5.7
2492,47129,16.3,12.9,6.2,5.7
2493,47131,16.3,12.9,6.2,5.7
2494,47133,16.3,12.9,6.2,5.7
2495,47135,16.3,12.9,6.2,5.7
2496,47137,16.3,12.9,6.2,5.7
2497,47139,16.3,12.9,6.2,5.7
2498,47141,16.3,12.9,6.2,5.7
2499,47143,16.3,12.9,6.2,5.7
2500,47145,16.3,12.9,6.2,5.7
2501,47147,16.3,12.9,6.2,5.7
2502,47149,16.3,12.9,6.2,5.7
2503,47151,16.3,12.9,6.2,5.7
2504,47153,16.3,12.9,6.2,5.7
2505,47155,16.3,12.9,6.2,5.7
2506,47157,16.3,12.9,6.2,5.7
2507,47159,16.3,12.9,6.2,5.7
2508,47161,16.3,12.9,6.2,5.7
2509,47163,16.3,12.9,6.2,5.7
2510,47165,16.3,12.9,6.2,5.7
2511,47167,16.3,12.9,6.2,5.7
2512,47169,16.3,12.9,6.2,5.7
2513,47171,16.3,12.9,6.2,5.7
2514,47173,16.3,12.9,6.2,5.7
2515,47175,16.3,12.9,6.2,5.7
2516,47177,16.3,12.9,6.2,5.7
2517,47179,16.3,12.9,6.2,5.7
2518,47181,16.3,12.9,6.2,5.7
2519,47183,16.3,12.9,6.2,5.7
2520,47185,16.3,12.9,6.2,5.7
2521,47187,16.3,12.9,6.2,5.7
2522,47189,16.3,12.9,6.2,5.7
2523,48001,17.2,14.0,6.2,5.8
2524,48003,17.2,14.0,6.2,5.8
2525,48005,17.2,14.0,6.2,5.8
2526,48007,17.2,14.0,6.2,5.8
2527,48009,17.2,14.0,6.2,5.8
2528,48011,17.2,14.0,6.2,5.8
2529,48013,17.2,14.0,6.2,5.8
2530,48015,17.2,14.0,6.2,5.8
2531,48017,17.2,14.0,6.2,5.8
2532,48019,17.2,14.0,6.2,5.8
2533,48021,17.2,14.0,6.2,5.8
2534,48023,17.2,14.0,6.2,5.8
2535,48025,17.2,14.0,6.2,5.8
2536,48027,17.2,14.0,6.2,5.8
2537,48029,17.2,14.0,6.2,5.8
2538,48031,17.2,14.0,6.2,5.8
2539,48033,17.2,14.0,6.2,5.8
2540,48035,17.2,14.0,6.2,5.8
2541,48037,17.2,14.0,6.2,5.8
2542,48039,17.2,14.0,6.2,5.8
2543,48041,17.2,14.0,6.2,5.8
2544,48043,17.2,14.0,6.2,5.8
2545,48045,17.2,14.0,6.2,5.8
2546,48047,17.2,14.0,6.2,5.8
2547,48049,17.2,14.0,6.2,5.8
2548,48051,17.2,14.0,6.2,5.8
2549,48053,17.2,14.0,6.2,5.8
2550,48055,17.2,14.0,6.2,5.8
2551,48057,17.2,14.0,6.2,5.8
2552,48059,17.2,14.0,6.2,5.8
2553,48061,17.2,14.0,6.2,5.8
2554,48063,17.2,14.0,6.2,5.8
2555,48065,17.2,14.0,6.2,5.8
2556,48067,17.2,14.0,6.2,5.8
2557,48069,17.2,14.0,6.2,5.8
2558,48071,17.2,14.0,6.2,5.8
2559,48073,17.2,14.0,6.2,5.8
2560,48075,17.2,14.0,6.2,5.8
2561,48077,17.2,14.0,6.2,5.8
2562,48079,17.2,14.0,6.2,5.8
2563,48081,17.2,14.0,6.2,5.8
2564,48083,17.2,14.0,6.2,5.8
2565,48085,17.2,14.0,6.2,5.8
2566,48087,17.2,14.0,6.2,5.8
2567,48089,17.2,14.0,6.2,5.8
2568,48091,17.2,14.0,6.2,5.8
2569,48093,17.2,14.0,6.2,5.8
2570,48095,17.2,14.0,6.2,5.8
2571,48097,17.2,14.0,6.2,5.8
2572,48099,17.2,14.0,6.2,5.8
2573,48101,17.2,14.0,6.2,5.8
2574,48103,17.2,14.0,6.2,5.8
2575,48105,17.2,14.0,6.2,5.8
2576,48107,17.2,14.0,6.2,5.8
2577,48109,17.2,14.0,6.2,5.8
2578,48111,17.2,14.0,6.2,5.8
2579,48113,17.2,14.0,6.2,5.8
2580,48115,17.2,14.0,6.2,5.8
2581,48117,17.2,14.0,6.2,5.8
2582,48119,17.2,14.0,6.2,5.8
2583,48121,17.2,14.0,6.2,5.8
2584,48123,17.2,14.0,6.2,5.8
2585,48125,17.2,14.0,6.2,5.8
2586,48127,17.2,14.0,6.2,5.8
2587,48129,17.2,14.0,6.2,5.8
2588,48131,17.2,14.0,6.2,5.8
2589,48133,17.2,14.0,6.2,5.8
2590,48135,17.2,14.0,6.2,5.8
2591,48137,17.2,14.0,6.2,5.8
2592,48139,17.2,14.0,6.2,5.8
2593,48141,17.2,14.0,6.2,5.8
2594,48143,17.2,14.0,6.2,5.8
2595,48145,17.2,14.0,6.2,5.8
2596,48147,17.2,14.0,6.2,5.8
2597,48149,17.2,14.0,6.2,5.8
2598,48151,17.2,14.0,6.2,5.8
2599,48153,17.2,14.0,6.2,5.8
2600,48155,17.2,14.0,6.2,5.8
2601,48157,17.2,14.0,6.2,5.8
2602,48159,17.2,14.0,6.2,5.8
2603,48161,17.2,14.0,6.2,5.8
2604,48163,17.2,14.0,6.2,5.8
2605,48165,17.2,14.0,6.2,5.8
2606,48167,17.2,14.0,6.2,5.8
2607,48169,17.2,14.0,6.2,5.8
2608,48171,17.2,14.0,6.2,5.8
2609,48173,17.2,14.0,6.2,5.8
2610,48175,17.2,14.0,6.2,5.8
2611,48177,17.2,14.0,6.2,5.8
2612,48179,17.2,14.0,6.2,5.8
2613,48181,17.2,14.0,6.2,5.8
2614,48183,17.2,14.0,6.2,5.8
2615,48185,17.2,14.0,6.2,5.8
2616,48187,17.2,14.0,6.2,5.8
2617,48189,17.2,14.0,6.2,5.8
2618,48191,17.2,14.0,6.2,5.8
2619,48193,17.2,14.0,6.2,5.8
2620,48195,17.2,14.0,6.2,5.8
2621,48197,17.2,14.0,6.2,5.8
2622,48199,17.2,14.0,6.2,5.8
2623,48201,17.2,14.0,6.2,5.8
2624,48203,17.2,14.0,6.2,5.8
2625,48205,17.2,14.0,6.2,5.8
2626,48207,17.2,14.0,6.2,5.8
2627,48209,17.2,14.0,6.2,5.8
2628,48211,17.2,14.0,6.2,5.8
2629,48213,17.2,14.0,6.2,5.8
2630,48215,17.2,14.0,6.2,5.8
2631,48217,17.2,14.0,6.2,5.8
2632,48219,17.2,14.0,6.2,5.8
2633,48221,17.2,14.0,6.2,5.8
2634,48223,17.2,14.0,6.2,5.8
2635,48225,17.2,14.0,6.2,5.8
2636,48227,17.2,14.0,6.2,5.8
2637,48229,17.2,14.0,6.2,5.8
2638,48231,17.2,14.0,6.2,5.8
2639,48233,17.2,14.0,6.2,5.8
2640,48235,17.2,14.0,6.2,5.8
2641,48237,17.2,14.0,6.2,5.8
2642,48239,17.2,14.0,6.2,5.8
2643,48241,17.2,14.0,6.2,5.8
2644,48243,17.2,14.0,6.2,5.8
2645,48245,17.2,14.0,6.2,5.8
2646,48247,17.2,14.0,6.2,5.8
2647,48249,17.2,14.0,6.2,5.8
2648,48251,17.2,14.0,6.2,5.8
2649,48253,17.2,14.0,6.2,5.8
2650,48255,17.2,14.0,6.2,5.8
2651,48257,17.2,14.0,6.2,5.8
2652,48259,17.2,14.0,6.2,5.8
2653,48261,17.2,14.0,6.2,5.8
2654,48263,17.2,14.0,6.2,5.8
2655,48265,17.2,14.0,6.2,5.8
2656,48267,17.2,14.0,6.2,5.8
2657,48269,17.2,14.0,6.2,5.8
2658,48271,17.2,14.0,6.2,5.8
2659,48273,17.2,14.0,6.2,5.8
2660,48275,17.2,14.0,6.2,5.8
2661,48277,17.2,14.0,6.2,5.8
2662,48279,17.2,14.0,6.2,5.8
2663,48281,17.2,14.0,6.2,5.8
2664,48283,17.2,14.0,6.2,5.8
2665,48285,17.2,14.0,6.2,5.8
2666,48287,17.2,14.0,6.2,5.8
2667,48289,17.2,14.0,6.2,5.8
2668,48291,17.2,14.0,6.2,5.8
2669,48293,17.2,14.0,6.2,5.8
2670,48295,17.2,14.0,6.2,5.8
2671,48297,17.2,14.0,6.2,5.8
2672,48299,17.2,14.0,6.2,5.8
2673,48301,17.2,14.0,6.2,5.8
2674,48303,17.2,14.0,6.2,5.8
2675,48305,17.2,14.0,6.2,5.8
2676,48307,17.2,14.0,6.2,5.8
2677,48309,17.2,14.0,6.2,5.8
2678,48311,17.2,14.0,6.2,5.8
2679,48313,17.2,14.0,6.2,5.8
2680,48315,17.2,14.0,6.2,5.8
2681,48317,17.2,14.0,6.2,5.8
2682,48319,17.2,14.0,6.2,5.8
2683,48321,17.2,14.0,6.2,5.8
2684,48323,17.2,14.0,6.2,5.8
2685,48325,17.2,14.0,6.2,5.8
2686,48327,17.2,14.0,6.2,5.8
2687,48329,17.2,14.0,6.2,5.8
2688,48331,17.2,14.0,6.2,5.8
2689,48333,17.2,14.0,6.2,5.8
2690,48335,17.2,14.0,6.2,5.8
2691,48337,17.2,14.0,6.2,5.8
2692,48339,17.2,14.0,6.2,5.8
2693,48341,17.2,14.0,6.2,5.8
2694,48343,17.2,14.0,6.2,5.8
2695,48345,17.2,14.0,6.2,5.8
2696,48347,17.2,14.0,6.2,5.8
2697,48349,17.2,14.0,6.2,5.8
2698,48351,17.2,14.0,6.2,5.8
2699,48353,17.2,14.0,6.2,5.8
2700,48355,17.2,14.0,6.2,5.8
2701,48357,17.2,14.0,6.2,5.8
2702,48359,17.2,14.0,6.2,5.8
2703,48361,17.2,14.0,6.2,5.8
2704,48363,17.2,14.0,6.2,5.8
2705,48365,17.2,14.0,6.2,5.8
2706,48367,17.2,14.0,6.2,5.8
2707,48369,17.2,14.0,6.2,5.8
2708,48371,17.2,14.0,6.2,5.8
2709,48373,17.2,14.0,6.2,5.8
2710,48375,17.2,14.0,6.2,5.8
2711,48377,17.2,14.0,6.2,5.8
2712,48379,17.2,14.0,6.2,5.8
2713,48381,17.2,14.0,6.2,5.8
2714,48383,17.2,14.0,6.2,5.8
2715,48385,17.2,14.0,6.2,5.8
2716,48387,17.2,14.0,6.2,5.8
2717,48389,17.2,14.0,6.2,5.8
2718,48391,17.2,14.0,6.2,5.8
2719,48393,17.2,14.0,6.2,5.8
2720,48395,17.2,14.0,6.2,5.8
2721,48397,17.2,14.0,6.2,5.8
2722,48399,17.2,14.0,6.2,5.8
2723,48401,17.2,14.0,6.2,5.8
2724,48403,17.2,14.0,6.2,5.8
2725,48405,17.2,14.0,6.2,5.8
2726,48407,17.2,14.0,6.2,5.8
2727,48409,17.2,14.0,6.2,5.8
2728,48411,17.2,14.0,6.2,5.8
2729,48413,17.2,14.0,6.2,5.8
2730,48415,17.2,14.0,6.2,5.8
2731,48417,17.2,14.0,6.2,5.8
2732,48419,17.2,14.0,6.2,5.8
2733,48421,17.2,14.0,6.2,5.8
2734,48423,17.2,14.0,6.2,5.8
2735,48425,17.2,14.0,6.2,5.8
2736,48427,17.2,14.0,6.2,5.8
2737,48429,17.2,14.0,6.2,5.8
2738,48431,17.2,14.0,6.2,5.8
2739,48433,17.2,14.0,6.2,5.8
2740,48435,17.2,14.0,6.2,5.8
2741,48437,17.2,14.0,6.2,5.8
2742,48439,17.2,14.0,6.2,5.8
2743,48441,17.2,14.0,6.2,5.8
2744,48443,17.2,14.0,6.2,5.8
2745,48445,17.2,14.0,6.2,5.8
2746,48447,17.2,14.0,6.2,5.8
2747,48449,17.2,14.0,6.2,5.8
2748,48451,17.2,14.0,6.2,5.8
2749,48453,17.2,14.0,6.2,5.8
2750,48455,17.2,14.0,6.2,5.8
2751,48457,17.2,14.0,6.2,5.8
2752,48459,17.2,14.0,6.2,5.8
2753,48461,17.2,14.0,6.2,5.8
2754,48463,17.2,14.0,6.2,5.8
2755,48465,17.2,14.0,6.2,5.8
2756,48467,17.2,14.0,6.2,5.8
2757,48469,17.2,14.0,6.2,5.8
2758,48471,17.2,14.0,6.2,5.8
2759,48473,17.2,14.0,6.2,5.8
2760,48475,17.2,14.0,6.2,5.8
2761,48477,17.2,14.0,6.2,5.8
2762,48479,17.2,14.0,6.2,5.8
2763,48481,17.2,14.0,6.2,5.8
2764,48483,17.2,14.0,6.2,5.8
2765,48485,17.2,14.0,6.2,5.8
2766,48487,17.2,14.0,6.2,5.8
2767,48489,17.2,14.0,6.2,5.8
2768,48491,17.2,14.0,6.2,5.8
2769,48493,17.2,14.0,6.2,5.8
2770,48495,17.2,14.0,6.2,5.8
2771,48497,17.2,14.0,6.2,5.8
2772,48499,17.2,14.0,6.2,5.8
2773,48501,17.2,14.0,6.2,5.8
2774,48503,17.2,14.0,6.2,5.8
2775,48505,17.2,14.0,6.2,5.8
2776,48507,17.2,14.0,6.2,5.8
2777,49001,13.3,10.7,4.7,3.9
2778,49003,13.3,10.7,4.7,3.9
2779,49005,13.3,10.7,4.7,3.9
2780,49007,13.3,10.7,4.7,3.9
2781,49009,13.3,10.7,4.7,3.9
2782,49011,13.3,10.7,4.7,3.9
2783,49013,13.3,10.7,4.7,3.9
2784,49015,13.3,10.7,4.7,3.9
2785,49017,13.3,10.7,4.7,3.9
2786,49019,13.3,10.7,4.7,3.9
2787,49021,13.3,10.7,4.7,3.9
2788,49023,13.3,10.7,4.7,3.9
2789,49025,13.3,10.7,4.7,3.9
2790,49027,13.3,10.7,4.7,3.9
2791,49029,13.3,10.7,4.7,3.9
2792,49031,13.3,10.7,4.7,3.9
2793,49033,13.3,10.7,4.7,3.9
2794,49035,13.3,10.7,4.7,3.9
2795,49037,13.3,10.7,4.7,3.9
2796,49039,13.3,10.7,4.7,3.9
2797,49041,13.3,10.7,4.7,3.9
2798,49043,13.3,10.7,4.7,3.9
2799,49045,13.3,10.7,4.7,3.9
2800,49047,13.3,10.7,4.7,3.9
2801,49049,13.3,10.7,4.7,3.9
2802,49051,13.3,10.7,4.7,3.9
2803,49053,13.3,10.7,4.7,3.9
2804,49055,13.3,10.7,4.7,3.9
2805,49057,13.3,10.7,4.7,3.9
2806,50001,10.1,10.1,4.3,4.4
2807,50003,10.1,10.1,4.3,4.4
2808,50005,10.1,10.1,4.3,4.4
2809,50007,10.1,10.1,4.3,4.4
2810,50009,10.1,10.1,4.3,4.4
2811,50011,10.1,10.1,4.3,4.4
2812,50013,10.1,10.1,4.3,4.4
2813,50015,10.1,10.1,4.3,4.4
2814,50017,10.1,10.1,4.3,4.4
2815,50019,10.1,10.1,4.3,4.4
2816,50021,10.1,10.1,4.3,4.4
2817,50023,10.1,10.1,4.3,4.4
2818,50025,10.1,10.1,4.3,4.4
2819,50027,10.1,10.1,4.3,4.4
2820,51001,12.6,9.8,6.0,3.6
2821,51003,12.6,9.8,6.0,3.6
2822,51005,12.6,9.8,6.0,3.6
2823,51007,12.6,9.8,6.0,3.6
2824,51009,12.6,9.8,6.0,3.6
2825,51011,12.6,9.8,6.0,3.6
2826,51013,12.6,9.8,6.0,3.6
2827,51015,12.6,9.8,6.0,3.6
2828,51017,12.6,9.8,6.0,3.6
2829,51019,12.6,9.8,6.0,3.6
2830,51021,12.6,9.8,6.0,3.6
2831,51023,12.6,9.8,6.0,3.6
2832,51025,12.6,9.8,6.0,3.6
2833,51027,12.6,9.8,6.0,3.6
2834,51029,12.6,9.8,6.0,3.6
2835,51031,12.6,9.8,6.0,3.6
2836,51033,12.6,9.8,6.0,3.6
2837,51035,12.6,9.8,6.0,3.6
2838,51036,12.6,9.8,6.0,3.6
2839,51037,12.6,9.8,6.0,3.6
2840,51041,12.6,9.8,6.0,3.6
2841,51043,12.6,9.8,6.0,3.6
2842,51045,12.6,9.8,6.0,3.6
2843,51047,12.6,9.8,6.0,3.6
2844,51049,12.6,9.8,6.0,3.6
2845,51051,12.6,9.8,6.0,3.6
2846,51053,12.6,9.8,6.0,3.6
2847,51057,12.6,9.8,6.0,3.6
2848,51059,12.6,9.8,6.0,3.6
2849,51061,12.6,9.8,6.0,3.6
2850,51063,12.6,9.8,6.0,3.6
2851,51065,12.6,9.8,6.0,3.6
2852,51067,12.6,9.8,6.0,3.6
2853,51069,12.6,9.8,6.0,3.6
2854,51071,12.6,9.8,6.0,3.6
2855,51073,12.6,9.8,6.0,3.6
2856,51075,12.6,9.8,6.0,3.6
2857,51077,12.6,9.8,6.0,3.6
2858,51079,12.6,9.8,6.0,3.6
2859,51081,12.6,9.8,6.0,3.6
2860,51083,12.6,9.8,6.0,3.6
2861,51085,12.6,9.8,6.0,3.6
2862,51087,12.6,9.8,6.0,3.6
2863,51089,12.6,9.8,6.0,3.6
2864,51091,12.6,9.8,6.0,3.6
2865,51093,12.6,9.8,6.0,3.6
2866,51095,12.6,9.8,6.0,3.6
2867,51097,12.6,9.8,6.0,3.6
2868,51099,12.6,9.8,6.0,3.6
2869,51101,12.6,9.8,6.0,3.6
2870,51103,12.6,9.8,6.0,3.6
2871,51105,12.6,9.8,6.0,3.6
2872,51107,12.6,9.8,6.0,3.6
2873,51109,12.6,9.8,6.0,3.6
2874,51111,12.6,9.8,6.0,3.6
2875,51113,12.6,9.8,6.0,3.6
2876,51115,12.6,9.8,6.0,3.6
2877,51117,12.6,9.8,6.0,3.6
2878,51119,12.6,9.8,6.0,3.6
2879,51121,12.6,9.8,6.0,3.6
2880,51125,12.6,9.8,6.0,3.6
2881,51127,12.6,9.8,6.0,3.6
2882,51131,12.6,9.8,6.0,3.6
2883,51133,12.6,9.8,6.0,3.6
2884,51135,12.6,9.8,6.0,3.6
2885,51137,12.6,9.8,6.0,3.6
2886,51139,12.6,9.8,6.0,3.6
2887,51141,12.6,9.8,6.0,3.6
2888,51143,12.6,9.8,6.0,3.6
2889,51145,12.6,9.8,6.0,3.6
2890,51147,12.6,9.8,6.0,3.6
2891,51149,12.6,9.8,6.0,3.6
2892,51153,12.6,9.8,6.0,3.6
2893,51155,12.6,9.8,6.0,3.6
2894,51157,12.6,9.8,6.0,3.6
2895,51159,12.6,9.8,6.0,3.6
2896,51161,12.6,9.8,6.0,3.6
2897,51163,12.6,9.8,6.0,3.6
2898,51165,12.6,9.8,6.0,3.6
2899,51167,12.6,9.8,6.0,3.6
2900,51169,12.6,9.8,6.0,3.6
2901,51171,12.6,9.8,6.0,3.6
2902,51173,12.6,9.8,6.0,3.6
2903,51175,12.6,9.8,6.0,3.6
2904,51177,12.6,9.8,6.0,3.6
2905,51179,12.6,9.8,6.0,3.6
2906,51181,12.6,9.8,6.0,3.6
2907,51183,12.6,9.8,6.0,3.6
2908,51185,12.6,9.8,6.0,3.6
2909,51187,12.6,9.8,6.0,3.6
2910,51191,12.6,9.8,6.0,3.6
2911,51193,12.6,9.8,6.0,3.6
2912,51195,12.6,9.8,6.0,3.6
2913,51197,12.6,9.8,6.0,3.6
2914,51199,12.6,9.8,6.0,3.6
2915,51510,12.6,9.8,6.0,3.6
2916,51515,12.6,9.8,6.0,3.6
2917,51520,12.6,9.8,6.0,3.6
2918,51530,12.6,9.8,6.0,3.6
2919,51540,12.6,9.8,6.0,3.6
2920,51550,12.6,9.8,6.0,3.6
2921,51570,12.6,9.8,6.0,3.6
2922,51580,12.6,9.8,6.0,3.6
2923,51590,12.6,9.8,6.0,3.6
2924,51595,12.6,9.8,6.0,3.6
2925,51600,12.6,9.8,6.0,3.6
2926,51610,12.6,9.8,6.0,3.6
2927,51620,12.6,9.8,6.0,3.6
2928,51630,12.6,9.8,6.0,3.6
2929,51640,12.6,9.8,6.0,3.6
2930,51650,12.6,9.8,6.0,3.6
2931,51660,12.6,9.8,6.0,3.6
2932,51670,12.6,9.8,6.0,3.6
2933,51678,12.6,9.8,6.0,3.6
2934,51680,12.6,9.8,6.0,3.6
2935,51683,12.6,9.8,6.0,3.6
2936,51685,12.6,9.8,6.0,3.6
2937,51690,12.6,9.8,6.0,3.6
2938,51700,12.6,9.8,6.0,3.6
2939,51710,12.6,9.8,6.0,3.6
2940,51720,12.6,9.8,6.0,3.6
2941,51730,12.6,9.8,6.0,3.6
2942,51735,12.6,9.8,6.0,3.6
2943,51740,12.6,9.8,6.0,3.6
2944,51750,12.6,9.8,6.0,3.6
2945,51760,12.6,9.8,6.0,3.6
2946,51770,12.6,9.8,6.0,3.6
2947,51775,12.6,9.8,6.0,3.6
2948,51790,12.6,9.8,6.0,3.6
2949,51800,12.6,9.8,6.0,3.6
2950,51810,12.6,9.8,6.0,3.6
2951,51820,12.6,9.8,6.0,3.6
2952,51830,12.6,9.8,6.0,3.6
2953,51840,12.6,9.8,6.0,3.6
2954,53001,13.7,10.8,5.5,4.1
2955,53003,13.7,10.8,5.5,4.1
2956,53005,13.7,10.8,5.5,4.1
2957,53007,13.7,10.8,5.5,4.1
2958,53009,13.7,10.8,5.5,4.1
2959,53011,13.7,10.8,5.5,4.1
2960,53013,13.7,10.8,5.5,4.1
2961,53015,13.7,10.8,5.5,4.1
2962,53017,13.7,10.8,5.5,4.1
2963,53019,13.7,10.8,5.5,4.1
2964,53021,13.7,10.8,5.5,4.1
2965,53023,13.7,10.8,5.5,4.1
2966,53025,13.7,10.8,5.5,4.1
2967,53027,13.7,10.8,5.5,4.1
2968,53029,13.7,10.8,5.5,4.1
2969,53031,13.7,10.8,5.5,4.1
2970,53033,13.7,10.8,5.5,4.1
2971,53035,13.7,10.8,5.5,4.1
2972,53037,13.7,10.8,5.5,4.1
2973,53039,13.7,10.8,5.5,4.1
2974,53041,13.7,10.8,5.5,4.1
2975,53043,13.7,10.8,5.5,4.1
2976,53045,13.7,10.8,5.5,4.1
2977,53047,13.7,10.8,5.5,4.1
2978,53049,13.7,10.8,5.5,4.1
2979,53051,13.7,10.8,5.5,4.1
2980,53053,13.7,10.8,5.5,4.1
2981,53055,13.7,10.8,5.5,4.1
2982,53057,13.7,10.8,5.5,4.1
2983,53059,13.7,10.8,5.5,4.1
2984,53061,13.7,10.8,5.5,4.1
2985,53063,13.7,10.8,5.5,4.1
2986,53065,13.7,10.8,5.5,4.1
2987,53067,13.7,10.8,5.5,4.1
2988,53069,13.7,10.8,5.5,4.1
2989,53071,13.7,10.8,5.5,4.1
2990,53073,13.7,10.8,5.5,4.1
2991,53075,13.7,10.8,5.5,4.1
2992,53077,13.7,10.8,5.5,4.1
2993,54001,11.4,10.0,4.9,3.8
2994,54003,11.4,10.0,4.9,3.8
2995,54005,11.4,10.0,4.9,3.8
2996,54007,11.4,10.0,4.9,3.8
2997,54009,11.4,10.0,4.9,3.8
2998,54011,11.4,10.0,4.9,3.8
2999,54013,11.4,10.0,4.9,3.8
3000,54015,11.4,10.0,4.9,3.8
3001,54017,11.4,10.0,4.9,3.8
3002,54019,11.4,10.0,4.9,3.8
3003,54021,11.4,10.0,4.9,3.8
3004,54023,11.4,10.0,4.9,3.8
3005,54025,11.4,10.0,4.9,3.8
3006,54027,11.4,10.0,4.9,3.8
3007,54029,11.4,10.0,4.9,3.8
3008,54031,11.4,10.0,4.9,3.8
3009,54033,11.4,10.0,4.9,3.8
3010,54035,11.4,10.0,4.9,3.8
3011,54037,11.4,10.0,4.9,3.8
3012,54039,11.4,10.0,4.9,3.8
3013,54041,11.4,10.0,4.9,3.8
3014,54043,11.4,10.0,4.9,3.8
3015,54045,11.4,10.0,4.9,3.8
3016,54047,11.4,10.0,4.9,3.8
3017,54049,11.4,10.0,4.9,3.8
3018,54051,11.4,10.0,4.9,3.8
3019,54053,11.4,10.0,4.9,3.8
3020,54055,11.4,10.0,4.9,3.8
3021,54057,11.4,10.0,4.9,3.8
3022,54059,11.4,10.0,4.9,3.8
3023,54061,11.4,10.0,4.9,3.8
3024,54063,11.4,10.0,4.9,3.8
3025,54065,11.4,10.0,4.9,3.8
3026,54067,11.4,10.0,4.9,3.8
3027,54069,11.4,10.0,4.9,3.8
3028,54071,11.4,10.0,4.9,3.8
3029,54073,11.4,10.0,4.9,3.8
3030,54075,11.4,10.0,4.9,3.8
3031,54077,11.4,10.0,4.9,3.8
3032,54079,11.4,10.0,4.9,3.8
3033,54081,11.4,10.0,4.9,3.8
3034,54083,11.4,10.0,4.9,3.8
3035,54085,11.4,10.0,4.9,3.8
3036,54087,11.4,10.0,4.9,3.8
3037,54089,11.4,10.0,4.9,3.8
3038,54091,11.4,10.0,4.9,3.8
3039,54093,11.4,10.0,4.9,3.8
3040,54095,11.4,10.0,4.9,3.8
3041,54097,11.4,10.0,4.9,3.8
3042,54099,11.4,10.0,4.9,3.8
3043,54101,11.4,10.0,4.9,3.8
3044,54103,11.4,10.0,4.9,3.8
3045,54105,11.4,10.0,4.9,3.8
3046,54107,11.4,10.0,4.9,3.8
3047,54109,11.4,10.0,4.9,3.8
3048,55001,15.3,14.9,5.9,6.2
3049,55003,15.3,14.9,5.9,6.2
3050,55005,15.3,14.9,5.9,6.2
3051,55007,15.3,14.9,5.9,6.2
3052,55009,15.3,14.9,5.9,6.2
3053,55011,15.3,14.9,5.9,6.2
3054,55013,15.3,14.9,5.9,6.2
3055,55015,15.3,14.9,5.9,6.2
3056,55017,15.3,14.9,5.9,6.2
3057,55019,15.3,14.9,5.9,6.2
3058,55021,15.3,14.9,5.9,6.2
3059,55023,15.3,14.9,5.9,6.2
3060,55025,15.3,14.9,5.9,6.2
3061,55027,15.3,14.9,5.9,6.2
3062,55029,15.3,14.9,5.9,6.2
3063,55031,15.3,14.9,5.9,6.2
3064,55033,15.3,14.9,5.9,6.2
3065,55035,15.3,14.9,5.9,6.2
3066,55037,15.3,14.9,5.9,6.2
3067,55039,15.3,14.9,5.9,6.2
3068,55041,15.3,14.9,5.9,6.2
3069,55043,15.3,14.9,5.9,6.2
3070,55045,15.3,14.9,5.9,6.2
3071,55047,15.3,14.9,5.9,6.2
3072,55049,15.3,14.9,5.9,6.2
3073,55051,15.3,14.9,5.9,6.2
3074,55053,15.3,14.9,5.9,6.2
3075,55055,15.3,14.9,5.9,6.2
3076,55057,15.3,14.9,5.9,6.2
3077,55059,15.3,14.9,5.9,6.2
3078,55061,15.3,14.9,5.9,6.2
3079,55063,15.3,14.9,5.9,6.2
3080,55065,15.3,14.9,5.9,6.2
3081,55067,15.3,14.9,5.9,6.2
3082,55069,15.3,14.9,5.9,6.2
3083,55071,15.3,14.9,5.9,6.2
3084,55073,15.3,14.9,5.9,6.2
3085,55075,15.3,14.9,5.9,6.2
3086,55077,15.3,14.9,5.9,6.2
3087,55078,15.3,14.9,5.9,6.2
3088,55079,15.3,14.9,5.9,6.2
3089,55081,15.3,14.9,5.9,6.2
3090,55083,15.3,14.9,5.9,6.2
3091,55085,15.3,14.9,5.9,6.2
3092,55087,15.3,14.9,5.9,6.2
3093,55089,15.3,14.9,5.9,6.2
3094,55091,15.3,14.9,5.9,6.2
3095,55093,15.3,14.9,5.9,6.2
3096,55095,15.3,14.9,5.9,6.2
3097,55097,15.3,14.9,5.9,6.2
3098,55099,15.3,14.9,5.9,6.2
3099,55101,15.3,14.9,5.9,6.2
3100,55103,15.3,14.9,5.9,6.2
3101,55105,15.3,14.9,5.9,6.2
3102,55107,15.3,14.9,5.9,6.2
3103,55109,15.3,14.9,5.9,6.2
3104,55111,15.3,14.9,5.9,6.2
3105,55113,15.3,14.9,5.9,6.2
3106,55115,15.3,14.9,5.9,6.2
3107,55117,15.3,14.9,5.9,6.2
3108,55119,15.3,14.9,5.9,6.2
3109,55121,15.3,14.9,5.9,6.2
3110,55123,15.3,14.9,5.9,6.2
3111,55125,15.3,14.9,5.9,6.2
3112,55127,15.3,14.9,5.9,6.2
3113,55129,15.3,14.9,5.9,6.2
3114,55131,15.3,14.9,5.9,6.2
3115,55133,15.3,14.9,5.9,6.2
3116,55135,15.3,14.9,5.9,6.2
3117,55137,15.3,14.9,5.9,6.2
3118,55139,15.3,14.9,5.9,6.2
3119,55141,15.3,14.9,5.9,6.2
3120,56001,14.0,13.2,5.3,5.1
3121,56003,14.0,13.2,5.3,5.1
3122,56005,14.0,13.2,5.3,5.1
3123,56007,14.0,13.2,5.3,5.1
3124,56009,14.0,13.2,5.3,5.1
3125,56011,14.0,13.2,5.3,5.1
3126,56013,14.0,13.2,5.3,5.1
3127,56015,14.0,13.2,5.3,5.1
3128,56017,14.0,13.2,5.3,5.1
3129,56019,14.0,13.2,5.3,5.1
3130,56021,14.0,13.2,5.3,5.1
3131,56023,14.0,13.2,5.3,5.1
3132,56025,14.0,13.2,5.3,5.1
3133,56027,14.0,13.2,5.3,5.1
3134,56029,14.0,13.2,5.3,5.1
3135,56031,14.0,13.2,5.3,5.1
3136,56033,14.0,13.2,5.3,5.1
3137,56035,14.0,13.2,5.3,5.1
3138,56037,14.0,13.2,5.3,5.1
3139,56039,14.0,13.2,5.3,5.1
3140,56041,14.0,13.2,5.3,5.1
3141,56043,14.0,13.2,5.3,5.1
3142,56045,14.0,13.2,5.3,5.1
