2016.0,80695.0,8.5,0.0,8.5,0.0,0.0
2020.0,77791.0,8.7,0.0,12.4,0.0,1.0
2050.0,44849.0,24.2,0.0,31.5,1.0,0.0
2070.0,50753.0,20.0,0.0,30.4,1.0,0.0
2090.0,70881.0,8.1,0.0,10.1,0.0,1.0
2110.0,82892.0,8.0,0.0,10.1,0.0,0.0
2122.0,62025.0,11.4,0.0,14.0,0.0,0.0
2170.0,76601.0,9.8,0.0,11.8,0.0,1.0
2180.0,52952.0,21.4,0.0,27.6,0.0,0.0
2185.0,70834.0,12.6,0.0,17.6,0.0,0.0
2188.0,53774.0,26.3,0.0,34.9,0.0,0.0
2198.0,45305.0,15.6,0.0,23.8,0.0,0.0
2261.0,70101.0,9.5,0.0,12.2,0.0,0.0
2290.0,37755.0,23.4,1.0,34.4,1.0,0.0
4001.0,31072.0,38.0,1.0,44.7,1.0,0.0
4003.0,43451.0,16.9,0.0,25.7,0.0,1.0
4005.0,51955.0,19.5,0.0,20.7,1.0,1.0
4007.0,41346.0,21.3,0.0,36.6,0.0,0.0
4009.0,44169.0,22.9,0.0,26.9,1.0,0.0
4012.0,34835.0,22.2,0.0,36.9,1.0,0.0
4013.0,56017.0,16.3,0.0,23.0,0.0,1.0
4015.0,40360.0,17.4,0.0,29.8,0.0,1.0
4017.0,37658.0,28.1,1.0,36.7,1.0,0.0
4019.0,47107.0,18.7,0.0,27.7,0.0,1.0
4021.0,50888.0,15.8,0.0,21.6,0.0,1.0
4023.0,34893.0,24.4,0.0,36.7,1.0,0.0
4025.0,47220.0,15.1,0.0,23.4,0.0,1.0
4027.0,40426.0,21.1,0.0,30.8,1.0,1.0
5001.0,41179.0,20.7,0.0,30.5,1.0,0.0
5003.0,39871.0,19.6,0.0,31.2,1.0,0.0
5005.0,36902.0,16.4,0.0,28.5,0.0,0.0
5007.0,60294.0,10.8,0.0,15.3,0.0,1.0
5009.0,40909.0,16.5,0.0,25.1,0.0,0.0
5015.0,37587.0,16.6,0.0,27.7,1.0,0.0
5017.0,29968.0,31.4,1.0,43.2,1.0,0.0
5019.0,37856.0,22.5,0.0,28.2,1.0,0.0
5023.0,43913.0,15.6,0.0,24.7,0.0,0.0
5027.0,38057.0,23.8,1.0,32.8,1.0,0.0
5031.0,42460.0,17.3,0.0,24.3,0.0,1.0
5033.0,46545.0,14.4,0.0,22.5,0.0,1.0
5035.0,37371.0,25.9,1.0,37.3,1.0,1.0
5037.0,39132.0,21.5,0.0,31.8,1.0,0.0
5045.0,51157.0,14.8,0.0,17.0,0.0,1.0
5047.0,41933.0,18.2,0.0,26.9,0.0,0.0
5051.0,37723.0,19.3,0.0,28.2,0.0,1.0
5055.0,43996.0,17.1,0.0,24.9,0.0,0.0
5057.0,34560.0,24.1,0.0,34.1,1.0,0.0
5059.0,39851.0,20.8,0.0,28.1,0.0,0.0
5061.0,33199.0,18.7,0.0,30.7,0.0,0.0
5063.0,38241.0,18.0,0.0,26.8,0.0,0.0
5065.0,35355.0,19.8,0.0,31.4,1.0,0.0
5067.0,32571.0,27.5,0.0,39.7,1.0,0.0
5069.0,36990.0,26.5,1.0,37.8,1.0,1.0
5075.0,34808.0,23.7,0.0,33.5,1.0,0.0
5083.0,37924.0,20.5,0.0,30.5,0.0,0.0
5085.0,56240.0,11.9,0.0,16.7,0.0,1.0
5089.0,34946.0,18.8,0.0,34.7,0.0,0.0
5091.0,39005.0,22.3,0.0,31.5,1.0,1.0
5093.0,34888.0,26.3,1.0,37.6,1.0,0.0
5103.0,37987.0,22.8,0.0,35.1,1.0,0.0
5107.0,28224.0,37.3,1.0,56.4,1.0,0.0
5109.0,36266.0,18.5,0.0,30.2,0.0,0.0
5111.0,32756.0,23.9,1.0,36.6,1.0,1.0
5113.0,34723.0,24.4,0.0,32.4,1.0,0.0
5115.0,41074.0,20.8,0.0,24.6,0.0,0.0
5117.0,39518.0,19.6,0.0,28.5,0.0,0.0
5119.0,46473.0,19.4,0.0,27.7,0.0,1.0
5123.0,31625.0,30.7,1.0,44.3,1.0,0.0
5125.0,56926.0,10.7,0.0,15.3,0.0,1.0
5127.0,36028.0,20.8,0.0,34.7,1.0,0.0
5131.0,41452.0,22.1,0.0,29.9,0.0,1.0
5135.0,32095.0,24.6,0.0,39.2,1.0,0.0
5139.0,42195.0,19.7,0.0,27.0,1.0,0.0
5141.0,38306.0,19.0,0.0,29.6,1.0,0.0
5143.0,46418.0,16.9,0.0,21.3,0.0,1.0
5145.0,42508.0,19.7,0.0,24.2,0.0,0.0
6001.0,81462.0,11.5,0.0,13.8,0.0,1.0
6005.0,55879.0,13.1,0.0,19.5,0.0,0.0
6007.0,45369.0,21.4,0.0,23.8,0.0,1.0
6009.0,52471.0,13.0,0.0,21.2,0.0,0.0
6011.0,51118.0,13.2,0.0,19.4,0.0,0.0
6013.0,83036.0,10.2,0.0,12.7,0.0,1.0
6015.0,38963.0,23.3,0.0,33.8,0.0,0.0
6017.0,75575.0,9.1,0.0,11.6,0.0,1.0
6019.0,46608.0,25.2,0.0,36.3,1.0,1.0
6021.0,43584.0,18.5,0.0,25.7,0.0,0.0
6023.0,40739.0,20.9,0.0,23.0,0.0,0.0
6025.0,39925.0,24.3,0.0,31.4,1.0,1.0
6027.0,51697.0,12.4,0.0,19.9,0.0,0.0
6029.0,51150.0,21.9,0.0,31.3,0.0,1.0
6031.0,46440.0,22.4,0.0,28.4,0.0,1.0
6033.0,37993.0,20.5,0.0,30.2,0.0,0.0
6035.0,54670.0,17.1,0.0,19.7,0.0,0.0
6037.0,59045.0,16.7,0.0,23.5,0.0,1.0
6039.0,46593.0,22.6,0.0,32.3,1.0,1.0
6041.0,99868.0,7.5,0.0,8.8,0.0,1.0
6045.0,43237.0,20.3,0.0,27.3,0.0,0.0
6047.0,42879.0,25.9,0.0,35.9,0.0,1.0
6049.0,38402.0,20.3,0.0,31.1,0.0,0.0
6053.0,60047.0,15.3,0.0,22.3,0.0,1.0
6055.0,72683.0,10.1,0.0,12.1,0.0,1.0
6057.0,57627.0,12.4,0.0,16.4,0.0,0.0
6059.0,78002.0,12.7,0.0,16.8,0.0,1.0
6061.0,76203.0,8.6,0.0,9.0,0.0,1.0
6063.0,46813.0,13.8,0.0,22.5,0.0,0.0
6065.0,57895.0,16.2,0.0,22.6,0.0,1.0
6067.0,58735.0,16.9,0.0,22.7,0.0,1.0
6069.0,76521.0,9.3,0.0,14.0,0.0,1.0
6071.0,53526.0,18.9,0.0,27.3,0.0,1.0
6073.0,67053.0,13.9,0.0,17.8,0.0,1.0
6075.0,90527.0,12.4,0.0,13.5,0.0,1.0
6077.0,53341.0,17.5,0.0,23.7,0.0,1.0
6079.0,61761.0,14.4,0.0,14.6,0.0,1.0
6081.0,101133.0,8.4,0.0,9.7,0.0,1.0
6083.0,63049.0,15.6,0.0,20.0,0.0,1.0
6085.0,102191.0,8.3,0.0,9.0,0.0,1.0
6087.0,64841.0,15.4,0.0,17.6,0.0,1.0
6089.0,45943.0,19.0,0.0,26.5,0.0,1.0
6093.0,37447.0,22.6,0.0,31.4,0.0,0.0
6095.0,67202.0,12.0,0.0,15.8,0.0,1.0
6097.0,66463.0,11.0,0.0,14.0,0.0,1.0
6099.0,51949.0,19.5,0.0,26.6,0.0,1.0
6101.0,50810.0,17.5,0.0,24.4,0.0,1.0
6103.0,40292.0,22.5,0.0,32.1,0.0,0.0
6107.0,42637.0,27.2,0.0,36.3,1.0,1.0
6109.0,53136.0,14.5,0.0,21.6,0.0,0.0
6111.0,79285.0,9.9,0.0,14.3,0.0,1.0
6113.0,58766.0,17.5,0.0,16.8,0.0,1.0
6115.0,46500.0,21.6,0.0,31.7,1.0,1.0
8001.0,62991.0,12.8,0.0,17.3,0.0,1.0
8003.0,40067.0,24.0,1.0,30.2,1.0,0.0
8005.0,67062.0,9.2,0.0,12.2,0.0,1.0
8013.0,72392.0,12.3,0.0,10.9,0.0,1.0
8014.0,86548.0,4.9,0.0,5.8,0.0,1.0
8029.0,42586.0,15.8,0.0,23.7,0.0,0.0
8031.0,57886.0,15.7,0.0,23.1,1.0,1.0
8035.0,109926.0,3.4,0.0,3.3,0.0,1.0
8037.0,75191.0,7.6,0.0,10.6,0.0,0.0
8041.0,60050.0,11.0,0.0,14.9,0.0,1.0
8043.0,41967.0,17.2,0.0,24.8,0.0,0.0
8045.0,64487.0,10.3,0.0,14.6,0.0,0.0
8059.0,71209.0,7.9,0.0,9.7,0.0,1.0
8063.0,44090.0,12.2,0.0,20.0,0.0,0.0
8067.0,60732.0,9.4,0.0,11.5,0.0,0.0
8069.0,64935.0,12.2,0.0,10.7,0.0,1.0
8077.0,51449.0,14.1,0.0,17.8,0.0,1.0
8083.0,42975.0,19.3,0.0,28.7,0.0,0.0
8085.0,46860.0,17.7,0.0,25.2,0.0,0.0
8087.0,49087.0,12.1,0.0,16.9,0.0,0.0
8089.0,34970.0,20.6,0.0,30.6,1.0,0.0
8099.0,41348.0,19.6,0.0,27.9,1.0,0.0
8101.0,40540.0,19.8,0.0,27.1,0.0,1.0
8117.0,69633.0,8.7,0.0,10.3,0.0,0.0
8119.0,66191.0,8.8,0.0,15.3,0.0,1.0
8123.0,69434.0,11.3,0.0,13.5,0.0,1.0
8125.0,48934.0,14.1,0.0,18.6,0.0,0.0
9001.0,86297.0,9.0,0.0,11.2,0.0,1.0
9003.0,69260.0,11.1,0.0,15.7,0.0,1.0
9005.0,70847.0,7.4,0.0,9.4,0.0,0.0
9007.0,82878.0,6.7,0.0,7.4,0.0,1.0
9009.0,61758.0,13.6,0.0,20.0,0.0,1.0
9011.0,65602.0,11.1,0.0,17.4,0.0,1.0
9013.0,81616.0,7.1,0.0,7.2,0.0,1.0
9015.0,61303.0,10.9,0.0,16.8,0.0,1.0
10001.0,55678.0,14.2,0.0,21.3,0.0,1.0
10003.0,66179.0,12.1,0.0,17.6,0.0,1.0
10005.0,54309.0,12.3,0.0,21.4,0.0,1.0
11001.0,73115.0,17.7,0.0,28.3,1.0,1.0
12001.0,47023.0,21.1,1.0,21.6,0.0,1.0
12003.0,50883.0,16.8,0.0,24.2,0.0,1.0
12005.0,47745.0,16.5,0.0,25.8,0.0,1.0
12007.0,40879.0,21.3,0.0,31.0,0.0,0.0
12009.0,50352.0,13.4,0.0,21.3,0.0,1.0
12011.0,53624.0,14.0,0.0,20.3,0.0,1.0
12015.0,45495.0,12.4,0.0,23.3,0.0,1.0
12017.0,39982.0,17.5,0.0,31.4,0.0,1.0
12019.0,59244.0,11.6,0.0,15.7,0.0,1.0
12021.0,62385.0,13.6,0.0,22.9,0.0,1.0
12023.0,43303.0,19.7,0.0,30.4,0.0,0.0
12027.0,34380.0,30.5,0.0,41.3,1.0,0.0
12031.0,49565.0,16.0,0.0,25.4,0.0,1.0
12033.0,45735.0,15.4,0.0,27.4,1.0,1.0
12035.0,50347.0,11.7,0.0,20.9,0.0,1.0
12037.0,38220.0,23.7,0.0,38.5,1.0,0.0
12039.0,36637.0,24.5,0.0,38.4,1.0,1.0
12049.0,35850.0,25.9,1.0,36.5,1.0,0.0
12051.0,39320.0,25.8,0.0,36.4,1.0,0.0
12053.0,43103.0,14.3,0.0,24.5,0.0,1.0
12055.0,34691.0,22.9,0.0,38.1,1.0,1.0
12057.0,51710.0,15.8,0.0,21.4,0.0,1.0
12061.0,49887.0,13.0,0.0,22.5,0.0,1.0
12063.0,36751.0,22.5,0.0,31.8,0.0,0.0
12069.0,49711.0,12.8,0.0,20.9,0.0,1.0
12071.0,50713.0,15.9,0.0,25.2,0.0,1.0
12073.0,46405.0,21.8,0.0,22.3,0.0,1.0
12075.0,36005.0,22.1,0.0,35.3,1.0,0.0
12081.0,50728.0,14.8,0.0,24.2,0.0,1.0
12083.0,40053.0,18.7,0.0,31.9,1.0,1.0
12085.0,53459.0,11.2,0.0,18.1,0.0,1.0
12086.0,43687.0,20.0,0.0,27.3,0.0,1.0
12087.0,58332.0,11.3,0.0,18.8,0.0,0.0
12089.0,55707.0,10.8,0.0,16.0,0.0,1.0
12091.0,55391.0,11.3,0.0,18.7,0.0,1.0
12093.0,35787.0,23.2,0.0,34.6,0.0,0.0
12095.0,50593.0,15.6,0.0,22.6,0.0,1.0
12097.0,45127.0,18.5,0.0,27.5,0.0,1.0
12099.0,56638.0,13.5,0.0,20.8,0.0,1.0
12101.0,46080.0,14.6,0.0,19.5,0.0,1.0
12103.0,47591.0,13.6,0.0,20.6,0.0,1.0
12105.0,44024.0,17.3,0.0,26.7,0.0,1.0
12107.0,32351.0,27.3,0.0,41.1,1.0,0.0
12109.0,71896.0,9.8,0.0,10.1,0.0,1.0
12111.0,45918.0,16.4,0.0,25.3,1.0,1.0
12113.0,59289.0,12.3,0.0,16.9,0.0,1.0
12115.0,55882.0,9.7,0.0,17.6,0.0,1.0
12117.0,57357.0,11.5,0.0,16.1,0.0,1.0
12119.0,54592.0,10.1,0.0,30.6,1.0,1.0
12121.0,37368.0,23.6,0.0,35.2,1.0,0.0
12123.0,39116.0,21.2,0.0,30.0,1.0,0.0
12127.0,42334.0,16.3,0.0,25.1,0.0,1.0
12131.0,47875.0,14.8,0.0,26.1,1.0,1.0
12133.0,36328.0,24.8,0.0,34.2,1.0,0.0
15001.0,54914.0,18.3,0.0,28.5,0.0,0.0
15003.0,76544.0,9.2,0.0,11.5,0.0,1.0
15007.0,70122.0,11.2,0.0,15.9,0.0,0.0
16001.0,58431.0,11.7,0.0,12.2,0.0,1.0
16005.0,43298.0,22.3,0.0,22.2,0.0,1.0
16009.0,41368.0,18.0,0.0,25.5,0.0,0.0
16011.0,49644.0,14.0,0.0,18.2,0.0,0.0
16013.0,65272.0,8.9,0.0,12.0,0.0,0.0
16017.0,44072.0,15.8,0.0,23.6,0.0,0.0
16019.0,54008.0,13.2,0.0,16.7,0.0,1.0
16027.0,44585.0,15.9,0.0,19.1,0.0,1.0
16031.0,47932.0,16.7,0.0,20.5,0.0,0.0
16035.0,42630.0,15.3,0.0,24.0,0.0,0.0
16039.0,44509.0,15.0,0.0,21.7,0.0,0.0
16047.0,48950.0,13.9,0.0,21.3,0.0,0.0
16049.0,41157.0,16.3,0.0,23.0,0.0,0.0
16055.0,48864.0,14.7,0.0,19.2,0.0,1.0
16057.0,46360.0,19.6,0.0,14.5,0.0,0.0
16065.0,38065.0,28.1,1.0,18.6,0.0,0.0
16069.0,50939.0,13.5,0.0,18.5,0.0,1.0
16075.0,44499.0,15.7,0.0,22.0,0.0,0.0
16079.0,37497.0,21.1,0.0,30.3,0.0,0.0
16083.0,45799.0,14.6,0.0,19.3,0.0,0.0
17001.0,47264.0,13.4,0.0,18.9,0.0,0.0
17007.0,62382.0,10.3,0.0,14.5,0.0,1.0
17011.0,51275.0,12.6,0.0,19.3,0.0,0.0
17017.0,46647.0,12.2,0.0,18.1,0.0,0.0
17019.0,50813.0,20.1,0.0,18.3,0.0,1.0
17021.0,49041.0,12.7,0.0,19.2,0.0,0.0
17023.0,50700.0,13.8,0.0,21.5,0.0,0.0
17025.0,43577.0,14.5,0.0,21.1,0.0,0.0
17027.0,64030.0,8.5,0.0,12.0,0.0,1.0
17029.0,42613.0,21.8,0.0,24.5,0.0,0.0
17031.0,56841.0,16.2,0.0,23.5,0.0,1.0
17037.0,56874.0,16.2,0.0,16.3,0.0,1.0
17039.0,54796.0,11.6,0.0,19.3,0.0,1.0
17043.0,81616.0,7.1,0.0,9.2,0.0,1.0
17045.0,50306.0,13.9,0.0,22.6,0.0,0.0
17049.0,53077.0,9.8,0.0,14.1,0.0,0.0
17051.0,41838.0,18.5,0.0,29.8,0.0,0.0
17055.0,43428.0,18.7,0.0,28.2,0.0,0.0
17057.0,44649.0,14.9,0.0,21.0,0.0,0.0
17061.0,43943.0,16.6,0.0,23.4,0.0,0.0
17063.0,71928.0,7.7,0.0,10.2,0.0,1.0
17067.0,48213.0,12.7,0.0,19.0,0.0,0.0
17073.0,58983.0,10.7,0.0,14.7,0.0,1.0
17075.0,49836.0,13.3,0.0,20.1,0.0,0.0
17077.0,36613.0,23.5,1.0,29.7,0.0,1.0
17081.0,46460.0,16.7,0.0,26.5,0.0,0.0
17085.0,51201.0,9.4,0.0,13.5,0.0,0.0
17089.0,70502.0,10.8,0.0,16.1,0.0,1.0
17091.0,53227.0,15.2,0.0,22.3,0.0,1.0
17093.0,88773.0,4.8,0.0,6.6,0.0,1.0
17095.0,43796.0,17.2,0.0,26.8,0.0,0.0
17097.0,82160.0,9.0,0.0,12.3,0.0,1.0
17099.0,52316.0,12.9,0.0,19.6,0.0,0.0
17101.0,43268.0,17.7,0.0,23.4,0.0,0.0
17103.0,52581.0,12.7,0.0,18.1,0.0,0.0
17105.0,55474.0,12.8,0.0,18.2,0.0,0.0
17107.0,58191.0,13.7,0.0,20.1,0.0,0.0
17109.0,42453.0,22.8,0.0,26.0,0.0,0.0
17111.0,80513.0,8.1,0.0,10.7,0.0,1.0
17113.0,65766.0,11.7,0.0,11.6,0.0,1.0
17115.0,48302.0,18.2,0.0,27.7,0.0,1.0
17117.0,50460.0,13.7,0.0,21.1,0.0,1.0
17119.0,52969.0,12.9,0.0,17.7,0.0,1.0
17121.0,43018.0,18.0,0.0,29.5,0.0,0.0
17127.0,41548.0,16.8,0.0,26.5,0.0,0.0
17131.0,57934.0,10.1,0.0,13.8,0.0,1.0
17133.0,79686.0,5.0,0.0,5.5,0.0,1.0
17135.0,46006.0,16.6,0.0,24.2,0.0,0.0
17137.0,45259.0,14.8,0.0,22.3,0.0,0.0
17139.0,58975.0,8.6,0.0,15.6,0.0,0.0
17141.0,57268.0,10.4,0.0,14.5,0.0,0.0
17143.0,53781.0,15.6,0.0,23.0,0.0,1.0
17145.0,46598.0,16.8,0.0,23.6,0.0,0.0
17149.0,45106.0,15.0,0.0,22.9,0.0,0.0
17157.0,50129.0,14.3,0.0,19.7,0.0,0.0
17159.0,43332.0,14.9,0.0,20.3,0.0,0.0
17161.0,50419.0,13.2,0.0,20.8,0.0,1.0
17163.0,50416.0,16.4,0.0,25.6,1.0,1.0
17165.0,40873.0,23.2,0.0,35.2,0.0,0.0
17167.0,57591.0,15.3,0.0,22.8,0.0,1.0
17173.0,49633.0,11.6,0.0,17.1,0.0,0.0
17177.0,46430.0,13.0,0.0,22.5,0.0,0.0
17179.0,57747.0,8.4,0.0,12.2,0.0,1.0
17181.0,44221.0,15.3,0.0,25.6,0.0,0.0
17183.0,44705.0,18.4,0.0,29.1,0.0,1.0
17187.0,46189.0,14.3,0.0,20.8,0.0,0.0
17189.0,57019.0,8.8,0.0,13.7,0.0,0.0
17191.0,47995.0,12.8,0.0,21.7,0.0,0.0
17193.0,46588.0,14.9,0.0,23.0,0.0,0.0
17195.0,45463.0,12.8,0.0,19.6,0.0,0.0
17197.0,76293.0,8.0,0.0,11.3,0.0,1.0
17199.0,47678.0,16.2,0.0,25.0,0.0,1.0
17201.0,50024.0,14.7,0.0,22.5,0.0,1.0
17203.0,68233.0,7.0,0.0,9.0,0.0,1.0
19001.0,51531.0,11.9,0.0,16.5,0.0,0.0
19005.0,47756.0,10.8,0.0,17.0,0.0,0.0
19007.0,41018.0,16.5,0.0,25.2,0.0,0.0
19011.0,65127.0,8.3,0.0,10.3,0.0,1.0
19013.0,50335.0,14.2,0.0,16.8,0.0,1.0
19015.0,58010.0,8.8,0.0,11.4,0.0,0.0
19017.0,65295.0,7.8,0.0,7.1,0.0,1.0
19019.0,55848.0,10.3,0.0,14.4,0.0,0.0
19021.0,51991.0,13.7,0.0,19.1,0.0,0.0
19023.0,54947.0,9.2,0.0,11.8,0.0,0.0
19027.0,58575.0,8.7,0.0,10.5,0.0,0.0
19029.0,45915.0,13.9,0.0,19.7,0.0,0.0
19031.0,60120.0,7.3,0.0,9.7,0.0,0.0
19033.0,50208.0,12.3,0.0,14.7,0.0,0.0
19035.0,52879.0,10.3,0.0,14.2,0.0,0.0
19041.0,52584.0,11.6,0.0,15.7,0.0,0.0
19043.0,48598.0,11.2,0.0,16.6,0.0,0.0
19045.0,52945.0,13.4,0.0,18.2,0.0,0.0
19047.0,51834.0,15.1,0.0,18.4,0.0,0.0
19049.0,81381.0,5.3,0.0,6.0,0.0,1.0
19057.0,50125.0,14.7,0.0,22.6,0.0,0.0
19059.0,56869.0,8.6,0.0,10.7,0.0,0.0
19061.0,57862.0,12.0,0.0,13.9,0.0,1.0
19065.0,47615.0,12.9,0.0,18.1,0.0,0.0
19071.0,55421.0,12.1,0.0,17.0,0.0,0.0
19079.0,54042.0,11.0,0.0,15.6,0.0,0.0
19081.0,56746.0,9.2,0.0,12.2,0.0,0.0
19083.0,50947.0,9.6,0.0,16.5,0.0,0.0
19085.0,57244.0,9.9,0.0,13.2,0.0,1.0
19087.0,50241.0,12.0,0.0,16.4,0.0,0.0
19097.0,49956.0,12.9,0.0,17.6,0.0,0.0
19099.0,53765.0,9.3,0.0,12.9,0.0,0.0
19103.0,57706.0,18.3,0.0,12.7,0.0,1.0
19105.0,55789.0,11.1,0.0,14.3,0.0,1.0
19109.0,52433.0,11.6,0.0,15.1,0.0,0.0
19111.0,45428.0,15.9,0.0,22.9,0.0,0.0
19113.0,58142.0,11.0,0.0,12.2,0.0,1.0
19119.0,64057.0,7.4,0.0,9.1,0.0,0.0
19121.0,65294.0,8.2,0.0,10.3,0.0,1.0
19123.0,50335.0,14.4,0.0,16.7,0.0,0.0
19125.0,57411.0,9.2,0.0,10.6,0.0,0.0
19127.0,53980.0,11.3,0.0,17.3,0.0,0.0
19129.0,62507.0,10.3,0.0,13.5,0.0,1.0
19131.0,61352.0,9.3,0.0,14.7,0.0,0.0
19133.0,43991.0,13.2,0.0,18.0,0.0,0.0
19137.0,43210.0,13.4,0.0,19.6,0.0,0.0
19139.0,53401.0,11.5,0.0,16.2,0.0,0.0
19141.0,53907.0,9.2,0.0,12.3,0.0,0.0
19145.0,46870.0,15.7,0.0,24.0,0.0,0.0
19147.0,48992.0,11.6,0.0,15.6,0.0,0.0
19149.0,61929.0,8.3,0.0,10.2,0.0,1.0
19153.0,60436.0,11.9,0.0,14.7,0.0,1.0
19155.0,52927.0,13.5,0.0,18.7,0.0,1.0
19157.0,52861.0,10.9,0.0,12.6,0.0,0.0
19161.0,52506.0,10.9,0.0,14.3,0.0,0.0
19163.0,58160.0,12.4,0.0,16.7,0.0,1.0
19165.0,54614.0,9.2,0.0,11.3,0.0,0.0
19167.0,62875.0,7.6,0.0,8.0,0.0,0.0
19169.0,51706.0,18.6,0.0,9.5,0.0,1.0
19171.0,59226.0,11.2,0.0,16.5,0.0,0.0
19175.0,45010.0,14.3,0.0,19.6,0.0,0.0
19177.0,43653.0,15.8,0.0,24.7,0.0,0.0
19179.0,44738.0,16.0,0.0,22.1,0.0,0.0
19181.0,67728.0,7.8,0.0,8.9,0.0,1.0
19183.0,55283.0,10.9,0.0,14.9,0.0,1.0
19187.0,44922.0,14.6,0.0,19.6,0.0,0.0
19189.0,48408.0,10.8,0.0,15.0,0.0,0.0
19191.0,59096.0,9.5,0.0,9.5,0.0,0.0
19193.0,50774.0,14.0,0.0,19.6,0.0,1.0
19197.0,49882.0,12.6,0.0,18.2,0.0,0.0
20009.0,50558.0,14.4,0.0,20.1,0.0,0.0
20015.0,61473.0,10.6,0.0,12.8,0.0,1.0
20021.0,39842.0,18.0,0.0,27.8,0.0,0.0
20035.0,47851.0,15.3,0.0,21.4,0.0,0.0
20037.0,38139.0,19.1,0.0,24.5,0.0,0.0
20045.0,52447.0,19.4,0.0,13.2,0.0,1.0
20051.0,49192.0,12.0,0.0,12.2,0.0,0.0
20055.0,53245.0,14.6,0.0,20.5,0.0,0.0
20061.0,45590.0,11.9,0.0,20.1,0.0,0.0
20079.0,55470.0,9.4,0.0,13.5,0.0,1.0
20085.0,51662.0,11.3,0.0,14.2,0.0,1.0
20087.0,59080.0,9.1,0.0,13.9,0.0,1.0
20091.0,83007.0,5.5,0.0,6.5,0.0,1.0
20099.0,42323.0,18.2,0.0,27.3,0.0,0.0
20103.0,61465.0,10.7,0.0,13.1,0.0,1.0
20111.0,39562.0,17.5,0.0,18.9,0.0,0.0
20113.0,61356.0,7.6,0.0,10.0,0.0,0.0
20115.0,51196.0,10.9,0.0,14.4,0.0,0.0
20121.0,62375.0,8.8,0.0,11.4,0.0,1.0
20125.0,43289.0,19.9,0.0,27.6,0.0,0.0
20133.0,40744.0,18.9,0.0,28.1,0.0,0.0
20139.0,48364.0,12.7,0.0,17.1,0.0,1.0
20149.0,60601.0,8.1,0.0,10.6,0.0,1.0
20155.0,47178.0,13.1,0.0,17.9,0.0,0.0
20161.0,46690.0,23.4,0.0,15.5,0.0,1.0
20169.0,47052.0,14.3,0.0,21.7,0.0,0.0
20173.0,50995.0,15.2,0.0,20.7,0.0,1.0
20175.0,45807.0,15.0,0.0,18.2,0.0,0.0
20177.0,51316.0,14.2,0.0,19.9,0.0,1.0
20191.0,51451.0,11.7,0.0,17.6,0.0,1.0
20201.0,46153.0,10.7,0.0,13.2,0.0,0.0
20209.0,41746.0,21.9,0.0,32.1,0.0,1.0
21001.0,32007.0,27.2,0.0,41.0,0.0,0.0
21009.0,40017.0,19.3,0.0,28.7,1.0,0.0
21011.0,35143.0,24.9,1.0,37.8,1.0,0.0
21013.0,23968.0,44.7,1.0,56.8,1.0,0.0
21015.0,68804.0,8.2,0.0,10.5,0.0,1.0
21017.0,46370.0,14.8,0.0,24.4,0.0,1.0
21019.0,43406.0,20.5,0.0,29.4,0.0,1.0
21021.0,40459.0,17.2,0.0,24.9,0.0,0.0
21025.0,28196.0,32.9,1.0,42.9,1.0,0.0
21027.0,42347.0,19.0,0.0,25.6,0.0,0.0
21029.0,54755.0,9.6,0.0,14.5,0.0,1.0
21031.0,39545.0,21.6,0.0,31.3,0.0,1.0
21033.0,39355.0,18.8,0.0,29.4,0.0,0.0
21035.0,40585.0,21.1,0.0,24.1,0.0,0.0
21037.0,51694.0,14.4,0.0,17.8,0.0,1.0
21039.0,43144.0,14.8,0.0,25.2,0.0,0.0
21043.0,37204.0,19.7,0.0,29.4,1.0,0.0
21045.0,33576.0,25.1,1.0,38.2,1.0,0.0
21047.0,39840.0,20.3,0.0,28.9,0.0,1.0
21049.0,54812.0,15.4,0.0,23.9,0.0,1.0
21051.0,24001.0,46.8,1.0,53.0,1.0,0.0
21057.0,30989.0,24.8,1.0,36.2,1.0,0.0
21059.0,48724.0,14.9,0.0,20.9,0.0,1.0
21061.0,38673.0,20.0,0.0,28.6,0.0,1.0
21063.0,30299.0,34.4,1.0,40.3,1.0,0.0
21065.0,32541.0,28.2,1.0,38.8,1.0,0.0
21067.0,51963.0,19.1,0.0,22.6,0.0,1.0
21069.0,47030.0,20.0,0.0,31.8,0.0,0.0
21071.0,30888.0,29.5,1.0,43.1,1.0,0.0
21073.0,50471.0,13.7,0.0,22.5,0.0,0.0
21075.0,30798.0,30.4,1.0,47.6,1.0,0.0
21081.0,45307.0,16.4,0.0,27.0,0.0,1.0
21083.0,39515.0,16.3,0.0,27.4,0.0,0.0
21085.0,37057.0,22.9,0.0,32.5,1.0,0.0
21089.0,45690.0,16.8,0.0,23.5,0.0,1.0
21093.0,49637.0,15.0,0.0,21.6,0.0,1.0
21095.0,27425.0,35.5,1.0,47.7,1.0,0.0
21097.0,47040.0,16.2,0.0,24.4,0.0,0.0
21099.0,34764.0,22.0,1.0,31.1,1.0,0.0
21101.0,45718.0,17.0,0.0,24.2,0.0,1.0
21107.0,44750.0,18.4,0.0,26.6,0.0,0.0
21109.0,30565.0,31.2,1.0,41.0,1.0,0.0
21111.0,51230.0,15.4,0.0,22.4,0.0,1.0
21113.0,49839.0,18.3,0.0,23.8,0.0,1.0
21115.0,36051.0,25.9,1.0,34.4,1.0,0.0
21117.0,52631.0,12.8,0.0,18.2,0.0,1.0
21119.0,30138.0,33.8,1.0,46.4,1.0,0.0
21121.0,28578.0,32.0,1.0,45.2,1.0,0.0
21125.0,37737.0,23.0,1.0,33.1,1.0,0.0
21127.0,36276.0,25.0,1.0,34.3,1.0,0.0
21129.0,26201.0,34.7,1.0,50.2,1.0,0.0
21131.0,28722.0,33.7,1.0,39.4,0.0,0.0
21135.0,33867.0,24.7,1.0,35.6,1.0,0.0
21137.0,37220.0,21.2,1.0,31.4,1.0,0.0
21139.0,44551.0,15.3,0.0,25.0,0.0,0.0
21141.0,43795.0,15.5,0.0,24.3,0.0,0.0
21145.0,47184.0,15.2,0.0,24.6,0.0,0.0
21147.0,25655.0,41.5,1.0,51.9,1.0,0.0
21149.0,44007.0,17.3,0.0,26.0,0.0,1.0
21151.0,46342.0,18.2,0.0,20.1,0.0,0.0
21153.0,29921.0,32.6,1.0,45.1,1.0,0.0
21155.0,41189.0,20.5,0.0,27.6,1.0,0.0
21157.0,49771.0,12.1,0.0,19.5,0.0,0.0
21159.0,29198.0,40.0,1.0,45.3,1.0,0.0
21161.0,37071.0,19.5,0.0,29.3,1.0,0.0
21163.0,51111.0,13.5,0.0,20.3,0.0,1.0
21165.0,34299.0,26.8,1.0,43.5,1.0,0.0
21167.0,46346.0,15.1,0.0,21.9,0.0,0.0
21171.0,31603.0,25.3,1.0,37.8,1.0,0.0
21173.0,42468.0,21.5,0.0,29.9,0.0,0.0
21175.0,31489.0,31.3,1.0,40.9,1.0,0.0
21177.0,40272.0,19.4,0.0,26.2,0.0,0.0
21179.0,51843.0,12.5,0.0,18.8,0.0,0.0
21185.0,84415.0,6.2,0.0,6.7,0.0,1.0
21187.0,43686.0,16.9,0.0,25.4,0.0,0.0
21189.0,23341.0,42.4,1.0,61.6,1.0,0.0
21193.0,31740.0,28.5,1.0,37.2,1.0,0.0
21195.0,34315.0,25.0,0.0,32.0,1.0,0.0
21197.0,34510.0,26.0,1.0,39.3,1.0,0.0
21199.0,40702.0,23.0,0.0,31.7,1.0,0.0
21203.0,33293.0,22.9,1.0,32.4,1.0,0.0
21205.0,36597.0,27.2,1.0,32.4,1.0,0.0
21207.0,31968.0,24.6,1.0,35.8,1.0,0.0
21209.0,63775.0,13.1,0.0,18.1,0.0,1.0
21211.0,60189.0,11.5,0.0,17.1,0.0,1.0
21213.0,45496.0,16.0,0.0,26.2,0.0,0.0
21217.0,35700.0,23.0,0.0,33.8,1.0,0.0
21225.0,45239.0,20.7,0.0,20.7,0.0,0.0
21227.0,45964.0,18.0,0.0,22.9,0.0,1.0
21231.0,29826.0,28.0,1.0,40.3,1.0,0.0
21233.0,44245.0,18.1,0.0,24.9,0.0,0.0
21235.0,31903.0,29.2,1.0,38.9,1.0,0.0
21237.0,27196.0,30.7,1.0,50.4,1.0,0.0
21239.0,57862.0,11.6,0.0,17.0,0.0,1.0
22001.0,42033.0,23.7,1.0,32.5,1.0,1.0
22003.0,42120.0,20.4,0.0,24.3,1.0,0.0
22005.0,74852.0,10.7,0.0,14.8,0.0,1.0
22007.0,48516.0,16.8,0.0,25.2,1.0,0.0
22009.0,34803.0,25.3,1.0,34.7,1.0,0.0
22011.0,48206.0,19.5,0.0,24.8,0.0,0.0
22013.0,34565.0,25.4,1.0,37.4,1.0,0.0
22015.0,55403.0,14.5,0.0,20.4,0.0,1.0
22017.0,41081.0,22.2,0.0,34.8,1.0,1.0
22019.0,46523.0,17.5,0.0,26.0,0.0,1.0
22029.0,33068.0,29.5,1.0,41.6,1.0,0.0
22033.0,50389.0,18.5,0.0,26.5,0.0,1.0
22039.0,33407.0,25.7,1.0,32.1,1.0,0.0
22041.0,33845.0,25.4,1.0,40.7,1.0,0.0
22045.0,45039.0,20.8,0.0,32.7,0.0,1.0
22047.0,42000.0,22.3,0.0,30.7,1.0,1.0
22051.0,49503.0,16.3,0.0,27.1,0.0,1.0
22053.0,43677.0,20.3,0.0,27.2,1.0,0.0
22055.0,52411.0,17.0,0.0,20.7,0.0,1.0
22057.0,53482.0,14.1,0.0,20.0,0.0,1.0
22063.0,58774.0,13.5,0.0,17.6,0.0,1.0
22067.0,31777.0,31.1,1.0,50.0,1.0,0.0
22069.0,33786.0,29.6,1.0,36.2,1.0,0.0
22071.0,38640.0,24.0,1.0,38.2,1.0,1.0
22073.0,38453.0,23.0,1.0,33.1,1.0,1.0
22075.0,49122.0,17.3,0.0,19.7,0.0,1.0
22077.0,42919.0,19.3,0.0,29.2,1.0,1.0
22079.0,42758.0,21.6,0.0,31.7,1.0,1.0
22083.0,34588.0,24.7,1.0,37.3,1.0,0.0
22085.0,42196.0,18.1,1.0,25.9,1.0,0.0
22087.0,41540.0,20.4,0.0,30.3,0.0,1.0
22089.0,61601.0,11.8,0.0,17.4,0.0,1.0
22091.0,36602.0,19.9,1.0,34.0,1.0,1.0
22093.0,52258.0,18.3,0.0,26.6,1.0,1.0
22095.0,50596.0,20.5,0.0,29.9,0.0,1.0
22097.0,33503.0,27.0,1.0,37.2,1.0,0.0
22099.0,45435.0,18.3,0.0,27.9,1.0,1.0
22101.0,40945.0,19.7,0.0,28.3,1.0,0.0
22103.0,63499.0,12.5,0.0,17.3,0.0,1.0
22105.0,41768.0,24.0,1.0,35.0,1.0,1.0
22109.0,44450.0,20.1,0.0,24.9,0.0,1.0
22111.0,38741.0,21.9,0.0,34.3,1.0,1.0
22113.0,46807.0,18.1,0.0,23.6,0.0,1.0
22115.0,44733.0,17.5,0.0,23.3,0.0,0.0
22117.0,33453.0,26.2,1.0,36.9,1.0,0.0
22119.0,34566.0,25.9,0.0,40.0,1.0,1.0
22121.0,55074.0,15.1,0.0,22.1,1.0,1.0
22123.0,35484.0,22.7,1.0,32.1,1.0,0.0
23001.0,48930.0,15.0,0.0,21.8,0.0,1.0
23003.0,37104.0,18.4,0.0,21.8,0.0,0.0
23005.0,63191.0,10.7,0.0,12.2,0.0,1.0
23007.0,42859.0,14.6,0.0,21.4,0.0,0.0
23009.0,48601.0,11.5,0.0,16.2,0.0,0.0
23011.0,50408.0,13.1,0.0,18.0,0.0,0.0
23013.0,47489.0,11.4,0.0,17.9,0.0,0.0
23015.0,50152.0,14.1,0.0,20.2,0.0,0.0
23017.0,42674.0,17.0,0.0,25.6,0.0,0.0
23019.0,44647.0,17.1,0.0,19.1,0.0,1.0
23021.0,36463.0,19.1,0.0,30.5,0.0,0.0
23023.0,55645.0,11.2,0.0,17.2,0.0,1.0
23025.0,40165.0,18.7,0.0,25.9,0.0,0.0
23027.0,43198.0,14.4,0.0,21.3,0.0,0.0
23029.0,35576.0,18.8,0.0,28.8,1.0,0.0
23031.0,61340.0,8.3,0.0,11.4,0.0,1.0
24001.0,39859.0,20.0,0.0,27.1,0.0,1.0
24003.0,90825.0,6.0,0.0,8.1,0.0,1.0
24005.0,68317.0,9.1,0.0,11.9,0.0,1.0
24009.0,98937.0,5.9,0.0,8.1,0.0,1.0
24011.0,51294.0,14.4,0.0,22.9,0.0,0.0
24013.0,84506.0,6.2,0.0,7.2,0.0,1.0
24015.0,68972.0,10.0,0.0,14.8,0.0,1.0
24017.0,87941.0,7.1,0.0,10.4,0.0,1.0
24019.0,44664.0,18.1,0.0,29.8,0.0,0.0
24021.0,83746.0,7.4,0.0,9.0,0.0,1.0
24023.0,46469.0,13.6,0.0,19.3,0.0,0.0
24025.0,77992.0,7.8,0.0,10.3,0.0,1.0
24027.0,110224.0,5.2,0.0,6.5,0.0,1.0
24029.0,52274.0,14.8,0.0,21.6,0.0,0.0
24031.0,98314.0,7.5,0.0,10.5,0.0,1.0
24033.0,76366.0,9.5,0.0,14.2,0.0,1.0
24035.0,83914.0,7.2,0.0,10.5,0.0,1.0
24037.0,83148.0,8.7,0.0,12.7,0.0,1.0
24041.0,62018.0,10.4,0.0,15.9,0.0,0.0
24043.0,55270.0,12.0,0.0,17.8,0.0,1.0
24045.0,52153.0,14.7,0.0,21.7,0.0,1.0
24047.0,53366.0,11.3,0.0,20.7,0.0,1.0
24510.0,43192.0,22.7,1.0,33.9,1.0,1.0
25001.0,65735.0,7.6,0.0,11.5,0.0,1.0
25003.0,50646.0,14.3,0.0,19.6,0.0,1.0
25005.0,59839.0,12.6,0.0,17.3,0.0,1.0
25009.0,68237.0,11.5,0.0,16.6,0.0,1.0
25011.0,57325.0,11.8,0.0,16.9,0.0,0.0
25013.0,51415.0,17.1,0.0,27.4,0.0,1.0
25015.0,60853.0,15.3,0.0,11.6,0.0,1.0
25017.0,90025.0,7.6,0.0,8.2,0.0,1.0
25021.0,93187.0,7.1,0.0,6.4,0.0,1.0
25023.0,74736.0,9.7,0.0,12.4,0.0,1.0
25025.0,56530.0,19.8,0.0,29.3,1.0,1.0
25027.0,65621.0,12.1,0.0,15.2,0.0,1.0
26001.0,37618.0,15.8,0.0,30.8,0.0,0.0
26003.0,43341.0,14.6,0.0,21.0,0.0,0.0
26005.0,55611.0,11.2,0.0,15.1,0.0,0.0
26007.0,40665.0,16.2,0.0,24.6,0.0,0.0
26009.0,49118.0,14.2,0.0,24.1,0.0,0.0
26011.0,37120.0,20.1,0.0,30.5,0.0,0.0
26013.0,42389.0,17.3,0.0,24.3,0.0,0.0
26015.0,57665.0,9.3,0.0,14.0,0.0,1.0
26017.0,46256.0,14.5,0.0,20.8,0.0,1.0
26021.0,46588.0,17.1,0.0,26.2,0.0,1.0
26023.0,47146.0,14.9,0.0,23.7,0.0,0.0
26025.0,43864.0,16.1,0.0,24.0,0.0,1.0
26027.0,49889.0,14.8,0.0,22.5,0.0,1.0
26029.0,48267.0,11.6,0.0,18.3,0.0,0.0
26031.0,41036.0,17.6,0.0,28.4,0.0,0.0
26033.0,42473.0,19.7,0.0,27.4,0.0,0.0
26035.0,33250.0,24.7,0.0,38.8,1.0,0.0
26037.0,65051.0,10.0,0.0,10.8,0.0,1.0
26039.0,40907.0,17.2,0.0,31.2,0.0,0.0
26041.0,43020.0,14.8,0.0,20.8,0.0,0.0
26043.0,47616.0,12.3,0.0,17.8,0.0,0.0
26045.0,56760.0,10.9,0.0,15.7,0.0,1.0
26047.0,49774.0,11.0,0.0,15.7,0.0,0.0
26049.0,44181.0,20.5,0.0,30.2,0.0,1.0
26051.0,40746.0,19.8,0.0,32.2,0.0,0.0
26053.0,38416.0,18.6,0.0,27.5,0.0,0.0
26055.0,54874.0,8.5,0.0,12.3,0.0,0.0
26057.0,42800.0,16.5,0.0,20.6,0.0,0.0
26059.0,46786.0,16.6,0.0,24.6,0.0,0.0
26061.0,41775.0,17.4,0.0,18.4,0.0,0.0
26063.0,45917.0,11.7,0.0,18.9,0.0,0.0
26065.0,47470.0,21.0,0.0,24.1,0.0,1.0
26067.0,51013.0,14.2,0.0,17.7,0.0,0.0
26069.0,39874.0,16.1,0.0,32.3,0.0,0.0
26071.0,36570.0,14.6,0.0,25.5,0.0,0.0
26073.0,41957.0,26.1,0.0,20.0,0.0,0.0
26075.0,50683.0,16.2,0.0,25.2,0.0,1.0
26077.0,52252.0,16.0,0.0,19.0,0.0,1.0
26079.0,42829.0,16.5,0.0,27.5,0.0,0.0
26081.0,54550.0,14.5,0.0,19.1,0.0,1.0
26085.0,32971.0,24.8,0.0,45.2,1.0,0.0
26087.0,57774.0,10.0,0.0,14.7,0.0,1.0
26089.0,61397.0,7.9,0.0,13.4,0.0,0.0
26091.0,49013.0,14.3,0.0,20.9,0.0,0.0
26093.0,76934.0,6.5,0.0,7.8,0.0,1.0
26097.0,40091.0,16.1,0.0,26.1,0.0,0.0
26099.0,54939.0,11.7,0.0,16.8,0.0,1.0
26101.0,41811.0,15.0,0.0,25.8,0.0,0.0
26103.0,48108.0,15.0,0.0,17.9,0.0,0.0
26105.0,43620.0,16.8,0.0,26.9,0.0,0.0
26107.0,41755.0,21.3,0.0,29.6,0.0,0.0
26109.0,42591.0,16.9,0.0,26.8,0.0,0.0
26111.0,59248.0,11.5,0.0,15.0,0.0,1.0
26113.0,42836.0,17.5,0.0,26.2,0.0,0.0
26115.0,56161.0,10.6,0.0,14.6,0.0,1.0
26117.0,41728.0,17.9,0.0,26.9,0.0,1.0
26121.0,46709.0,16.1,0.0,23.4,0.0,1.0
26123.0,45086.0,16.3,0.0,23.1,0.0,0.0
26125.0,70150.0,9.3,0.0,11.7,0.0,1.0
26127.0,43211.0,17.2,0.0,28.9,0.0,0.0
26129.0,37057.0,19.4,0.0,34.2,0.0,0.0
26131.0,37508.0,14.6,0.0,30.3,0.0,0.0
26133.0,41782.0,18.7,0.0,29.9,0.0,0.0
26137.0,50420.0,12.1,0.0,19.2,0.0,0.0
26139.0,61429.0,8.6,0.0,9.2,0.0,1.0
26143.0,38516.0,19.2,0.0,40.3,0.0,0.0
26145.0,43344.0,18.6,0.0,27.7,0.0,1.0
26147.0,51183.0,12.8,0.0,18.9,0.0,1.0
26149.0,46667.0,14.7,0.0,22.3,0.0,0.0
26151.0,41861.0,16.7,0.0,24.8,0.0,0.0
26153.0,36741.0,15.9,0.0,24.8,0.0,0.0
26155.0,50807.0,12.4,0.0,19.6,0.0,0.0
26157.0,45800.0,15.5,0.0,25.1,0.0,0.0
26159.0,47806.0,15.7,0.0,22.8,0.0,1.0
26161.0,62401.0,14.2,0.0,13.4,0.0,1.0
26163.0,41585.0,24.8,0.0,37.0,1.0,1.0
26165.0,42922.0,14.8,0.0,25.2,0.0,0.0
29007.0,42480.0,18.7,0.0,26.9,0.0,0.0
29009.0,37467.0,20.7,0.0,29.7,0.0,0.0
29013.0,45887.0,14.1,0.0,22.5,0.0,1.0
29019.0,50865.0,17.7,0.0,14.6,0.0,1.0
29021.0,48294.0,17.3,0.0,23.7,0.0,1.0
29023.0,35509.0,23.4,0.0,36.7,1.0,0.0
29027.0,50514.0,13.9,0.0,21.2,0.0,1.0
29029.0,49393.0,14.9,0.0,26.1,0.0,0.0
29031.0,49615.0,16.4,0.0,19.4,0.0,1.0
29037.0,62996.0,9.2,0.0,12.3,0.0,1.0
29043.0,54044.0,10.4,0.0,14.3,0.0,1.0
29047.0,65106.0,7.8,0.0,9.7,0.0,1.0
29049.0,59655.0,10.4,0.0,15.1,0.0,1.0
29051.0,56393.0,11.9,0.0,16.2,0.0,1.0
29055.0,38491.0,19.4,0.0,28.6,0.0,0.0
29069.0,31920.0,27.6,1.0,39.0,1.0,0.0
29071.0,50438.0,11.4,0.0,16.3,0.0,1.0
29073.0,47717.0,12.1,0.0,19.2,0.0,0.0
29077.0,43885.0,17.7,0.0,21.4,0.0,1.0
29091.0,36604.0,19.9,0.0,30.0,1.0,0.0
29095.0,48364.0,17.6,0.0,25.0,0.0,1.0
29097.0,43724.0,16.0,0.0,22.6,0.0,1.0
29099.0,58747.0,10.5,0.0,13.6,0.0,1.0
29101.0,44109.0,16.3,0.0,17.2,0.0,0.0
29105.0,40741.0,17.4,0.0,25.9,0.0,0.0
29107.0,50325.0,12.2,0.0,18.0,0.0,1.0
29109.0,41619.0,18.3,0.0,27.3,0.0,0.0
29113.0,54584.0,11.3,0.0,15.4,0.0,1.0
29119.0,37939.0,20.1,0.0,31.0,1.0,1.0
29123.0,35745.0,19.3,0.0,29.6,1.0,0.0
29127.0,41297.0,17.7,0.0,23.4,0.0,0.0
29131.0,40077.0,18.7,0.0,27.3,0.0,0.0
29133.0,33283.0,26.6,1.0,38.0,1.0,0.0
29135.0,50525.0,14.7,0.0,20.4,0.0,1.0
29141.0,39219.0,23.1,0.0,33.1,1.0,0.0
29143.0,36386.0,23.9,1.0,36.9,1.0,0.0
29145.0,46125.0,14.5,0.0,20.7,0.0,1.0
29155.0,29621.0,28.0,1.0,41.3,1.0,0.0
29159.0,42137.0,15.1,0.0,22.5,0.0,0.0
29161.0,40676.0,19.1,0.0,25.1,0.0,0.0
29165.0,72548.0,7.6,0.0,9.5,0.0,1.0
29169.0,46756.0,16.2,0.0,17.5,0.0,0.0
29183.0,74009.0,6.3,0.0,7.8,0.0,1.0
29185.0,35128.0,22.6,0.0,36.2,1.0,0.0
29187.0,41222.0,18.2,0.0,25.4,0.0,0.0
29189.0,61569.0,10.3,0.0,14.0,0.0,1.0
29195.0,41958.0,16.5,0.0,22.4,0.0,0.0
29201.0,40285.0,18.1,0.0,25.8,1.0,0.0
29207.0,38773.0,19.0,0.0,26.4,0.0,0.0
29209.0,42186.0,14.8,0.0,25.8,0.0,0.0
29213.0,39320.0,16.0,0.0,25.0,0.0,0.0
29215.0,34935.0,23.3,1.0,33.4,1.0,0.0
29219.0,51933.0,12.3,0.0,18.8,0.0,1.0
29225.0,43418.0,19.2,0.0,30.1,0.0,1.0
29229.0,32634.0,24.1,1.0,37.5,1.0,0.0
29510.0,37948.0,25.5,1.0,39.3,1.0,1.0
30003.0,41008.0,31.0,1.0,39.5,1.0,0.0
30005.0,34667.0,29.6,1.0,40.4,1.0,0.0
30009.0,49389.0,11.7,0.0,15.0,0.0,1.0
30013.0,45597.0,14.4,0.0,19.2,0.0,1.0
30029.0,48063.0,14.0,0.0,18.8,0.0,0.0
30031.0,57358.0,10.9,0.0,9.9,0.0,0.0
30041.0,44178.0,21.2,0.0,24.8,0.0,0.0
30047.0,39383.0,20.8,0.0,29.2,1.0,0.0
30049.0,56755.0,12.2,0.0,15.1,0.0,0.0
30053.0,37281.0,20.3,0.0,32.2,0.0,0.0
30063.0,44998.0,15.8,0.0,16.8,0.0,1.0
30081.0,48468.0,14.9,0.0,22.9,0.0,0.0
30083.0,68196.0,7.0,0.0,10.2,0.0,0.0
30085.0,39147.0,24.3,0.0,32.7,1.0,0.0
30087.0,51732.0,18.8,0.0,25.0,1.0,0.0
30089.0,36564.0,18.7,0.0,28.3,0.0,0.0
30093.0,42658.0,16.7,0.0,21.9,0.0,0.0
30111.0,57326.0,10.4,0.0,14.1,0.0,1.0
31001.0,48579.0,12.7,0.0,16.3,0.0,0.0
31003.0,48546.0,12.2,0.0,16.7,0.0,0.0
31011.0,54070.0,9.2,0.0,12.7,0.0,0.0
31017.0,46856.0,12.6,0.0,19.5,0.0,0.0
31019.0,55813.0,13.0,0.0,12.0,0.0,0.0
31021.0,49792.0,11.6,0.0,16.6,0.0,0.0
31025.0,66519.0,7.1,0.0,9.8,0.0,1.0
31027.0,56092.0,9.4,0.0,12.4,0.0,0.0
31033.0,57255.0,9.0,0.0,11.1,0.0,0.0
31035.0,51431.0,10.2,0.0,14.7,0.0,0.0
31039.0,56995.0,9.9,0.0,13.0,0.0,0.0
31041.0,51014.0,11.6,0.0,16.1,0.0,0.0
31047.0,47991.0,12.6,0.0,16.7,0.0,0.0
31053.0,48969.0,11.6,0.0,15.1,0.0,0.0
31055.0,58405.0,14.5,0.0,20.0,0.0,1.0
31065.0,40032.0,13.4,0.0,18.4,0.0,0.0
31067.0,50746.0,10.2,0.0,15.0,0.0,0.0
31079.0,50093.0,13.5,0.0,19.5,0.0,1.0
31089.0,50434.0,11.9,0.0,15.9,0.0,0.0
31101.0,46888.0,10.9,0.0,19.0,0.0,0.0
31107.0,45566.0,13.7,0.0,20.1,1.0,0.0
31109.0,54422.0,13.5,0.0,14.1,0.0,1.0
31111.0,53856.0,12.3,0.0,16.3,0.0,0.0
31119.0,51330.0,13.8,0.0,17.6,0.0,0.0
31131.0,53015.0,10.6,0.0,14.3,0.0,0.0
31141.0,58554.0,8.3,0.0,11.3,0.0,0.0
31145.0,49308.0,11.8,0.0,15.9,0.0,0.0
31151.0,55850.0,10.0,0.0,13.3,0.0,0.0
31153.0,73856.0,5.8,0.0,7.5,0.0,1.0
31155.0,61025.0,8.8,0.0,11.3,0.0,1.0
31157.0,43428.0,15.1,0.0,22.8,0.0,0.0
31159.0,62455.0,7.5,0.0,7.6,0.0,1.0
31161.0,47005.0,14.3,0.0,23.4,0.0,0.0
31173.0,42290.0,25.6,1.0,35.6,1.0,0.0
31175.0,49929.0,12.2,0.0,16.2,0.0,0.0
31185.0,59500.0,10.1,0.0,14.2,0.0,0.0
32001.0,54134.0,13.1,0.0,19.3,0.0,0.0
32003.0,51624.0,15.4,0.0,22.6,0.0,1.0
32005.0,63620.0,9.4,0.0,15.2,0.0,0.0
32007.0,76518.0,9.9,0.0,12.6,0.0,0.0
32019.0,51934.0,13.8,0.0,22.6,0.0,0.0
32023.0,43819.0,17.5,0.0,28.6,0.0,0.0
32031.0,56457.0,13.8,0.0,18.3,0.0,1.0
32510.0,47015.0,16.4,0.0,23.1,0.0,1.0
33001.0,63377.0,8.8,0.0,13.5,0.0,0.0
33003.0,54351.0,9.6,0.0,17.7,0.0,0.0
33005.0,60339.0,9.9,0.0,14.0,0.0,0.0
33007.0,40286.0,16.1,0.0,23.4,0.0,0.0
33009.0,57827.0,11.2,0.0,14.9,0.0,0.0
33011.0,73474.0,8.0,0.0,10.2,0.0,1.0
33013.0,68148.0,8.3,0.0,10.7,0.0,0.0
33015.0,87103.0,5.2,0.0,6.5,0.0,1.0
33017.0,60931.0,11.4,0.0,13.6,0.0,1.0
33019.0,53804.0,11.2,0.0,17.5,0.0,0.0
35001.0,47870.0,19.0,0.0,25.0,0.0,1.0
35005.0,39265.0,21.1,0.0,28.8,1.0,0.0
35006.0,35580.0,29.2,1.0,37.9,1.0,0.0
35007.0,37269.0,19.7,0.0,29.8,1.0,0.0
35009.0,41879.0,21.7,0.0,29.3,1.0,0.0
35013.0,39421.0,25.7,1.0,38.8,1.0,1.0
35015.0,60407.0,12.3,0.0,17.1,0.0,0.0
35017.0,39792.0,20.5,0.0,30.1,0.0,0.0
35025.0,54686.0,14.3,0.0,18.3,0.0,0.0
35027.0,40297.0,17.8,0.0,32.3,1.0,0.0
35029.0,27151.0,30.9,1.0,41.2,1.0,0.0
35031.0,29040.0,34.1,1.0,39.2,1.0,0.0
35035.0,38381.0,23.0,0.0,33.6,0.0,0.0
35039.0,37319.0,24.2,0.0,30.6,1.0,0.0
35043.0,62833.0,11.2,0.0,15.7,0.0,1.0
35045.0,49173.0,18.8,0.0,23.5,1.0,1.0
35049.0,55247.0,13.1,0.0,18.6,0.0,1.0
35053.0,33673.0,23.5,1.0,40.7,1.0,0.0
35055.0,37092.0,19.9,1.0,32.0,1.0,0.0
35057.0,35950.0,26.2,0.0,36.7,1.0,1.0
35061.0,42395.0,19.8,0.0,27.0,0.0,1.0
36001.0,57312.0,12.6,0.0,16.4,0.0,1.0
36003.0,44331.0,16.8,0.0,25.6,0.0,0.0
36005.0,35102.0,30.3,1.0,42.6,1.0,1.0
36007.0,46067.0,17.7,0.0,23.2,0.0,1.0
36009.0,40933.0,18.0,0.0,26.1,0.0,0.0
36011.0,51925.0,12.7,0.0,20.3,0.0,0.0
36013.0,43973.0,17.2,0.0,28.2,0.0,0.0
36015.0,51285.0,14.9,0.0,23.2,0.0,1.0
36017.0,49082.0,14.3,0.0,23.3,0.0,0.0
36019.0,46747.0,17.5,0.0,22.3,0.0,0.0
36021.0,58335.0,13.6,0.0,19.4,0.0,0.0
36023.0,49894.0,16.2,0.0,20.0,0.0,0.0
36025.0,42907.0,16.9,0.0,27.1,0.0,0.0
36027.0,71348.0,10.4,0.0,12.9,0.0,1.0
36029.0,52176.0,15.6,0.0,24.3,0.0,1.0
36031.0,52282.0,12.2,0.0,19.3,0.0,0.0
36033.0,45682.0,18.3,0.0,26.2,0.0,0.0
36035.0,46543.0,17.9,0.0,26.9,0.0,0.0
36037.0,53771.0,13.4,0.0,19.4,0.0,0.0
36039.0,48144.0,16.4,0.0,24.3,0.0,0.0
36043.0,49504.0,12.7,0.0,20.3,0.0,1.0
36045.0,50179.0,14.1,0.0,21.1,0.0,1.0
36047.0,51026.0,22.3,1.0,31.5,1.0,1.0
36049.0,50846.0,14.0,0.0,22.4,0.0,0.0
36051.0,53945.0,13.2,0.0,16.4,0.0,1.0
36053.0,58094.0,12.9,0.0,18.1,0.0,1.0
36055.0,54204.0,14.8,0.0,22.0,0.0,1.0
36057.0,44414.0,18.4,0.0,27.9,0.0,0.0
36059.0,101568.0,6.1,0.0,8.4,0.0,1.0
36061.0,75136.0,17.6,0.0,24.9,1.0,1.0
36063.0,48517.0,15.5,0.0,23.3,0.0,1.0
36065.0,47390.0,18.0,0.0,29.8,0.0,1.0
36067.0,57114.0,14.6,0.0,20.8,0.0,1.0
36069.0,58085.0,9.6,0.0,13.7,0.0,1.0
36071.0,71162.0,12.1,0.0,20.1,0.0,1.0
36073.0,48126.0,14.2,0.0,22.6,0.0,1.0
36075.0,49391.0,17.4,0.0,25.2,0.0,1.0
36077.0,47942.0,16.8,0.0,19.9,0.0,0.0
36079.0,90497.0,6.0,0.0,6.5,0.0,1.0
36081.0,60241.0,13.9,0.0,19.6,0.0,1.0
36083.0,60117.0,12.0,0.0,18.2,0.0,1.0
36085.0,71058.0,14.2,0.0,18.3,0.0,1.0
36087.0,84249.0,14.0,0.0,23.0,0.0,1.0
36089.0,42811.0,18.5,0.0,23.4,0.0,0.0
36091.0,75029.0,6.4,0.0,8.5,0.0,1.0
36093.0,59432.0,12.0,0.0,18.3,0.0,1.0
36095.0,50588.0,13.7,0.0,21.2,0.0,1.0
36099.0,49813.0,14.1,0.0,21.2,0.0,0.0
36101.0,47352.0,15.4,0.0,22.7,0.0,0.0
36103.0,87634.0,7.8,0.0,10.7,0.0,1.0
36105.0,49161.0,18.1,0.0,29.2,0.0,0.0
36107.0,57541.0,11.7,0.0,17.8,0.0,1.0
36109.0,55839.0,20.1,0.0,16.8,0.0,1.0
36111.0,58328.0,14.0,0.0,18.3,0.0,1.0
36113.0,54492.0,11.3,0.0,17.0,0.0,1.0
36115.0,51188.0,13.3,0.0,20.4,0.0,1.0
36117.0,51273.0,12.2,0.0,16.9,0.0,1.0
36119.0,85688.0,10.1,0.0,13.1,0.0,1.0
36121.0,52796.0,13.3,0.0,17.3,0.0,0.0
37001.0,41566.0,18.9,0.0,26.1,0.0,1.0
37003.0,41092.0,15.5,0.0,22.3,0.0,1.0
37005.0,36113.0,22.9,0.0,35.9,1.0,0.0
37007.0,35307.0,25.2,0.0,35.6,0.0,0.0
37009.0,35238.0,20.2,0.0,31.8,0.0,0.0
37011.0,37120.0,19.7,0.0,29.9,0.0,0.0
37013.0,41725.0,19.2,0.0,33.3,1.0,0.0
37015.0,31967.0,24.8,1.0,35.9,1.0,0.0
37017.0,33882.0,25.4,1.0,35.2,1.0,0.0
37019.0,48831.0,14.3,0.0,24.5,0.0,1.0
37021.0,45094.0,15.2,0.0,23.2,0.0,1.0
37023.0,42711.0,16.7,0.0,23.6,0.0,1.0
37025.0,57881.0,10.8,0.0,15.2,0.0,1.0
37027.0,39636.0,16.2,0.0,23.9,0.0,1.0
37031.0,50837.0,13.8,0.0,22.7,0.0,0.0
37033.0,40504.0,20.1,0.0,29.8,0.0,0.0
37035.0,41745.0,15.1,0.0,20.8,0.0,1.0
37037.0,58860.0,11.6,0.0,18.0,0.0,1.0
37039.0,38284.0,18.3,0.0,30.9,0.0,0.0
37041.0,40794.0,19.4,0.0,33.0,1.0,0.0
37045.0,40237.0,19.8,0.0,29.4,0.0,0.0
37047.0,34478.0,24.0,1.0,34.1,1.0,0.0
37049.0,47805.0,15.0,0.0,24.2,0.0,1.0
37051.0,42380.0,18.8,0.0,27.6,0.0,1.0
37055.0,53585.0,10.3,0.0,17.8,0.0,0.0
37057.0,46400.0,14.1,0.0,21.3,0.0,1.0
37059.0,52525.0,12.3,0.0,18.4,0.0,1.0
37061.0,38397.0,24.9,0.0,34.1,1.0,0.0
37063.0,53875.0,17.1,0.0,26.0,0.0,1.0
37065.0,32529.0,27.8,0.0,42.6,1.0,1.0
37067.0,47346.0,18.1,0.0,28.5,0.0,1.0
37069.0,48009.0,16.0,0.0,22.5,0.0,1.0
37071.0,45031.0,17.3,0.0,25.0,0.0,1.0
37075.0,33827.0,21.0,0.0,32.6,0.0,0.0
37077.0,50314.0,16.0,0.0,21.8,0.0,0.0
37081.0,48283.0,15.7,0.0,23.5,0.0,1.0
37083.0,31952.0,27.9,1.0,39.1,1.0,0.0
37085.0,48301.0,17.7,0.0,23.8,0.0,0.0
37087.0,43573.0,17.6,0.0,27.3,0.0,1.0
37089.0,47280.0,13.1,0.0,21.1,0.0,1.0
37091.0,34453.0,26.9,0.0,37.6,1.0,0.0
37093.0,42819.0,19.9,0.0,28.5,1.0,1.0
37097.0,55848.0,14.2,0.0,19.3,0.0,1.0
37099.0,41537.0,20.9,0.0,27.3,0.0,0.0
37101.0,52681.0,13.0,0.0,18.7,0.0,1.0
37103.0,39688.0,21.4,0.0,36.5,0.0,1.0
37105.0,44294.0,17.1,0.0,25.8,0.0,0.0
37107.0,37085.0,22.7,0.0,36.9,1.0,0.0
37109.0,49343.0,13.4,0.0,20.4,0.0,1.0
37111.0,37430.0,18.8,0.0,26.8,0.0,0.0
37113.0,41395.0,16.9,0.0,29.4,0.0,0.0
37117.0,36543.0,22.5,1.0,36.3,1.0,0.0
37119.0,57029.0,14.3,0.0,19.1,0.0,1.0
37123.0,39096.0,19.9,0.0,31.3,0.0,0.0
37125.0,52139.0,13.2,0.0,21.1,0.0,0.0
37127.0,43450.0,18.1,0.0,25.9,0.0,1.0
37129.0,52456.0,17.3,0.0,22.1,0.0,1.0
37131.0,33301.0,26.8,1.0,45.3,1.0,0.0
37133.0,46144.0,15.3,0.0,21.5,0.0,1.0
37135.0,61570.0,14.3,0.0,13.1,0.0,1.0
37137.0,41004.0,14.6,0.0,32.3,1.0,1.0
37139.0,42171.0,19.1,0.0,29.5,1.0,0.0
37141.0,49390.0,14.8,0.0,21.9,0.0,1.0
37145.0,43917.0,16.3,0.0,24.0,0.0,1.0
37147.0,41909.0,25.9,1.0,30.6,1.0,1.0
37149.0,45672.0,13.5,0.0,24.1,0.0,0.0
37151.0,43216.0,16.4,0.0,25.0,0.0,1.0
37153.0,33017.0,28.7,0.0,42.8,0.0,0.0
37155.0,32128.0,30.6,1.0,41.9,1.0,0.0
37157.0,40148.0,18.4,0.0,26.3,0.0,1.0
37159.0,44862.0,17.3,0.0,26.5,0.0,1.0
37161.0,36998.0,19.2,0.0,29.6,0.0,0.0
37163.0,40660.0,21.4,0.0,29.5,1.0,0.0
37165.0,35447.0,29.0,0.0,44.4,0.0,0.0
37167.0,44878.0,17.1,0.0,25.1,0.0,0.0
37169.0,42889.0,15.3,0.0,22.8,0.0,1.0
37171.0,38408.0,18.2,0.0,27.0,0.0,0.0
37173.0,36103.0,16.2,0.0,26.0,1.0,0.0
37175.0,45792.0,15.4,0.0,29.6,0.0,0.0
37179.0,71690.0,9.7,0.0,12.7,0.0,1.0
37181.0,32698.0,24.6,0.0,37.3,1.0,0.0
37183.0,70629.0,11.1,0.0,14.7,0.0,1.0
37185.0,34149.0,27.3,0.0,37.1,1.0,0.0
37187.0,35146.0,23.4,1.0,40.9,1.0,0.0
37189.0,41762.0,25.3,0.0,18.9,0.0,0.0
37191.0,41161.0,18.4,0.0,28.1,0.0,1.0
37193.0,40647.0,18.7,0.0,27.4,0.0,0.0
37195.0,41276.0,19.9,0.0,30.3,1.0,0.0
37197.0,41208.0,16.3,0.0,24.9,0.0,1.0
37199.0,36418.0,19.3,0.0,29.2,1.0,0.0
38003.0,51053.0,12.4,0.0,13.5,0.0,0.0
38005.0,39969.0,27.9,1.0,39.0,1.0,0.0
38011.0,62892.0,7.6,0.0,7.7,0.0,0.0
38015.0,66057.0,9.0,0.0,8.5,0.0,1.0
38017.0,55946.0,10.7,0.0,10.0,0.0,1.0
38021.0,56325.0,10.3,0.0,14.3,0.0,0.0
38029.0,46952.0,13.9,0.0,16.2,0.0,0.0
38035.0,52022.0,14.3,0.0,13.8,0.0,1.0
38053.0,82906.0,8.4,0.0,10.2,0.0,0.0
38055.0,62480.0,10.0,0.0,12.0,0.0,0.0
38059.0,64260.0,7.8,0.0,10.7,0.0,1.0
38061.0,65606.0,11.2,0.0,14.6,1.0,0.0
38063.0,48196.0,11.6,0.0,16.5,0.0,0.0
38067.0,58683.0,8.8,0.0,11.2,0.0,0.0
38071.0,51607.0,12.0,0.0,16.8,0.0,0.0
38077.0,56942.0,10.2,0.0,11.5,0.0,0.0
38079.0,37634.0,25.5,1.0,31.7,1.0,0.0
38089.0,76844.0,7.5,0.0,8.0,0.0,0.0
38093.0,54925.0,11.4,0.0,14.2,0.0,0.0
38099.0,51749.0,10.8,0.0,13.3,0.0,0.0
38101.0,61170.0,8.4,0.0,9.6,0.0,0.0
38105.0,89860.0,7.8,0.0,9.3,0.0,0.0
40001.0,31572.0,28.4,1.0,42.7,1.0,0.0
40009.0,51394.0,13.9,0.0,18.2,0.0,0.0
40011.0,43540.0,16.3,0.0,25.3,0.0,0.0
40013.0,40875.0,18.1,0.0,25.9,1.0,0.0
40015.0,43548.0,21.3,1.0,27.7,1.0,0.0
40017.0,63291.0,9.8,0.0,11.2,0.0,1.0
40019.0,45287.0,16.3,0.0,23.2,0.0,0.0
40021.0,40600.0,21.5,1.0,28.6,1.0,0.0
40027.0,59417.0,11.5,0.0,12.8,0.0,1.0
40031.0,46821.0,15.1,0.0,20.7,0.0,1.0
40037.0,47395.0,15.7,0.0,21.9,0.0,1.0
40039.0,47745.0,17.9,0.0,20.4,0.0,0.0
40041.0,38840.0,20.5,0.0,32.8,1.0,0.0
40047.0,49070.0,14.5,0.0,20.2,0.0,0.0
40049.0,46139.0,14.2,0.0,20.3,0.0,0.0
40051.0,53208.0,13.1,0.0,17.7,0.0,1.0
40063.0,37676.0,20.1,1.0,28.9,1.0,0.0
40071.0,43373.0,18.7,0.0,27.0,0.0,0.0
40073.0,59462.0,10.6,0.0,13.4,0.0,0.0
40079.0,38261.0,19.3,0.0,27.4,1.0,1.0
40081.0,46976.0,14.7,0.0,20.5,0.0,1.0
40087.0,56700.0,10.7,0.0,14.2,0.0,1.0
40089.0,31723.0,25.3,1.0,32.3,1.0,0.0
40091.0,35775.0,21.3,0.0,31.9,1.0,0.0
40095.0,41312.0,17.1,0.0,25.5,1.0,0.0
40097.0,46373.0,18.5,0.0,25.9,0.0,0.0
40101.0,40340.0,21.1,0.0,27.6,1.0,0.0
40109.0,49750.0,16.2,0.0,23.5,0.0,1.0
40111.0,39825.0,22.5,0.0,32.2,1.0,1.0
40113.0,46093.0,16.3,0.0,23.9,0.0,1.0
40117.0,45184.0,16.0,0.0,23.6,0.0,1.0
40119.0,41747.0,22.7,0.0,18.0,0.0,0.0
40121.0,43257.0,17.0,0.0,23.3,0.0,0.0
40123.0,44798.0,15.4,0.0,20.6,0.0,0.0
40125.0,43587.0,17.0,0.0,22.6,0.0,0.0
40127.0,34910.0,21.1,1.0,30.6,1.0,0.0
40131.0,63263.0,10.0,0.0,13.8,0.0,1.0
40133.0,39102.0,20.7,0.0,30.5,1.0,0.0
40135.0,36718.0,24.4,0.0,32.7,1.0,1.0
40137.0,47949.0,15.6,0.0,21.9,0.0,0.0
40139.0,51092.0,11.4,0.0,15.8,0.0,0.0
40141.0,38247.0,23.1,1.0,30.2,1.0,0.0
40143.0,51366.0,15.9,0.0,22.6,0.0,1.0
40145.0,57948.0,10.2,0.0,14.7,0.0,1.0
40147.0,52056.0,13.5,0.0,19.7,0.0,0.0
40153.0,60290.0,11.8,0.0,16.1,0.0,0.0
42001.0,60558.0,8.5,0.0,13.5,0.0,1.0
42003.0,54412.0,12.2,0.0,16.5,0.0,1.0
42005.0,44893.0,12.6,0.0,19.2,0.0,1.0
42007.0,50131.0,13.1,0.0,20.3,0.0,1.0
42009.0,45988.0,13.9,0.0,19.0,0.0,0.0
42011.0,56167.0,12.6,0.0,19.9,0.0,1.0
42013.0,44880.0,15.3,0.0,22.5,0.0,1.0
42015.0,49367.0,13.0,0.0,19.8,0.0,0.0
42017.0,80512.0,6.3,0.0,7.8,0.0,1.0
42019.0,67892.0,9.5,0.0,11.3,0.0,1.0
42021.0,43786.0,14.9,0.0,21.5,0.0,1.0
42025.0,52121.0,11.5,0.0,18.8,0.0,1.0
42027.0,55084.0,16.1,0.0,12.2,0.0,1.0
42029.0,90555.0,6.0,0.0,7.4,0.0,1.0
42031.0,39988.0,17.4,0.0,21.3,0.0,0.0
42033.0,44336.0,16.6,0.0,26.2,0.0,0.0
42035.0,45897.0,16.0,0.0,22.3,0.0,0.0
42037.0,44763.0,15.0,0.0,18.5,0.0,1.0
42039.0,45989.0,15.3,0.0,23.5,0.0,0.0
42041.0,63926.0,7.3,0.0,10.4,0.0,1.0
42043.0,54198.0,13.6,0.0,23.4,0.0,1.0
42045.0,67184.0,10.4,0.0,14.4,0.0,1.0
42047.0,47826.0,9.3,0.0,14.2,0.0,0.0
42049.0,47118.0,17.1,0.0,26.3,0.0,1.0
42051.0,40293.0,20.1,0.0,31.2,1.0,1.0
42055.0,56975.0,9.4,0.0,14.9,0.0,1.0
42059.0,50714.0,15.1,0.0,21.5,0.0,0.0
42061.0,44875.0,14.3,0.0,20.7,0.0,0.0
42063.0,45448.0,18.2,0.0,22.3,0.0,0.0
42065.0,45499.0,14.6,0.0,21.9,0.0,0.0
42069.0,48000.0,15.3,0.0,22.4,0.0,1.0
42071.0,59231.0,10.6,0.0,15.5,0.0,1.0
42073.0,43944.0,17.5,0.0,26.6,0.0,0.0
42075.0,52829.0,11.6,0.0,17.4,0.0,1.0
42077.0,56352.0,12.1,0.0,19.1,0.0,1.0
42079.0,49589.0,15.1,0.0,23.9,0.0,1.0
42081.0,49941.0,14.8,0.0,23.1,0.0,1.0
42083.0,46039.0,16.9,0.0,25.6,0.0,0.0
42085.0,46319.0,14.2,0.0,24.0,0.0,1.0
42087.0,42296.0,15.4,0.0,26.4,0.0,0.0
42089.0,57152.0,12.7,0.0,17.6,0.0,1.0
42091.0,83258.0,6.6,0.0,7.5,0.0,1.0
42095.0,62129.0,8.8,0.0,13.4,0.0,1.0
42097.0,44221.0,13.1,0.0,20.2,0.0,0.0
42099.0,54818.0,9.6,0.0,14.3,0.0,1.0
42101.0,41210.0,25.4,1.0,38.4,1.0,1.0
42103.0,60436.0,10.9,0.0,17.1,0.0,1.0
42105.0,41754.0,14.3,0.0,23.6,0.0,0.0
42107.0,45733.0,13.0,0.0,19.0,0.0,0.0
42109.0,49803.0,11.7,0.0,18.0,0.0,0.0
42111.0,43608.0,14.4,0.0,21.8,0.0,0.0
42115.0,50141.0,12.6,0.0,19.6,0.0,0.0
42117.0,48186.0,13.1,0.0,18.9,0.0,0.0
42119.0,57862.0,12.4,0.0,13.6,0.0,0.0
42121.0,44916.0,13.5,0.0,23.2,0.0,0.0
42123.0,45362.0,12.2,0.0,22.7,0.0,0.0
42125.0,57622.0,10.1,0.0,13.8,0.0,1.0
42127.0,49927.0,13.3,0.0,20.7,0.0,0.0
42129.0,53422.0,11.3,0.0,15.5,0.0,1.0
42131.0,51797.0,11.1,0.0,17.7,0.0,1.0
42133.0,58527.0,10.4,0.0,15.2,0.0,1.0
44001.0,75324.0,9.3,0.0,9.7,0.0,1.0
44003.0,65332.0,8.7,0.0,12.5,0.0,1.0
44005.0,66096.0,11.1,0.0,13.8,0.0,1.0
44007.0,50364.0,17.2,0.0,25.7,0.0,1.0
44009.0,71951.0,9.9,0.0,11.3,0.0,1.0
45001.0,35932.0,19.1,0.0,26.2,0.0,0.0
45003.0,48012.0,18.1,0.0,27.1,0.0,1.0
45005.0,27089.0,41.0,1.0,50.6,1.0,0.0
45007.0,44745.0,17.2,0.0,25.1,0.0,1.0
45011.0,33280.0,27.3,0.0,38.2,1.0,0.0
45013.0,60071.0,12.9,0.0,21.3,0.0,1.0
45015.0,55876.0,13.0,0.0,18.7,0.0,1.0
45019.0,56244.0,14.9,0.0,22.9,1.0,1.0
45021.0,37098.0,20.3,0.0,29.7,0.0,0.0
45023.0,35006.0,25.7,0.0,38.0,1.0,1.0
45025.0,36520.0,23.5,0.0,33.7,1.0,0.0
45027.0,34654.0,25.4,1.0,38.1,1.0,0.0
45029.0,33745.0,23.1,1.0,36.7,1.0,0.0
45031.0,36719.0,21.5,0.0,33.4,1.0,1.0
45033.0,31094.0,31.2,1.0,42.8,1.0,0.0
45035.0,55595.0,13.6,0.0,18.8,0.0,1.0
45041.0,41197.0,20.3,0.0,28.7,1.0,1.0
45043.0,44395.0,19.3,0.0,32.0,1.0,0.0
45045.0,52017.0,13.8,0.0,17.7,0.0,1.0
45047.0,42240.0,19.1,0.0,26.2,0.0,0.0
45049.0,30772.0,23.6,1.0,35.1,1.0,0.0
45051.0,47083.0,16.7,0.0,29.6,0.0,1.0
45053.0,37231.0,23.2,1.0,40.1,1.0,1.0
45055.0,48233.0,15.5,0.0,23.3,0.0,1.0
45057.0,47279.0,14.4,0.0,21.0,0.0,1.0
45059.0,39731.0,18.9,0.0,30.7,0.0,1.0
45063.0,55413.0,13.2,0.0,19.1,0.0,1.0
45067.0,30528.0,24.4,1.0,41.1,1.0,0.0
45069.0,32485.0,28.2,1.0,37.9,1.0,0.0
45071.0,41120.0,19.1,0.0,28.5,0.0,0.0
45073.0,44819.0,18.0,0.0,25.1,0.0,0.0
45075.0,37651.0,24.0,1.0,36.8,1.0,0.0
45077.0,44091.0,18.1,0.0,19.4,0.0,1.0
45079.0,51065.0,15.8,0.0,22.3,0.0,1.0
45083.0,45768.0,15.0,0.0,21.5,0.0,1.0
45085.0,41058.0,19.6,0.0,29.8,1.0,1.0
45089.0,28943.0,33.6,1.0,43.3,1.0,0.0
45091.0,57302.0,12.5,0.0,17.1,0.0,1.0
47001.0,44488.0,19.7,0.0,30.0,0.0,1.0
47003.0,44734.0,17.0,0.0,24.7,0.0,0.0
47005.0,36201.0,20.5,0.0,32.2,0.0,0.0
47009.0,49532.0,13.1,0.0,19.3,0.0,1.0
47011.0,43772.0,18.1,0.0,23.8,0.0,1.0
47013.0,33092.0,26.2,1.0,39.4,1.0,1.0
47017.0,38412.0,21.1,0.0,31.1,0.0,0.0
47019.0,35053.0,23.6,0.0,33.1,1.0,1.0
47021.0,56447.0,10.6,0.0,16.3,0.0,1.0
47023.0,43452.0,19.0,0.0,26.5,0.0,1.0
47025.0,35193.0,21.6,1.0,33.1,1.0,0.0
47029.0,31355.0,26.4,1.0,40.1,1.0,0.0
47031.0,44452.0,15.9,0.0,24.2,0.0,0.0
47035.0,39472.0,16.7,0.0,27.5,1.0,0.0
47037.0,51999.0,17.1,0.0,26.5,0.0,1.0
47039.0,38771.0,19.4,0.0,28.7,0.0,0.0
47041.0,43804.0,20.2,0.0,30.9,0.0,0.0
47043.0,47621.0,16.4,0.0,23.3,0.0,1.0
47045.0,43391.0,22.5,0.0,31.3,0.0,0.0
47047.0,56710.0,13.8,0.0,21.5,0.0,1.0
47049.0,31824.0,25.7,1.0,36.3,1.0,0.0
47051.0,47286.0,15.0,0.0,21.7,0.0,0.0
47053.0,40789.0,15.7,0.0,23.4,0.0,0.0
47055.0,42207.0,16.1,0.0,24.3,0.0,0.0
47057.0,38103.0,18.7,0.0,27.9,1.0,1.0
47059.0,36309.0,18.0,0.0,25.2,0.0,0.0
47061.0,33595.0,26.1,1.0,36.6,1.0,0.0
47063.0,39566.0,19.0,0.0,26.3,0.0,1.0
47065.0,48943.0,15.2,0.0,21.7,0.0,1.0
47069.0,37729.0,24.2,0.0,31.1,1.0,0.0
47071.0,36765.0,22.7,0.0,31.9,1.0,0.0
47073.0,38708.0,21.2,0.0,30.6,0.0,1.0
47077.0,41328.0,17.5,0.0,25.0,0.0,0.0
47079.0,38328.0,19.1,0.0,30.8,0.0,0.0
47081.0,39682.0,20.4,0.0,29.3,0.0,1.0
47085.0,43657.0,15.9,0.0,25.2,0.0,0.0
47089.0,42669.0,16.8,0.0,25.6,0.0,1.0
47091.0,33402.0,27.2,1.0,34.9,1.0,0.0
47093.0,52136.0,15.6,0.0,19.8,0.0,1.0
47097.0,34715.0,26.2,0.0,35.1,1.0,0.0
47099.0,40076.0,18.9,0.0,28.7,0.0,0.0
47103.0,43694.0,16.0,0.0,25.3,0.0,0.0
47105.0,52787.0,13.5,0.0,22.0,0.0,1.0
47107.0,39207.0,23.0,0.0,31.6,0.0,0.0
47109.0,37337.0,18.9,0.0,27.6,0.0,0.0
47111.0,37865.0,18.5,0.0,30.0,0.0,1.0
47113.0,46694.0,18.1,0.0,28.8,0.0,1.0
47115.0,41090.0,19.0,0.0,28.5,0.0,1.0
47117.0,46788.0,13.8,0.0,20.5,0.0,0.0
47119.0,50868.0,13.2,0.0,19.4,0.0,1.0
47123.0,37867.0,18.6,0.0,28.9,0.0,0.0
47125.0,49603.0,13.4,0.0,18.4,0.0,1.0
47129.0,46067.0,21.2,0.0,29.4,0.0,1.0
47131.0,39946.0,19.5,0.0,27.3,0.0,0.0
47133.0,36316.0,17.5,0.0,26.2,1.0,0.0
47139.0,38923.0,18.4,0.0,28.3,0.0,1.0
47141.0,40629.0,19.7,0.0,23.8,0.0,0.0
47143.0,39863.0,23.3,0.0,32.8,0.0,0.0
47145.0,43939.0,17.6,0.0,25.2,0.0,1.0
47147.0,53413.0,12.3,0.0,18.4,0.0,1.0
47149.0,60022.0,11.1,0.0,13.5,0.0,1.0
47151.0,33254.0,25.5,1.0,34.2,1.0,0.0
47155.0,41987.0,14.6,0.0,23.5,0.0,0.0
47157.0,46998.0,20.2,0.0,31.4,1.0,1.0
47159.0,44556.0,18.1,0.0,25.2,0.0,1.0
47163.0,42277.0,16.4,0.0,24.6,0.0,1.0
47165.0,59816.0,10.1,0.0,13.9,0.0,1.0
47167.0,54077.0,14.4,0.0,21.0,0.0,1.0
47171.0,36641.0,19.2,0.0,27.5,0.0,1.0
47177.0,39357.0,21.2,0.0,30.1,0.0,0.0
47179.0,45261.0,17.2,0.0,22.1,0.0,1.0
47181.0,34895.0,25.4,0.0,32.5,0.0,0.0
47183.0,38025.0,18.2,0.0,24.6,0.0,0.0
47185.0,38649.0,18.2,0.0,28.4,0.0,0.0
47187.0,104367.0,5.0,0.0,5.3,0.0,1.0
47189.0,65372.0,8.4,0.0,11.7,0.0,1.0
48001.0,43062.0,21.0,0.0,26.9,1.0,0.0
48005.0,45428.0,17.9,0.0,27.6,0.0,0.0
48013.0,49047.0,20.4,0.0,29.9,1.0,1.0
48015.0,57960.0,12.7,0.0,18.9,0.0,1.0
48021.0,56866.0,12.7,0.0,21.7,0.0,1.0
48027.0,48894.0,15.9,0.0,23.0,0.0,1.0
48029.0,52230.0,15.6,0.0,22.2,1.0,1.0
48035.0,47135.0,15.0,0.0,24.6,0.0,0.0
48037.0,42515.0,18.6,0.0,26.2,1.0,1.0
48039.0,71230.0,10.6,0.0,13.5,0.0,1.0
48041.0,44767.0,24.0,1.0,19.7,0.0,1.0
48049.0,41981.0,18.2,0.0,25.7,0.0,0.0
48061.0,34044.0,32.0,1.0,45.9,1.0,1.0
48067.0,39274.0,20.0,0.0,29.4,0.0,0.0
48071.0,77282.0,9.6,0.0,12.0,0.0,1.0
48073.0,41355.0,19.0,0.0,27.6,1.0,0.0
48085.0,86823.0,6.6,0.0,8.2,0.0,1.0
48089.0,47783.0,14.5,0.0,23.6,1.0,0.0
48091.0,68362.0,8.3,0.0,12.7,0.0,1.0
48097.0,54534.0,13.2,0.0,20.5,0.0,0.0
48099.0,45989.0,16.0,0.0,24.0,0.0,1.0
48113.0,51824.0,17.9,0.0,26.5,0.0,1.0
48121.0,75898.0,8.0,0.0,9.0,0.0,1.0
48133.0,41944.0,18.1,0.0,27.9,0.0,0.0
48135.0,62519.0,12.6,0.0,17.4,0.0,1.0
48139.0,66811.0,10.9,0.0,15.6,0.0,1.0
48141.0,43101.0,20.3,1.0,29.4,1.0,1.0
48157.0,95117.0,7.0,0.0,9.7,0.0,1.0
48167.0,66173.0,14.0,0.0,19.1,0.0,1.0
48181.0,48164.0,15.2,0.0,22.6,0.0,1.0
48183.0,48561.0,17.0,0.0,23.4,0.0,1.0
48187.0,64252.0,10.3,0.0,14.5,0.0,1.0
48189.0,41999.0,20.3,0.0,29.4,1.0,0.0
48199.0,56201.0,11.8,0.0,16.3,0.0,1.0
48201.0,56670.0,16.6,0.0,25.3,0.0,1.0
48203.0,46593.0,18.5,0.0,26.9,1.0,0.0
48207.0,36085.0,22.3,0.0,30.6,1.0,0.0
48209.0,61121.0,13.6,0.0,14.1,0.0,1.0
48213.0,44944.0,16.2,0.0,26.8,0.0,0.0
48215.0,35441.0,31.1,1.0,42.9,1.0,1.0
48217.0,44965.0,17.8,0.0,29.2,0.0,0.0
48221.0,61371.0,9.8,0.0,18.0,0.0,1.0
48231.0,46632.0,16.5,0.0,23.1,0.0,1.0
48233.0,53085.0,14.2,0.0,19.8,0.0,0.0
48241.0,46541.0,15.7,0.0,24.8,0.0,0.0
48245.0,47620.0,16.9,0.0,23.6,0.0,1.0
48249.0,43028.0,22.1,1.0,30.9,1.0,0.0
48251.0,58685.0,11.4,0.0,17.2,0.0,1.0
48257.0,60438.0,13.1,0.0,15.8,0.0,1.0
48265.0,47389.0,14.3,0.0,26.7,0.0,0.0
48273.0,40066.0,24.3,1.0,33.0,1.0,0.0
48277.0,39433.0,18.8,0.0,28.9,1.0,0.0
48279.0,41807.0,21.8,1.0,31.6,1.0,0.0
48289.0,47740.0,13.8,0.0,21.4,1.0,0.0
48291.0,53552.0,15.8,0.0,22.4,0.0,1.0
48293.0,40655.0,19.1,0.0,28.9,1.0,0.0
48303.0,47139.0,20.1,0.0,24.3,0.0,1.0
48309.0,46264.0,19.9,0.0,26.9,1.0,1.0
48323.0,34687.0,23.9,1.0,32.2,1.0,0.0
48325.0,52831.0,14.8,0.0,21.4,0.0,1.0
48329.0,79829.0,8.9,0.0,13.1,0.0,1.0
48331.0,46433.0,16.9,0.0,27.5,1.0,0.0
48339.0,72428.0,10.1,0.0,13.9,0.0,1.0
48341.0,49345.0,14.4,0.0,20.3,0.0,0.0
48343.0,37236.0,19.5,0.0,31.6,0.0,0.0
48347.0,39556.0,24.5,0.0,30.9,1.0,0.0
48349.0,41047.0,19.6,0.0,27.9,1.0,0.0
48355.0,50188.0,19.9,0.0,30.6,1.0,1.0
48361.0,51156.0,16.1,0.0,22.6,0.0,1.0
48365.0,50057.0,15.1,0.0,20.9,0.0,0.0
48367.0,67545.0,9.4,0.0,13.7,0.0,1.0
48371.0,45839.0,18.1,0.0,23.6,1.0,0.0
48373.0,42746.0,17.2,0.0,28.8,1.0,0.0
48375.0,40353.0,22.4,0.0,31.8,0.0,1.0
48381.0,62080.0,8.5,0.0,12.0,0.0,1.0
48395.0,53635.0,16.6,1.0,28.8,1.0,1.0
48397.0,92150.0,6.0,0.0,8.2,0.0,1.0
48401.0,49347.0,16.6,0.0,22.3,0.0,1.0
48409.0,52952.0,15.5,0.0,23.3,1.0,1.0
48419.0,41519.0,19.8,0.0,29.0,1.0,0.0
48423.0,49364.0,16.0,0.0,23.2,0.0,1.0
48427.0,28292.0,30.9,1.0,42.5,1.0,0.0
48439.0,60735.0,13.1,0.0,18.4,0.0,1.0
48441.0,47388.0,14.8,0.0,21.7,0.0,1.0
48449.0,41538.0,20.1,0.0,28.8,0.0,0.0
48451.0,47756.0,15.6,0.0,21.7,0.0,1.0
48453.0,65244.0,13.2,0.0,17.8,0.0,1.0
48459.0,45494.0,15.5,0.0,23.6,0.0,1.0
48465.0,42465.0,22.1,1.0,31.8,1.0,0.0
48467.0,47252.0,15.9,0.0,22.3,0.0,0.0
48469.0,55406.0,13.6,0.0,20.7,0.0,1.0
48471.0,41429.0,22.7,0.0,24.9,0.0,0.0
48479.0,39237.0,30.5,1.0,41.9,1.0,1.0
48481.0,45198.0,17.2,0.0,24.9,0.0,0.0
48485.0,45430.0,18.9,0.0,26.3,0.0,1.0
48491.0,78531.0,6.6,0.0,8.7,0.0,1.0
48493.0,68805.0,9.4,0.0,13.2,0.0,1.0
48497.0,58367.0,12.1,0.0,17.4,0.0,1.0
48499.0,45753.0,16.6,0.0,27.7,0.0,0.0
49001.0,50492.0,11.2,0.0,14.8,0.0,0.0
49003.0,58380.0,8.4,0.0,11.7,0.0,1.0
49005.0,51951.0,16.0,0.0,16.0,0.0,1.0
49007.0,47894.0,16.3,0.0,20.6,0.0,0.0
49011.0,72268.0,6.9,0.0,8.3,0.0,1.0
49013.0,63149.0,11.0,0.0,12.0,0.0,0.0
49015.0,54086.0,10.4,0.0,14.4,0.0,0.0
49017.0,45509.0,11.2,0.0,18.0,0.0,0.0
49021.0,45118.0,18.3,0.0,22.4,0.0,0.0
49027.0,52206.0,13.1,0.0,19.2,0.0,0.0
49035.0,65549.0,10.8,0.0,12.8,0.0,1.0
49037.0,39305.0,28.5,1.0,31.9,1.0,0.0
49039.0,46929.0,17.2,0.0,19.1,0.0,0.0
49041.0,48711.0,14.0,0.0,18.8,0.0,0.0
49043.0,93235.0,6.2,0.0,8.1,0.0,0.0
49045.0,67938.0,7.2,0.0,9.3,0.0,1.0
49047.0,67561.0,9.9,0.0,11.4,0.0,0.0
49049.0,65425.0,12.5,0.0,11.6,0.0,1.0
49051.0,75112.0,6.9,0.0,9.2,0.0,0.0
49053.0,54398.0,13.2,0.0,18.5,0.0,1.0
49057.0,58786.0,12.4,0.0,15.6,0.0,1.0
50001.0,58408.0,8.9,0.0,10.9,0.0,0.0
50003.0,50506.0,11.8,0.0,17.8,0.0,0.0
50005.0,46403.0,11.5,0.0,17.8,0.0,0.0
50007.0,67112.0,10.4,0.0,10.2,0.0,1.0
50011.0,59280.0,8.1,0.0,13.0,0.0,1.0
50015.0,54076.0,10.2,0.0,13.7,0.0,0.0
50017.0,54552.0,9.8,0.0,14.8,0.0,0.0
50019.0,42884.0,13.3,0.0,20.0,0.0,0.0
50021.0,51164.0,11.4,0.0,17.0,0.0,0.0
50023.0,56333.0,9.3,0.0,11.1,0.0,0.0
50025.0,49298.0,13.2,0.0,18.1,0.0,0.0
50027.0,53984.0,9.1,0.0,12.6,0.0,0.0
51001.0,38690.0,20.4,0.0,31.0,1.0,0.0
51009.0,48646.0,15.0,0.0,20.6,0.0,1.0
51013.0,104354.0,7.1,0.0,8.8,0.0,1.0
51019.0,54153.0,9.1,0.0,12.8,0.0,1.0
51041.0,75107.0,6.9,0.0,9.5,0.0,1.0
51047.0,63728.0,10.2,0.0,14.9,0.0,1.0
51061.0,89610.0,6.8,0.0,8.3,0.0,1.0
51067.0,49117.0,13.1,0.0,19.1,0.0,1.0
51071.0,46727.0,10.6,0.0,17.6,0.0,1.0
51073.0,63742.0,9.3,0.0,14.7,0.0,1.0
51083.0,40432.0,16.9,0.0,25.6,0.0,0.0
51085.0,81900.0,6.2,0.0,7.1,0.0,1.0
51087.0,65524.0,9.3,0.0,13.0,0.0,1.0
51093.0,67480.0,9.9,0.0,13.1,0.0,1.0
51105.0,32135.0,25.9,1.0,36.3,1.0,0.0
51107.0,125900.0,3.7,0.0,4.0,0.0,1.0
51109.0,57015.0,10.6,0.0,16.7,0.0,0.0
51117.0,33650.0,20.4,0.0,27.5,1.0,0.0
51137.0,59482.0,10.4,0.0,15.2,0.0,0.0
51139.0,43313.0,15.0,0.0,23.2,0.0,0.0
51141.0,37360.0,17.0,0.0,25.5,0.0,0.0
51147.0,41088.0,22.3,0.0,29.1,1.0,0.0
51155.0,48218.0,15.0,0.0,22.1,0.0,1.0
51169.0,37567.0,19.2,0.0,24.5,0.0,1.0
51171.0,54281.0,11.5,0.0,17.7,0.0,0.0
51173.0,38933.0,18.1,0.0,27.6,0.0,0.0
51179.0,95666.0,5.4,0.0,7.1,0.0,1.0
51185.0,40476.0,17.2,0.0,24.1,0.0,0.0
51197.0,42883.0,14.4,0.0,21.3,0.0,0.0
51550.0,67296.0,9.7,0.0,13.9,0.0,1.0
51650.0,50191.0,15.2,0.0,23.5,0.0,1.0
51700.0,48127.0,16.8,0.0,25.7,0.0,1.0
51710.0,45094.0,21.5,0.0,29.6,0.0,1.0
51740.0,46308.0,18.6,0.0,30.5,0.0,1.0
51760.0,40161.0,24.4,0.0,36.3,0.0,1.0
51770.0,39587.0,21.3,0.0,32.9,0.0,1.0
51800.0,61171.0,13.1,0.0,18.0,0.0,1.0
51810.0,67032.0,8.2,0.0,12.4,0.0,1.0
54003.0,54217.0,12.5,0.0,18.5,0.0,1.0
54005.0,37971.0,23.4,0.0,30.6,0.0,1.0
54007.0,35892.0,23.7,1.0,33.3,1.0,0.0
54009.0,45272.0,14.9,0.0,20.3,0.0,1.0
54011.0,39044.0,20.2,0.0,26.5,0.0,1.0
54015.0,30369.0,27.7,1.0,37.4,1.0,1.0
54019.0,36235.0,19.9,0.0,28.9,1.0,1.0
54021.0,36392.0,25.8,1.0,26.3,1.0,0.0
54025.0,38209.0,19.0,0.0,27.1,0.0,0.0
54027.0,40293.0,18.6,0.0,27.9,1.0,1.0
54029.0,42009.0,13.7,0.0,21.5,0.0,1.0
54033.0,46979.0,16.0,0.0,21.9,0.0,0.0
54035.0,44675.0,15.4,0.0,22.8,0.0,0.0
54037.0,67821.0,10.6,0.0,13.8,0.0,1.0
54039.0,44849.0,16.5,0.0,24.8,0.0,1.0
54043.0,35249.0,28.3,1.0,36.6,1.0,1.0
54045.0,35615.0,22.4,0.0,29.9,1.0,0.0
54047.0,26413.0,34.5,1.0,46.8,1.0,0.0
54049.0,43654.0,16.0,0.0,22.1,0.0,0.0
54051.0,48109.0,12.6,0.0,20.6,0.0,1.0
54053.0,35717.0,22.3,0.0,30.2,0.0,0.0
54055.0,35342.0,21.1,0.0,29.9,0.0,0.0
54057.0,43159.0,15.4,0.0,21.5,0.0,1.0
54059.0,31742.0,29.0,1.0,38.7,1.0,0.0
54061.0,46718.0,19.6,0.0,15.5,0.0,1.0
54063.0,34974.0,18.5,0.0,24.7,1.0,0.0
54067.0,38912.0,18.5,0.0,27.0,1.0,0.0
54069.0,46315.0,14.0,0.0,19.5,0.0,1.0
54075.0,36822.0,18.9,0.0,30.1,0.0,0.0
54077.0,43804.0,17.0,0.0,23.2,0.0,1.0
54079.0,58933.0,10.4,0.0,13.0,0.0,1.0
54081.0,38564.0,19.9,0.0,27.9,0.0,1.0
54083.0,37185.0,19.8,0.0,28.4,1.0,0.0
54087.0,36176.0,21.1,0.0,30.1,0.0,0.0
54097.0,40766.0,17.3,0.0,26.1,0.0,0.0
54099.0,35537.0,22.5,0.0,31.1,1.0,1.0
54101.0,30673.0,29.6,1.0,41.0,1.0,0.0
54103.0,41833.0,20.0,0.0,29.1,0.0,0.0
54107.0,41133.0,17.3,0.0,25.3,0.0,1.0
54109.0,35020.0,22.5,0.0,31.6,1.0,0.0
55003.0,40163.0,17.2,0.0,25.1,0.0,0.0
55005.0,51056.0,10.5,0.0,17.0,0.0,0.0
55007.0,50080.0,11.1,0.0,20.7,0.0,0.0
55009.0,56003.0,11.1,0.0,14.4,0.0,1.0
55013.0,44858.0,13.1,0.0,22.3,0.0,0.0
55015.0,71298.0,6.2,0.0,7.6,0.0,1.0
55017.0,53209.0,10.8,0.0,15.3,0.0,1.0
55019.0,50187.0,13.9,0.0,21.0,0.0,0.0
55021.0,60837.0,8.9,0.0,12.6,0.0,1.0
55023.0,44895.0,14.5,0.0,20.6,0.0,0.0
55025.0,65416.0,11.2,0.0,10.4,0.0,1.0
55027.0,56514.0,8.7,0.0,11.7,0.0,0.0
55029.0,55047.0,8.5,0.0,14.5,0.0,0.0
55031.0,48715.0,14.8,0.0,20.1,0.0,1.0
55033.0,53082.0,13.5,0.0,16.2,0.0,0.0
55035.0,51937.0,13.6,0.0,15.7,0.0,1.0
55039.0,58049.0,9.4,0.0,12.3,0.0,1.0
55041.0,44098.0,14.5,0.0,22.3,0.0,0.0
55043.0,51008.0,14.0,0.0,16.7,0.0,0.0
55045.0,59155.0,7.5,0.0,10.7,0.0,1.0
55047.0,49493.0,12.2,0.0,19.9,0.0,0.0
55049.0,58092.0,9.5,0.0,12.3,0.0,1.0
55051.0,42328.0,13.0,0.0,20.5,0.0,0.0
55053.0,50653.0,12.4,0.0,19.6,0.0,0.0
55055.0,61622.0,9.2,0.0,12.4,0.0,0.0
55057.0,46051.0,14.5,0.0,21.2,0.0,0.0
55059.0,56414.0,12.7,0.0,18.9,0.0,1.0
55061.0,60572.0,8.2,0.0,10.3,0.0,1.0
55063.0,51428.0,14.4,0.0,12.4,0.0,1.0
55067.0,44635.0,14.4,0.0,22.8,0.0,0.0
55069.0,51406.0,9.8,0.0,14.7,0.0,0.0
55071.0,51951.0,10.7,0.0,15.1,0.0,0.0
55073.0,56347.0,9.5,0.0,13.5,0.0,1.0
55075.0,48545.0,12.7,0.0,18.6,0.0,0.0
55079.0,45905.0,20.3,0.0,29.5,0.0,1.0
55081.0,52975.0,12.8,0.0,19.6,0.0,0.0
55083.0,53243.0,9.7,0.0,13.9,0.0,1.0
55085.0,50297.0,9.5,0.0,16.2,0.0,0.0
55087.0,60649.0,9.0,0.0,12.0,0.0,1.0
55089.0,80135.0,5.2,0.0,5.2,0.0,1.0
55093.0,63735.0,9.8,0.0,9.2,0.0,1.0
55095.0,54946.0,10.1,0.0,14.2,0.0,0.0
55097.0,57010.0,12.2,0.0,12.1,0.0,0.0
55099.0,44932.0,13.0,0.0,18.2,0.0,0.0
55101.0,57367.0,12.4,0.0,18.4,0.0,1.0
55105.0,54107.0,13.9,0.0,20.1,0.0,1.0
55107.0,42289.0,14.0,0.0,23.2,0.0,0.0
55109.0,74624.0,5.7,0.0,6.9,0.0,1.0
55111.0,52025.0,11.7,0.0,16.8,0.0,0.0
55113.0,44556.0,15.5,0.0,27.8,0.0,0.0
55115.0,50948.0,11.6,0.0,18.8,0.0,0.0
55117.0,58190.0,9.0,0.0,11.8,0.0,1.0
55119.0,48951.0,12.4,0.0,19.5,0.0,0.0
55121.0,53695.0,9.4,0.0,13.5,0.0,0.0
55123.0,49217.0,14.8,0.0,26.4,0.0,0.0
55125.0,42993.0,13.4,0.0,22.8,0.0,0.0
55127.0,58554.0,12.4,0.0,14.7,0.0,0.0
55129.0,45043.0,13.5,0.0,22.7,0.0,0.0
55131.0,70778.0,5.3,0.0,6.4,0.0,1.0
55133.0,78689.0,4.7,0.0,5.1,0.0,1.0
55135.0,54849.0,10.7,0.0,14.4,0.0,0.0
55137.0,49912.0,11.8,0.0,20.2,0.0,0.0
55139.0,52725.0,11.3,0.0,13.3,0.0,1.0
55141.0,51025.0,11.3,0.0,16.1,0.0,0.0
